﻿1,أَعُوذُ بِاللهِ مِنَ الشَّيْطَانِ الرَّجِيمِ, الحزب  (1),الجزء الأول
2,بِسْمِ اللَّهِ الرَّحْمَنِ الرَّحِيمِ, الحزب  (1),الجزء الأول
3,الْحَمْدُ لِلَّهِ رَبِّ الْعَالَمِينَ, الحزب  (1),الجزء الأول
4,الرَّحْمَنِ الرَّحِيمِ, الحزب  (1),الجزء الأول
5,مَالِكِ يَوْمِ الدِّينِ, الحزب  (1),الجزء الأول
6,إِيَّاكَ نَعْبُدُ وَإِيَّاكَ نَسْتَعِينُ, الحزب  (1),الجزء الأول
7,اهْدِنَا الصِّرَاطَ الْمُسْتَقِيمَ, الحزب  (1),الجزء الأول
8,صِرَاطَ الَّذِينَ أَنْعَمْتَ عَلَيْهِمْ غَيْرِ الْمَغْضُوبِ عَلَيْهِمْ وَلَا الضَّالِّينَ, الحزب  (1),الجزء الأول
