﻿1,بسْمِ اللَّهِ الرَّحْمَنِ الرَّحِيمِ , نصف الحزب (60),الجزء الثلاثون
2,وَالْعَادِيَاتِ ضَبْحًا , نصف الحزب (60),الجزء الثلاثون
3,فَالْمُورِيَاتِ قَدْحًا , نصف الحزب (60),الجزء الثلاثون
4,فَالْمُغِيرَاتِ صُبْحًا , نصف الحزب (60),الجزء الثلاثون
5,فَأَثَرْنَ بِهِ نَقْعًا , نصف الحزب (60),الجزء الثلاثون
6,فَوَسَطْنَ بِهِ جَمْعًا , نصف الحزب (60),الجزء الثلاثون
7,إِنَّ الْإِنسَانَ لِرَبِّهِ لَكَنُودٌ , نصف الحزب (60),الجزء الثلاثون
8,وَإِنَّهُ عَلَى ذَلِكَ لَشَهِيدٌ , نصف الحزب (60),الجزء الثلاثون
9,وَإِنَّهُ لِحُبِّ الْخَيْرِ لَشَدِيدٌ , نصف الحزب (60),الجزء الثلاثون
10,۞ أَفَلَا يَعْلَمُ إِذَا بُعْثِرَ مَا فِي الْقُبُورِ , ثلاثة أرباع الحزب (60),الجزء الثلاثون
11,وَحُصِّلَ مَا فِي الصُّدُورِ , ثلاثة أرباع الحزب (60),الجزء الثلاثون
12,إِنَّ رَبَّهُم بِهِمْ يَوْمَئِذٍ لَّخَبِيرٌ , ثلاثة أرباع الحزب (60),الجزء الثلاثون
