﻿1,بسْمِ اللَّهِ الرَّحْمَنِ الرَّحِيمِ , ثلاثة أرباع الحزب (60),الجزء الثلاثون
2,الْقَارِعَةُ , ثلاثة أرباع الحزب (60),الجزء الثلاثون
3,مَا الْقَارِعَةُ , ثلاثة أرباع الحزب (60),الجزء الثلاثون
4,وَمَا أَدْرَاكَ مَا الْقَارِعَةُ , ثلاثة أرباع الحزب (60),الجزء الثلاثون
5,يَوْمَ يَكُونُ النَّاسُ كَالْفَرَاشِ الْمَبْثُوثِ , ثلاثة أرباع الحزب (60),الجزء الثلاثون
6,وَتَكُونُ الْجِبَالُ كَالْعِهْنِ الْمَنفُوشِ , ثلاثة أرباع الحزب (60),الجزء الثلاثون
7,فَأَمَّا مَن ثَقُلَتْ مَوَازِينُهُ , ثلاثة أرباع الحزب (60),الجزء الثلاثون
8,فَهُوَ فِي عِيشَةٍ رَّاضِيَةٍ , ثلاثة أرباع الحزب (60),الجزء الثلاثون
9,وَأَمَّا مَنْ خَفَّتْ مَوَازِينُهُ , ثلاثة أرباع الحزب (60),الجزء الثلاثون
10,فَأُمُّهُ هَاوِيَةٌ , ثلاثة أرباع الحزب (60),الجزء الثلاثون
11,وَمَا أَدْرَاكَ مَا هِيَهْ , ثلاثة أرباع الحزب (60),الجزء الثلاثون
12,نَارٌ حَامِيَةٌ , ثلاثة أرباع الحزب (60),الجزء الثلاثون
