﻿1,بسْمِ اللَّهِ الرَّحْمَنِ الرَّحِيمِ , ثلاثة أرباع الحزب (60),الجزء الثلاثون
2,أَلْهَاكُمُ التَّكَاثُرُ , ثلاثة أرباع الحزب (60),الجزء الثلاثون
3,حَتَّى زُرْتُمُ الْمَقَابِرَ , ثلاثة أرباع الحزب (60),الجزء الثلاثون
4,كَلَّا سَوْفَ تَعْلَمُونَ , ثلاثة أرباع الحزب (60),الجزء الثلاثون
5,ثُمَّ كَلَّا سَوْفَ تَعْلَمُونَ , ثلاثة أرباع الحزب (60),الجزء الثلاثون
6,كَلَّا لَوْ تَعْلَمُونَ عِلْمَ الْيَقِينِ , ثلاثة أرباع الحزب (60),الجزء الثلاثون
7,لَتَرَوُنَّ الْجَحِيمَ , ثلاثة أرباع الحزب (60),الجزء الثلاثون
8,ثُمَّ لَتَرَوُنَّهَا عَيْنَ الْيَقِينِ , ثلاثة أرباع الحزب (60),الجزء الثلاثون
9,ثُمَّ لَتُسْأَلُنَّ يَوْمَئِذٍ عَنِ النَّعِيمِ , ثلاثة أرباع الحزب (60),الجزء الثلاثون
