﻿1,بسْمِ اللَّهِ الرَّحْمَنِ الرَّحِيمِ , ثلاثة أرباع الحزب (60),الجزء الثلاثون
2,وَيْلٌ لِّكُلِّ هُمَزَةٍ لُّمَزَةٍ , ثلاثة أرباع الحزب (60),الجزء الثلاثون
3,الَّذِي جَمَعَ مَالًا وَعَدَّدَهُ , ثلاثة أرباع الحزب (60),الجزء الثلاثون
4,يَحْسَبُ أَنَّ مَالَهُ أَخْلَدَهُ , ثلاثة أرباع الحزب (60),الجزء الثلاثون
5,كَلَّا لَيُنبَذَنَّ فِي الْحُطَمَةِ , ثلاثة أرباع الحزب (60),الجزء الثلاثون
6,وَمَا أَدْرَاكَ مَا الْحُطَمَةُ , ثلاثة أرباع الحزب (60),الجزء الثلاثون
7,نَارُ اللَّهِ الْمُوقَدَةُ , ثلاثة أرباع الحزب (60),الجزء الثلاثون
8,الَّتِي تَطَّلِعُ عَلَى الْأَفْئِدَةِ , ثلاثة أرباع الحزب (60),الجزء الثلاثون
9,إِنَّهَا عَلَيْهِم مُّؤْصَدَةٌ , ثلاثة أرباع الحزب (60),الجزء الثلاثون
10,فِي عَمَدٍ مُّمَدَّدَةٍ , ثلاثة أرباع الحزب (60),الجزء الثلاثون
