﻿1,بسْمِ اللَّهِ الرَّحْمَنِ الرَّحِيمِ , ثلاثة أرباع الحزب (60),الجزء الثلاثون
2,أَلَمْ تَرَ كَيْفَ فَعَلَ رَبُّكَ بِأَصْحَابِ الْفِيلِ , ثلاثة أرباع الحزب (60),الجزء الثلاثون
3,أَلَمْ يَجْعَلْ كَيْدَهُمْ فِي تَضْلِيلٍ , ثلاثة أرباع الحزب (60),الجزء الثلاثون
4,وَأَرْسَلَ عَلَيْهِمْ طَيْرًا أَبَابِيلَ , ثلاثة أرباع الحزب (60),الجزء الثلاثون
5,تَرْمِيهِم بِحِجَارَةٍ مِّن سِجِّيلٍ , ثلاثة أرباع الحزب (60),الجزء الثلاثون
6,فَجَعَلَهُمْ كَعَصْفٍ مَّأْكُولٍ , ثلاثة أرباع الحزب (60),الجزء الثلاثون
