﻿1,بسْمِ اللَّهِ الرَّحْمَنِ الرَّحِيمِ , ثلاثة أرباع الحزب (60),الجزء الثلاثون
2,لِإِيلَافِ قُرَيْشٍ , ثلاثة أرباع الحزب (60),الجزء الثلاثون
3,إِيلَافِهِمْ رِحْلَةَ الشِّتَاء وَالصَّيْفِ , ثلاثة أرباع الحزب (60),الجزء الثلاثون
4,فَلْيَعْبُدُوا رَبَّ هَذَا الْبَيْتِ , ثلاثة أرباع الحزب (60),الجزء الثلاثون
5,الَّذِي أَطْعَمَهُم مِّن جُوعٍ وَآمَنَهُم مِّنْ خَوْفٍ , ثلاثة أرباع الحزب (60),الجزء الثلاثون
