﻿1,بسْمِ اللَّهِ الرَّحْمَنِ الرَّحِيمِ , ثلاثة أرباع الحزب (60),الجزء الثلاثون
2,أَرَأَيْتَ الَّذِي يُكَذِّبُ بِالدِّينِ , ثلاثة أرباع الحزب (60),الجزء الثلاثون
3,فَذَلِكَ الَّذِي يَدُعُّ الْيَتِيمَ , ثلاثة أرباع الحزب (60),الجزء الثلاثون
4,وَلَا يَحُضُّ عَلَى طَعَامِ الْمِسْكِينِ , ثلاثة أرباع الحزب (60),الجزء الثلاثون
5,فَوَيْلٌ لِّلْمُصَلِّينَ , ثلاثة أرباع الحزب (60),الجزء الثلاثون
6,الَّذِينَ هُمْ عَن صَلَاتِهِمْ سَاهُونَ , ثلاثة أرباع الحزب (60),الجزء الثلاثون
7,الَّذِينَ هُمْ يُرَاؤُونَ , ثلاثة أرباع الحزب (60),الجزء الثلاثون
8,وَيَمْنَعُونَ الْمَاعُونَ , ثلاثة أرباع الحزب (60),الجزء الثلاثون
