﻿1,بسْمِ اللَّهِ الرَّحْمَنِ الرَّحِيمِ , ثلاثة أرباع الحزب (60),الجزء الثلاثون
2,قُلْ يَا أَيُّهَا الْكَافِرُونَ , ثلاثة أرباع الحزب (60),الجزء الثلاثون
3,لَا أَعْبُدُ مَا تَعْبُدُونَ , ثلاثة أرباع الحزب (60),الجزء الثلاثون
4,وَلَا أَنتُمْ عَابِدُونَ مَا أَعْبُدُ , ثلاثة أرباع الحزب (60),الجزء الثلاثون
5,وَلَا أَنَا عَابِدٌ مَّا عَبَدتُّمْ , ثلاثة أرباع الحزب (60),الجزء الثلاثون
6,وَلَا أَنتُمْ عَابِدُونَ مَا أَعْبُدُ , ثلاثة أرباع الحزب (60),الجزء الثلاثون
7,لَكُمْ دِينُكُمْ وَلِيَ دِينِ , ثلاثة أرباع الحزب (60),الجزء الثلاثون
