﻿1,بِسْمِ اللَّهِ الرَّحْمَنِ الرَّحِيم, ثلاثة أرباع الحزب (22),الجزء الحادي عشر
2,الر ۚ كِتَابٌ أُحْكِمَتْ آيَاتُهُ ثُمَّ فُصِّلَتْ مِنْ لَدُنْ حَكِيمٍ خَبِيرٍ , ثلاثة أرباع الحزب (22),الجزء الحادي عشر
3,أَلَّا تَعْبُدُوا إِلَّا اللَّهَ ۚ إِنَّنِي لَكُمْ مِنْهُ نَذِيرٌ وَبَشِيرٌ, ثلاثة أرباع الحزب (22),الجزء الحادي عشر
4,وَأَنِ اسْتَغْفِرُوا رَبَّكُمْ ثُمَّ تُوبُوا إِلَيْهِ يُمَتِّعْكُمْ مَتَاعًا حَسَنًا إِلَىٰ أَجَلٍ مُسَمًّى وَيُؤْتِ كُلَّ ذِي فَضْلٍ فَضْلَهُ ۖ وَإِنْ تَوَلَّوْا فَإِنِّي أَخَافُ عَلَيْكُمْ عَذَابَ يَوْمٍ كَبِيرٍ, ثلاثة أرباع الحزب (22),الجزء الحادي عشر
5,إِلَى اللَّهِ مَرْجِعُكُمْ ۖ وَهُوَ عَلَىٰ كُلِّ شَيْءٍ قَدِيرٌ, ثلاثة أرباع الحزب (22),الجزء الحادي عشر
6,أَلَا إِنَّهُمْ يَثْنُونَ صُدُورَهُمْ لِيَسْتَخْفُوا مِنْهُ ۚ أَلَا حِينَ يَسْتَغْشُونَ ثِيَابَهُمْ يَعْلَمُ مَا يُسِرُّونَ وَمَا يُعْلِنُونَ ۚ إِنَّهُ عَلِيمٌ بِذَاتِ الصُّدُورِ , ثلاثة أرباع الحزب (22),الجزء الحادي عشر
7,۞ وَمَا مِنْ دَابَّةٍ فِي الْأَرْضِ إِلَّا عَلَى اللَّهِ رِزْقُهَا وَيَعْلَمُ مُسْتَقَرَّهَا وَمُسْتَوْدَعَهَا ۚ كُلٌّ فِي كِتَابٍ مُبِينٍ, الحزب (23),الجزء الثاني عشر
8,وَهُوَ الَّذِي خَلَقَ السَّمَاوَاتِ وَالْأَرْضَ فِي سِتَّةِ أَيَّامٍ وَكَانَ عَرْشُهُ عَلَى الْمَاءِ لِيَبْلُوَكُمْ أَيُّكُمْ أَحْسَنُ عَمَلًا ۗ وَلَئِنْ قُلْتَ إِنَّكُمْ مَبْعُوثُونَ مِنْ بَعْدِ الْمَوْتِ لَيَقُولَنَّ الَّذِينَ كَفَرُوا إِنْ هَٰذَا إِلَّا سِحْرٌ مُبِينٌ,الحزب (23),الجزء الثاني عشر
9,وَلَئِنْ أَخَّرْنَا عَنْهُمُ الْعَذَابَ إِلَىٰ أُمَّةٍ مَعْدُودَةٍ لَيَقُولُنَّ مَا يَحْبِسُهُ ۗ أَلَا يَوْمَ يَأْتِيهِمْ لَيْسَ مَصْرُوفًا عَنْهُمْ وَحَاقَ بِهِمْ مَا كَانُوا بِهِ يَسْتَهْزِئُونَ,الحزب (23),الجزء الثاني عشر
10,وَلَئِنْ أَذَقْنَا الْإِنْسَانَ مِنَّا رَحْمَةً ثُمَّ نَزَعْنَاهَا مِنْهُ إِنَّهُ لَيَئُوسٌ كَفُورٌ,الحزب (23),الجزء الثاني عشر
11,وَلَئِنْ أَذَقْنَاهُ نَعْمَاءَ بَعْدَ ضَرَّاءَ مَسَّتْهُ لَيَقُولَنَّ ذَهَبَ السَّيِّئَاتُ عَنِّي ۚ إِنَّهُ لَفَرِحٌ فَخُورٌ ,الحزب (23),الجزء الثاني عشر
12,إِلَّا الَّذِينَ صَبَرُوا وَعَمِلُوا الصَّالِحَاتِ أُولَٰئِكَ لَهُمْ مَغْفِرَةٌ وَأَجْرٌ كَبِيرٌ ,الحزب (23),الجزء الثاني عشر
13,فَلَعَلَّكَ تَارِكٌ بَعْضَ مَا يُوحَىٰ إِلَيْكَ وَضَائِقٌ بِهِ صَدْرُكَ أَنْ يَقُولُوا لَوْلَا أُنْزِلَ عَلَيْهِ كَنْزٌ أَوْ جَاءَ مَعَهُ مَلَكٌ ۚ إِنَّمَا أَنْتَ نَذِيرٌ ۚ وَاللَّهُ عَلَىٰ كُلِّ شَيْءٍ وَكِيلٌ,الحزب (23),الجزء الثاني عشر
14,أَمْ يَقُولُونَ افْتَرَاهُ ۖ قُلْ فَأْتُوا بِعَشْرِ سُوَرٍ مِثْلِهِ مُفْتَرَيَاتٍ وَادْعُوا مَنِ اسْتَطَعْتُمْ مِنْ دُونِ اللَّهِ إِنْ كُنْتُمْ صَادِقِينَ ,الحزب (23),الجزء الثاني عشر
15,فَإِلَّمْ يَسْتَجِيبُوا لَكُمْ فَاعْلَمُوا أَنَّمَا أُنْزِلَ بِعِلْمِ اللَّهِ وَأَنْ لَا إِلَٰهَ إِلَّا هُوَ ۖ فَهَلْ أَنْتُمْ مُسْلِمُونَ,الحزب (23),الجزء الثاني عشر
16,مَنْ كَانَ يُرِيدُ الْحَيَاةَ الدُّنْيَا وَزِينَتَهَا نُوَفِّ إِلَيْهِمْ أَعْمَالَهُمْ فِيهَا وَهُمْ فِيهَا لَا يُبْخَسُونَ ,الحزب (23),الجزء الثاني عشر
17,أُولَٰئِكَ الَّذِينَ لَيْسَ لَهُمْ فِي الْآخِرَةِ إِلَّا النَّارُ ۖ وَحَبِطَ مَا صَنَعُوا فِيهَا وَبَاطِلٌ مَا كَانُوا يَعْمَلُونَ,الحزب (23),الجزء الثاني عشر
18,أَفَمَنْ كَانَ عَلَىٰ بَيِّنَةٍ مِنْ رَبِّهِ وَيَتْلُوهُ شَاهِدٌ مِنْهُ وَمِنْ قَبْلِهِ كِتَابُ مُوسَىٰ إِمَامًا وَرَحْمَةً ۚ أُولَٰئِكَ يُؤْمِنُونَ بِهِ ۚ وَمَنْ يَكْفُرْ بِهِ مِنَ الْأَحْزَابِ فَالنَّارُ مَوْعِدُهُ ۚ فَلَا تَكُ فِي مِرْيَةٍ مِنْهُ ۚ إِنَّهُ الْحَقُّ مِنْ رَبِّكَ وَلَٰكِنَّ أَكْثَرَ النَّاسِ لَا يُؤْمِنُونَ ,الحزب (23),الجزء الثاني عشر
19,وَمَنْ أَظْلَمُ مِمَّنِ افْتَرَىٰ عَلَى اللَّهِ كَذِبًا ۚ أُولَٰئِكَ يُعْرَضُونَ عَلَىٰ رَبِّهِمْ وَيَقُولُ الْأَشْهَادُ هَٰؤُلَاءِ الَّذِينَ كَذَبُوا عَلَىٰ رَبِّهِمْ ۚ أَلَا لَعْنَةُ اللَّهِ عَلَى الظَّالِمِينَ ,الحزب (23),الجزء الثاني عشر
20,الَّذِينَ يَصُدُّونَ عَنْ سَبِيلِ اللَّهِ وَيَبْغُونَهَا عِوَجًا وَهُمْ بِالْآخِرَةِ هُمْ كَافِرُونَ,الحزب (23),الجزء الثاني عشر
21,أُولَٰئِكَ لَمْ يَكُونُوا مُعْجِزِينَ فِي الْأَرْضِ وَمَا كَانَ لَهُمْ مِنْ دُونِ اللَّهِ مِنْ أَوْلِيَاءَ ۘ يُضَاعَفُ لَهُمُ الْعَذَابُ ۚ مَا كَانُوا يَسْتَطِيعُونَ السَّمْعَ وَمَا كَانُوا يُبْصِرُونَ ,الحزب (23),الجزء الثاني عشر
22,أُولَٰئِكَ الَّذِينَ خَسِرُوا أَنْفُسَهُمْ وَضَلَّ عَنْهُمْ مَا كَانُوا يَفْتَرُونَ ,الحزب (23),الجزء الثاني عشر
23,لَا جَرَمَ أَنَّهُمْ فِي الْآخِرَةِ هُمُ الْأَخْسَرُونَ,الحزب (23),الجزء الثاني عشر
24,إِنَّ الَّذِينَ آمَنُوا وَعَمِلُوا الصَّالِحَاتِ وَأَخْبَتُوا إِلَىٰ رَبِّهِمْ أُولَٰئِكَ أَصْحَابُ الْجَنَّةِ ۖ هُمْ فِيهَا خَالِدُونَ,الحزب (23),الجزء الثاني عشر
25,۞ مَثَلُ الْفَرِيقَيْنِ كَالْأَعْمَىٰ وَالْأَصَمِّ وَالْبَصِيرِ وَالسَّمِيعِ ۚ هَلْ يَسْتَوِيَانِ مَثَلًا ۚ أَفَلَا تَذَكَّرُونَ, ربع الحزب (23),الجزء الثاني عشر
26,وَلَقَدْ أَرْسَلْنَا نُوحًا إِلَىٰ قَوْمِهِ إِنِّي لَكُمْ نَذِيرٌ مُبِينٌ, ربع الحزب (23),الجزء الثاني عشر
27,أَنْ لَا تَعْبُدُوا إِلَّا اللَّهَ ۖ إِنِّي أَخَافُ عَلَيْكُمْ عَذَابَ يَوْمٍ أَلِيمٍ, ربع الحزب (23),الجزء الثاني عشر
28,فَقَالَ الْمَلَأُ الَّذِينَ كَفَرُوا مِنْ قَوْمِهِ مَا نَرَاكَ إِلَّا بَشَرًا مِثْلَنَا وَمَا نَرَاكَ اتَّبَعَكَ إِلَّا الَّذِينَ هُمْ أَرَاذِلُنَا بَادِيَ الرَّأْيِ وَمَا نَرَىٰ لَكُمْ عَلَيْنَا مِنْ فَضْلٍ بَلْ نَظُنُّكُمْ كَاذِبِينَ, ربع الحزب (23),الجزء الثاني عشر
29,قَالَ يَا قَوْمِ أَرَأَيْتُمْ إِنْ كُنْتُ عَلَىٰ بَيِّنَةٍ مِنْ رَبِّي وَآتَانِي رَحْمَةً مِنْ عِنْدِهِ فَعُمِّيَتْ عَلَيْكُمْ أَنُلْزِمُكُمُوهَا وَأَنْتُمْ لَهَا كَارِهُونَ , ربع الحزب (23),الجزء الثاني عشر
30,وَيَا قَوْمِ لَا أَسْأَلُكُمْ عَلَيْهِ مَالًا ۖ إِنْ أَجْرِيَ إِلَّا عَلَى اللَّهِ ۚ وَمَا أَنَا بِطَارِدِ الَّذِينَ آمَنُوا ۚ إِنَّهُمْ مُلَاقُو رَبِّهِمْ وَلَٰكِنِّي أَرَاكُمْ قَوْمًا تَجْهَلُونَ , ربع الحزب (23),الجزء الثاني عشر
31,وَيَا قَوْمِ مَنْ يَنْصُرُنِي مِنَ اللَّهِ إِنْ طَرَدْتُهُمْ ۚ أَفَلَا تَذَكَّرُونَ , ربع الحزب (23),الجزء الثاني عشر
32,وَلَا أَقُولُ لَكُمْ عِنْدِي خَزَائِنُ اللَّهِ وَلَا أَعْلَمُ الْغَيْبَ وَلَا أَقُولُ إِنِّي مَلَكٌ وَلَا أَقُولُ لِلَّذِينَ تَزْدَرِي أَعْيُنُكُمْ لَنْ يُؤْتِيَهُمُ اللَّهُ خَيْرًا ۖ اللَّهُ أَعْلَمُ بِمَا فِي أَنْفُسِهِمْ ۖ إِنِّي إِذًا لَمِنَ الظَّالِمِينَ, ربع الحزب (23),الجزء الثاني عشر
33,قَالُوا يَا نُوحُ قَدْ جَادَلْتَنَا فَأَكْثَرْتَ جِدَالَنَا فَأْتِنَا بِمَا تَعِدُنَا إِنْ كُنْتَ مِنَ الصَّادِقِينَ , ربع الحزب (23),الجزء الثاني عشر
34,قَالَ إِنَّمَا يَأْتِيكُمْ بِهِ اللَّهُ إِنْ شَاءَ وَمَا أَنْتُمْ بِمُعْجِزِينَ , ربع الحزب (23),الجزء الثاني عشر
35,وَلَا يَنْفَعُكُمْ نُصْحِي إِنْ أَرَدْتُ أَنْ أَنْصَحَ لَكُمْ إِنْ كَانَ اللَّهُ يُرِيدُ أَنْ يُغْوِيَكُمْ ۚ هُوَ رَبُّكُمْ وَإِلَيْهِ تُرْجَعُونَ , ربع الحزب (23),الجزء الثاني عشر
36,أَمْ يَقُولُونَ افْتَرَاهُ ۖ قُلْ إِنِ افْتَرَيْتُهُ فَعَلَيَّ إِجْرَامِي وَأَنَا بَرِيءٌ مِمَّا تُجْرِمُونَ , ربع الحزب (23),الجزء الثاني عشر
37,وَأُوحِيَ إِلَىٰ نُوحٍ أَنَّهُ لَنْ يُؤْمِنَ مِنْ قَوْمِكَ إِلَّا مَنْ قَدْ آمَنَ فَلَا تَبْتَئِسْ بِمَا كَانُوا يَفْعَلُونَ , ربع الحزب (23),الجزء الثاني عشر
38,وَاصْنَعِ الْفُلْكَ بِأَعْيُنِنَا وَوَحْيِنَا وَلَا تُخَاطِبْنِي فِي الَّذِينَ ظَلَمُوا ۚ إِنَّهُمْ مُغْرَقُونَ , ربع الحزب (23),الجزء الثاني عشر
39,وَيَصْنَعُ الْفُلْكَ وَكُلَّمَا مَرَّ عَلَيْهِ مَلَأٌ مِنْ قَوْمِهِ سَخِرُوا مِنْهُ ۚ قَالَ إِنْ تَسْخَرُوا مِنَّا فَإِنَّا نَسْخَرُ مِنْكُمْ كَمَا تَسْخَرُونَ , ربع الحزب (23),الجزء الثاني عشر
40,فَسَوْفَ تَعْلَمُونَ مَنْ يَأْتِيهِ عَذَابٌ يُخْزِيهِ وَيَحِلُّ عَلَيْهِ عَذَابٌ مُقِيمٌ , ربع الحزب (23),الجزء الثاني عشر
41,حَتَّىٰ إِذَا جَاءَ أَمْرُنَا وَفَارَ التَّنُّورُ قُلْنَا احْمِلْ فِيهَا مِنْ كُلٍّ زَوْجَيْنِ اثْنَيْنِ وَأَهْلَكَ إِلَّا مَنْ سَبَقَ عَلَيْهِ الْقَوْلُ وَمَنْ آمَنَ ۚ وَمَا آمَنَ مَعَهُ إِلَّا قَلِيلٌ , ربع الحزب (23),الجزء الثاني عشر
42,۞ وَقَالَ ارْكَبُوا فِيهَا بِسْمِ اللَّهِ مَجْرَاهَا وَمُرْسَاهَا ۚ إِنَّ رَبِّي لَغَفُورٌ رَحِيمٌ , نصف الحزب (23),الجزء الثاني عشر
43,وَهِيَ تَجْرِي بِهِمْ فِي مَوْجٍ كَالْجِبَالِ وَنَادَىٰ نُوحٌ ابْنَهُ وَكَانَ فِي مَعْزِلٍ يَا بُنَيَّ ارْكَبْ مَعَنَا وَلَا تَكُنْ مَعَ الْكَافِرِينَ, نصف الحزب (23),الجزء الثاني عشر
44,قَالَ سَآوِي إِلَىٰ جَبَلٍ يَعْصِمُنِي مِنَ الْمَاءِ ۚ قَالَ لَا عَاصِمَ الْيَوْمَ مِنْ أَمْرِ اللَّهِ إِلَّا مَنْ رَحِمَ ۚ وَحَالَ بَيْنَهُمَا الْمَوْجُ فَكَانَ مِنَ الْمُغْرَقِينَ , نصف الحزب (23),الجزء الثاني عشر
45,وَقِيلَ يَا أَرْضُ ابْلَعِي مَاءَكِ وَيَا سَمَاءُ أَقْلِعِي وَغِيضَ الْمَاءُ وَقُضِيَ الْأَمْرُ وَاسْتَوَتْ عَلَى الْجُودِيِّ ۖ وَقِيلَ بُعْدًا لِلْقَوْمِ الظَّالِمِينَ , نصف الحزب (23),الجزء الثاني عشر
46,وَنَادَىٰ نُوحٌ رَبَّهُ فَقَالَ رَبِّ إِنَّ ابْنِي مِنْ أَهْلِي وَإِنَّ وَعْدَكَ الْحَقُّ وَأَنْتَ أَحْكَمُ الْحَاكِمِينَ , نصف الحزب (23),الجزء الثاني عشر
47,قَالَ يَا نُوحُ إِنَّهُ لَيْسَ مِنْ أَهْلِكَ ۖ إِنَّهُ عَمَلٌ غَيْرُ صَالِحٍ ۖ فَلَا تَسْأَلْنِ مَا لَيْسَ لَكَ بِهِ عِلْمٌ ۖ إِنِّي أَعِظُكَ أَنْ تَكُونَ مِنَ الْجَاهِلِينَ, نصف الحزب (23),الجزء الثاني عشر
48,قَالَ رَبِّ إِنِّي أَعُوذُ بِكَ أَنْ أَسْأَلَكَ مَا لَيْسَ لِي بِهِ عِلْمٌ ۖ وَإِلَّا تَغْفِرْ لِي وَتَرْحَمْنِي أَكُنْ مِنَ الْخَاسِرِينَ , نصف الحزب (23),الجزء الثاني عشر
49,قِيلَ يَا نُوحُ اهْبِطْ بِسَلَامٍ مِنَّا وَبَرَكَاتٍ عَلَيْكَ وَعَلَىٰ أُمَمٍ مِمَّنْ مَعَكَ ۚ وَأُمَمٌ سَنُمَتِّعُهُمْ ثُمَّ يَمَسُّهُمْ مِنَّا عَذَابٌ أَلِيمٌ , نصف الحزب (23),الجزء الثاني عشر
50,تِلْكَ مِنْ أَنْبَاءِ الْغَيْبِ نُوحِيهَا إِلَيْكَ ۖ مَا كُنْتَ تَعْلَمُهَا أَنْتَ وَلَا قَوْمُكَ مِنْ قَبْلِ هَٰذَا ۖ فَاصْبِرْ ۖ إِنَّ الْعَاقِبَةَ لِلْمُتَّقِينَ, نصف الحزب (23),الجزء الثاني عشر
51,وَإِلَىٰ عَادٍ أَخَاهُمْ هُودًا ۚ قَالَ يَا قَوْمِ اعْبُدُوا اللَّهَ مَا لَكُمْ مِنْ إِلَٰهٍ غَيْرُهُ ۖ إِنْ أَنْتُمْ إِلَّا مُفْتَرُونَ, نصف الحزب (23),الجزء الثاني عشر
52,يَا قَوْمِ لَا أَسْأَلُكُمْ عَلَيْهِ أَجْرًا ۖ إِنْ أَجْرِيَ إِلَّا عَلَى الَّذِي فَطَرَنِي ۚ أَفَلَا تَعْقِلُونَ, نصف الحزب (23),الجزء الثاني عشر
53,وَيَا قَوْمِ اسْتَغْفِرُوا رَبَّكُمْ ثُمَّ تُوبُوا إِلَيْهِ يُرْسِلِ السَّمَاءَ عَلَيْكُمْ مِدْرَارًا وَيَزِدْكُمْ قُوَّةً إِلَىٰ قُوَّتِكُمْ وَلَا تَتَوَلَّوْا مُجْرِمِينَ , نصف الحزب (23),الجزء الثاني عشر
54,قَالُوا يَا هُودُ مَا جِئْتَنَا بِبَيِّنَةٍ وَمَا نَحْنُ بِتَارِكِي آلِهَتِنَا عَنْ قَوْلِكَ وَمَا نَحْنُ لَكَ بِمُؤْمِنِينَ, نصف الحزب (23),الجزء الثاني عشر
55,إِنْ نَقُولُ إِلَّا اعْتَرَاكَ بَعْضُ آلِهَتِنَا بِسُوءٍ ۗ قَالَ إِنِّي أُشْهِدُ اللَّهَ وَاشْهَدُوا أَنِّي بَرِيءٌ مِمَّا تُشْرِكُونَ, نصف الحزب (23),الجزء الثاني عشر
56,مِنْ دُونِهِ ۖ فَكِيدُونِي جَمِيعًا ثُمَّ لَا تُنْظِرُونِ, نصف الحزب (23),الجزء الثاني عشر
57,إِنِّي تَوَكَّلْتُ عَلَى اللَّهِ رَبِّي وَرَبِّكُمْ ۚ مَا مِنْ دَابَّةٍ إِلَّا هُوَ آخِذٌ بِنَاصِيَتِهَا ۚ إِنَّ رَبِّي عَلَىٰ صِرَاطٍ مُسْتَقِيمٍ , نصف الحزب (23),الجزء الثاني عشر
58,فَإِنْ تَوَلَّوْا فَقَدْ أَبْلَغْتُكُمْ مَا أُرْسِلْتُ بِهِ إِلَيْكُمْ ۚ وَيَسْتَخْلِفُ رَبِّي قَوْمًا غَيْرَكُمْ وَلَا تَضُرُّونَهُ شَيْئًا ۚ إِنَّ رَبِّي عَلَىٰ كُلِّ شَيْءٍ حَفِيظٌ, نصف الحزب (23),الجزء الثاني عشر
59,وَلَمَّا جَاءَ أَمْرُنَا نَجَّيْنَا هُودًا وَالَّذِينَ آمَنُوا مَعَهُ بِرَحْمَةٍ مِنَّا وَنَجَّيْنَاهُمْ مِنْ عَذَابٍ غَلِيظٍ, نصف الحزب (23),الجزء الثاني عشر
60,وَتِلْكَ عَادٌ ۖ جَحَدُوا بِآيَاتِ رَبِّهِمْ وَعَصَوْا رُسُلَهُ وَاتَّبَعُوا أَمْرَ كُلِّ جَبَّارٍ عَنِيدٍ , نصف الحزب (23),الجزء الثاني عشر
61,وَأُتْبِعُوا فِي هَٰذِهِ الدُّنْيَا لَعْنَةً وَيَوْمَ الْقِيَامَةِ ۗ أَلَا إِنَّ عَادًا كَفَرُوا رَبَّهُمْ ۗ أَلَا بُعْدًا لِعَادٍ قَوْمِ هُودٍ , نصف الحزب (23),الجزء الثاني عشر
62,۞ وَإِلَىٰ ثَمُودَ أَخَاهُمْ صَالِحًا ۚ قَالَ يَا قَوْمِ اعْبُدُوا اللَّهَ مَا لَكُمْ مِنْ إِلَٰهٍ غَيْرُهُ ۖ هُوَ أَنْشَأَكُمْ مِنَ الْأَرْضِ وَاسْتَعْمَرَكُمْ فِيهَا فَاسْتَغْفِرُوهُ ثُمَّ تُوبُوا إِلَيْهِ ۚ إِنَّ رَبِّي قَرِيبٌ مُجِيبٌ , ثلاثة أرباع الحزب (23),الجزء الثاني عشر
63,قَالُوا يَا صَالِحُ قَدْ كُنْتَ فِينَا مَرْجُوًّا قَبْلَ هَٰذَا ۖ أَتَنْهَانَا أَنْ نَعْبُدَ مَا يَعْبُدُ آبَاؤُنَا وَإِنَّنَا لَفِي شَكٍّ مِمَّا تَدْعُونَا إِلَيْهِ مُرِيبٍ , ثلاثة أرباع الحزب (23),الجزء الثاني عشر
64,قَالَ يَا قَوْمِ أَرَأَيْتُمْ إِنْ كُنْتُ عَلَىٰ بَيِّنَةٍ مِنْ رَبِّي وَآتَانِي مِنْهُ رَحْمَةً فَمَنْ يَنْصُرُنِي مِنَ اللَّهِ إِنْ عَصَيْتُهُ ۖ فَمَا تَزِيدُونَنِي غَيْرَ تَخْسِيرٍ , ثلاثة أرباع الحزب (23),الجزء الثاني عشر
65,وَيَا قَوْمِ هَٰذِهِ نَاقَةُ اللَّهِ لَكُمْ آيَةً فَذَرُوهَا تَأْكُلْ فِي أَرْضِ اللَّهِ وَلَا تَمَسُّوهَا بِسُوءٍ فَيَأْخُذَكُمْ عَذَابٌ قَرِيبٌ , ثلاثة أرباع الحزب (23),الجزء الثاني عشر
66,فَعَقَرُوهَا فَقَالَ تَمَتَّعُوا فِي دَارِكُمْ ثَلَاثَةَ أَيَّامٍ ۖ ذَٰلِكَ وَعْدٌ غَيْرُ مَكْذُوبٍ , ثلاثة أرباع الحزب (23),الجزء الثاني عشر
67,فَلَمَّا جَاءَ أَمْرُنَا نَجَّيْنَا صَالِحًا وَالَّذِينَ آمَنُوا مَعَهُ بِرَحْمَةٍ مِنَّا وَمِنْ خِزْيِ يَوْمِئِذٍ ۗ إِنَّ رَبَّكَ هُوَ الْقَوِيُّ الْعَزِيزُ, ثلاثة أرباع الحزب (23),الجزء الثاني عشر
68,وَأَخَذَ الَّذِينَ ظَلَمُوا الصَّيْحَةُ فَأَصْبَحُوا فِي دِيَارِهِمْ جَاثِمِينَ, ثلاثة أرباع الحزب (23),الجزء الثاني عشر
69,كَأَنْ لَمْ يَغْنَوْا فِيهَا ۗ أَلَا إِنَّ ثَمُودَ كَفَرُوا رَبَّهُمْ ۗ أَلَا بُعْدًا لِثَمُودَ, ثلاثة أرباع الحزب (23),الجزء الثاني عشر
70,وَلَقَدْ جَاءَتْ رُسُلُنَا إِبْرَاهِيمَ بِالْبُشْرَىٰ قَالُوا سَلَامًا ۖ قَالَ سَلَامٌ ۖ فَمَا لَبِثَ أَنْ جَاءَ بِعِجْلٍ حَنِيذٍ , ثلاثة أرباع الحزب (23),الجزء الثاني عشر
71,فَلَمَّا رَأَىٰ أَيْدِيَهُمْ لَا تَصِلُ إِلَيْهِ نَكِرَهُمْ وَأَوْجَسَ مِنْهُمْ خِيفَةً ۚ قَالُوا لَا تَخَفْ إِنَّا أُرْسِلْنَا إِلَىٰ قَوْمِ لُوطٍ, ثلاثة أرباع الحزب (23),الجزء الثاني عشر
72,وَامْرَأَتُهُ قَائِمَةٌ فَضَحِكَتْ فَبَشَّرْنَاهَا بِإِسْحَاقَ وَمِنْ وَرَاءِ إِسْحَاقَ يَعْقُوبَ, ثلاثة أرباع الحزب (23),الجزء الثاني عشر
73,قَالَتْ يَا وَيْلَتَىٰ أَأَلِدُ وَأَنَا عَجُوزٌ وَهَٰذَا بَعْلِي شَيْخًا ۖ إِنَّ هَٰذَا لَشَيْءٌ عَجِيبٌ, ثلاثة أرباع الحزب (23),الجزء الثاني عشر
74,قَالُوا أَتَعْجَبِينَ مِنْ أَمْرِ اللَّهِ ۖ رَحْمَتُ اللَّهِ وَبَرَكَاتُهُ عَلَيْكُمْ أَهْلَ الْبَيْتِ ۚ إِنَّهُ حَمِيدٌ مَجِيدٌ , ثلاثة أرباع الحزب (23),الجزء الثاني عشر
75,فَلَمَّا ذَهَبَ عَنْ إِبْرَاهِيمَ الرَّوْعُ وَجَاءَتْهُ الْبُشْرَىٰ يُجَادِلُنَا فِي قَوْمِ لُوطٍ , ثلاثة أرباع الحزب (23),الجزء الثاني عشر
76,إِنَّ إِبْرَاهِيمَ لَحَلِيمٌ أَوَّاهٌ مُنِيبٌ , ثلاثة أرباع الحزب (23),الجزء الثاني عشر
77,يَا إِبْرَاهِيمُ أَعْرِضْ عَنْ هَٰذَا ۖ إِنَّهُ قَدْ جَاءَ أَمْرُ رَبِّكَ ۖ وَإِنَّهُمْ آتِيهِمْ عَذَابٌ غَيْرُ مَرْدُودٍ, ثلاثة أرباع الحزب (23),الجزء الثاني عشر
78,وَلَمَّا جَاءَتْ رُسُلُنَا لُوطًا سِيءَ بِهِمْ وَضَاقَ بِهِمْ ذَرْعًا وَقَالَ هَٰذَا يَوْمٌ عَصِيبٌ, ثلاثة أرباع الحزب (23),الجزء الثاني عشر
79,وَجَاءَهُ قَوْمُهُ يُهْرَعُونَ إِلَيْهِ وَمِنْ قَبْلُ كَانُوا يَعْمَلُونَ السَّيِّئَاتِ ۚ قَالَ يَا قَوْمِ هَٰؤُلَاءِ بَنَاتِي هُنَّ أَطْهَرُ لَكُمْ ۖ فَاتَّقُوا اللَّهَ وَلَا تُخْزُونِ فِي ضَيْفِي ۖ أَلَيْسَ مِنْكُمْ رَجُلٌ رَشِيدٌ , ثلاثة أرباع الحزب (23),الجزء الثاني عشر
80,قَالُوا لَقَدْ عَلِمْتَ مَا لَنَا فِي بَنَاتِكَ مِنْ حَقٍّ وَإِنَّكَ لَتَعْلَمُ مَا نُرِيدُ , ثلاثة أرباع الحزب (23),الجزء الثاني عشر
81,قَالَ لَوْ أَنَّ لِي بِكُمْ قُوَّةً أَوْ آوِي إِلَىٰ رُكْنٍ شَدِيدٍ , ثلاثة أرباع الحزب (23),الجزء الثاني عشر
82,قَالُوا يَا لُوطُ إِنَّا رُسُلُ رَبِّكَ لَنْ يَصِلُوا إِلَيْكَ ۖ فَأَسْرِ بِأَهْلِكَ بِقِطْعٍ مِنَ اللَّيْلِ وَلَا يَلْتَفِتْ مِنْكُمْ أَحَدٌ إِلَّا امْرَأَتَكَ ۖ إِنَّهُ مُصِيبُهَا مَا أَصَابَهُمْ ۚ إِنَّ مَوْعِدَهُمُ الصُّبْحُ ۚ أَلَيْسَ الصُّبْحُ بِقَرِيبٍ, ثلاثة أرباع الحزب (23),الجزء الثاني عشر
83,فَلَمَّا جَاءَ أَمْرُنَا جَعَلْنَا عَالِيَهَا سَافِلَهَا وَأَمْطَرْنَا عَلَيْهَا حِجَارَةً مِنْ سِجِّيلٍ مَنْضُودٍ , ثلاثة أرباع الحزب (23),الجزء الثاني عشر
84,مُسَوَّمَةً عِنْدَ رَبِّكَ ۖ وَمَا هِيَ مِنَ الظَّالِمِينَ بِبَعِيدٍ , ثلاثة أرباع الحزب (23),الجزء الثاني عشر
85,۞ وَإِلَىٰ مَدْيَنَ أَخَاهُمْ شُعَيْبًا ۚ قَالَ يَا قَوْمِ اعْبُدُوا اللَّهَ مَا لَكُمْ مِنْ إِلَٰهٍ غَيْرُهُ ۖ وَلَا تَنْقُصُوا الْمِكْيَالَ وَالْمِيزَانَ ۚ إِنِّي أَرَاكُمْ بِخَيْرٍ وَإِنِّي أَخَافُ عَلَيْكُمْ عَذَابَ يَوْمٍ مُحِيطٍ , الحزب (24),الجزء الثاني عشر
86,وَيَا قَوْمِ أَوْفُوا الْمِكْيَالَ وَالْمِيزَانَ بِالْقِسْطِ ۖ وَلَا تَبْخَسُوا النَّاسَ أَشْيَاءَهُمْ وَلَا تَعْثَوْا فِي الْأَرْضِ مُفْسِدِينَ , الحزب (24),الجزء الثاني عشر
87,بَقِيَّتُ اللَّهِ خَيْرٌ لَكُمْ إِنْ كُنْتُمْ مُؤْمِنِينَ ۚ وَمَا أَنَا عَلَيْكُمْ بِحَفِيظٍ , الحزب (24),الجزء الثاني عشر
88,قَالُوا يَا شُعَيْبُ أَصَلَاتُكَ تَأْمُرُكَ أَنْ نَتْرُكَ مَا يَعْبُدُ آبَاؤُنَا أَوْ أَنْ نَفْعَلَ فِي أَمْوَالِنَا مَا نَشَاءُ ۖ إِنَّكَ لَأَنْتَ الْحَلِيمُ الرَّشِيدُ, الحزب (24),الجزء الثاني عشر
89,قَالَ يَا قَوْمِ أَرَأَيْتُمْ إِنْ كُنْتُ عَلَىٰ بَيِّنَةٍ مِنْ رَبِّي وَرَزَقَنِي مِنْهُ رِزْقًا حَسَنًا ۚ وَمَا أُرِيدُ أَنْ أُخَالِفَكُمْ إِلَىٰ مَا أَنْهَاكُمْ عَنْهُ ۚ إِنْ أُرِيدُ إِلَّا الْإِصْلَاحَ مَا اسْتَطَعْتُ ۚ وَمَا تَوْفِيقِي إِلَّا بِاللَّهِ ۚ عَلَيْهِ تَوَكَّلْتُ وَإِلَيْهِ أُنِيبُ , الحزب (24),الجزء الثاني عشر
90,وَيَا قَوْمِ لَا يَجْرِمَنَّكُمْ شِقَاقِي أَنْ يُصِيبَكُمْ مِثْلُ مَا أَصَابَ قَوْمَ نُوحٍ أَوْ قَوْمَ هُودٍ أَوْ قَوْمَ صَالِحٍ ۚ وَمَا قَوْمُ لُوطٍ مِنْكُمْ بِبَعِيدٍ, الحزب (24),الجزء الثاني عشر
91,وَاسْتَغْفِرُوا رَبَّكُمْ ثُمَّ تُوبُوا إِلَيْهِ ۚ إِنَّ رَبِّي رَحِيمٌ وَدُودٌ, الحزب (24),الجزء الثاني عشر
92,قَالُوا يَا شُعَيْبُ مَا نَفْقَهُ كَثِيرًا مِمَّا تَقُولُ وَإِنَّا لَنَرَاكَ فِينَا ضَعِيفًا ۖ وَلَوْلَا رَهْطُكَ لَرَجَمْنَاكَ ۖ وَمَا أَنْتَ عَلَيْنَا بِعَزِيزٍ , الحزب (24),الجزء الثاني عشر
93,قَالَ يَا قَوْمِ أَرَهْطِي أَعَزُّ عَلَيْكُمْ مِنَ اللَّهِ وَاتَّخَذْتُمُوهُ وَرَاءَكُمْ ظِهْرِيًّا ۖ إِنَّ رَبِّي بِمَا تَعْمَلُونَ مُحِيطٌ, الحزب (24),الجزء الثاني عشر
94,وَيَا قَوْمِ اعْمَلُوا عَلَىٰ مَكَانَتِكُمْ إِنِّي عَامِلٌ ۖ سَوْفَ تَعْلَمُونَ مَنْ يَأْتِيهِ عَذَابٌ يُخْزِيهِ وَمَنْ هُوَ كَاذِبٌ ۖ وَارْتَقِبُوا إِنِّي مَعَكُمْ رَقِيبٌ, الحزب (24),الجزء الثاني عشر
95,وَلَمَّا جَاءَ أَمْرُنَا نَجَّيْنَا شُعَيْبًا وَالَّذِينَ آمَنُوا مَعَهُ بِرَحْمَةٍ مِنَّا وَأَخَذَتِ الَّذِينَ ظَلَمُوا الصَّيْحَةُ فَأَصْبَحُوا فِي دِيَارِهِمْ جَاثِمِينَ, الحزب (24),الجزء الثاني عشر
96,كَأَنْ لَمْ يَغْنَوْا فِيهَا ۗ أَلَا بُعْدًا لِمَدْيَنَ كَمَا بَعِدَتْ ثَمُودُ , الحزب (24),الجزء الثاني عشر
97,وَلَقَدْ أَرْسَلْنَا مُوسَىٰ بِآيَاتِنَا وَسُلْطَانٍ مُبِينٍ, الحزب (24),الجزء الثاني عشر
98,إِلَىٰ فِرْعَوْنَ وَمَلَئِهِ فَاتَّبَعُوا أَمْرَ فِرْعَوْنَ ۖ وَمَا أَمْرُ فِرْعَوْنَ بِرَشِيدٍ , الحزب (24),الجزء الثاني عشر
99,يَقْدُمُ قَوْمَهُ يَوْمَ الْقِيَامَةِ فَأَوْرَدَهُمُ النَّارَ ۖ وَبِئْسَ الْوِرْدُ الْمَوْرُودُ , الحزب (24),الجزء الثاني عشر
100,وَأُتْبِعُوا فِي هَٰذِهِ لَعْنَةً وَيَوْمَ الْقِيَامَةِ ۚ بِئْسَ الرِّفْدُ الْمَرْفُودُ , الحزب (24),الجزء الثاني عشر
101,ذَٰلِكَ مِنْ أَنْبَاءِ الْقُرَىٰ نَقُصُّهُ عَلَيْكَ ۖ مِنْهَا قَائِمٌ وَحَصِيدٌ , الحزب (24),الجزء الثاني عشر
102,وَمَا ظَلَمْنَاهُمْ وَلَٰكِنْ ظَلَمُوا أَنْفُسَهُمْ ۖ فَمَا أَغْنَتْ عَنْهُمْ آلِهَتُهُمُ الَّتِي يَدْعُونَ مِنْ دُونِ اللَّهِ مِنْ شَيْءٍ لَمَّا جَاءَ أَمْرُ رَبِّكَ ۖ وَمَا زَادُوهُمْ غَيْرَ تَتْبِيبٍ, الحزب (24),الجزء الثاني عشر
103,وَكَذَٰلِكَ أَخْذُ رَبِّكَ إِذَا أَخَذَ الْقُرَىٰ وَهِيَ ظَالِمَةٌ ۚ إِنَّ أَخْذَهُ أَلِيمٌ شَدِيدٌ, الحزب (24),الجزء الثاني عشر
104,إِنَّ فِي ذَٰلِكَ لَآيَةً لِمَنْ خَافَ عَذَابَ الْآخِرَةِ ۚ ذَٰلِكَ يَوْمٌ مَجْمُوعٌ لَهُ النَّاسُ وَذَٰلِكَ يَوْمٌ مَشْهُودٌ, الحزب (24),الجزء الثاني عشر
105,وَمَا نُؤَخِّرُهُ إِلَّا لِأَجَلٍ مَعْدُودٍ, الحزب (24),الجزء الثاني عشر
106,يَوْمَ يَأْتِ لَا تَكَلَّمُ نَفْسٌ إِلَّا بِإِذْنِهِ ۚ فَمِنْهُمْ شَقِيٌّ وَسَعِيدٌ, الحزب (24),الجزء الثاني عشر
107,فَأَمَّا الَّذِينَ شَقُوا فَفِي النَّارِ لَهُمْ فِيهَا زَفِيرٌ وَشَهِيقٌ , الحزب (24),الجزء الثاني عشر
108,خَالِدِينَ فِيهَا مَا دَامَتِ السَّمَاوَاتُ وَالْأَرْضُ إِلَّا مَا شَاءَ رَبُّكَ ۚ إِنَّ رَبَّكَ فَعَّالٌ لِمَا يُرِيدُ , الحزب (24),الجزء الثاني عشر
109,۞ وَأَمَّا الَّذِينَ سُعِدُوا فَفِي الْجَنَّةِ خَالِدِينَ فِيهَا مَا دَامَتِ السَّمَاوَاتُ وَالْأَرْضُ إِلَّا مَا شَاءَ رَبُّكَ ۖ عَطَاءً غَيْرَ مَجْذُوذٍ, ربع الحزب (24),الجزء الثاني عشر
110,فَلَا تَكُ فِي مِرْيَةٍ مِمَّا يَعْبُدُ هَٰؤُلَاءِ ۚ مَا يَعْبُدُونَ إِلَّا كَمَا يَعْبُدُ آبَاؤُهُمْ مِنْ قَبْلُ ۚ وَإِنَّا لَمُوَفُّوهُمْ نَصِيبَهُمْ غَيْرَ مَنْقُوصٍ, ربع الحزب (24),الجزء الثاني عشر
111,وَلَقَدْ آتَيْنَا مُوسَى الْكِتَابَ فَاخْتُلِفَ فِيهِ ۚ وَلَوْلَا كَلِمَةٌ سَبَقَتْ مِنْ رَبِّكَ لَقُضِيَ بَيْنَهُمْ ۚ وَإِنَّهُمْ لَفِي شَكٍّ مِنْهُ مُرِيبٍ, ربع الحزب (24),الجزء الثاني عشر
112,وَإِنَّ كُلًّا لَمَّا لَيُوَفِّيَنَّهُمْ رَبُّكَ أَعْمَالَهُمْ ۚ إِنَّهُ بِمَا يَعْمَلُونَ خَبِيرٌ , ربع الحزب (24),الجزء الثاني عشر
113,فَاسْتَقِمْ كَمَا أُمِرْتَ وَمَنْ تَابَ مَعَكَ وَلَا تَطْغَوْا ۚ إِنَّهُ بِمَا تَعْمَلُونَ بَصِيرٌ, ربع الحزب (24),الجزء الثاني عشر
114,وَلَا تَرْكَنُوا إِلَى الَّذِينَ ظَلَمُوا فَتَمَسَّكُمُ النَّارُ وَمَا لَكُمْ مِنْ دُونِ اللَّهِ مِنْ أَوْلِيَاءَ ثُمَّ لَا تُنْصَرُونَ , ربع الحزب (24),الجزء الثاني عشر
115,وَأَقِمِ الصَّلَاةَ طَرَفَيِ النَّهَارِ وَزُلَفًا مِنَ اللَّيْلِ ۚ إِنَّ الْحَسَنَاتِ يُذْهِبْنَ السَّيِّئَاتِ ۚ ذَٰلِكَ ذِكْرَىٰ لِلذَّاكِرِينَ, ربع الحزب (24),الجزء الثاني عشر
116,وَاصْبِرْ فَإِنَّ اللَّهَ لَا يُضِيعُ أَجْرَ الْمُحْسِنِينَ, ربع الحزب (24),الجزء الثاني عشر
117,فَلَوْلَا كَانَ مِنَ الْقُرُونِ مِنْ قَبْلِكُمْ أُولُو بَقِيَّةٍ يَنْهَوْنَ عَنِ الْفَسَادِ فِي الْأَرْضِ إِلَّا قَلِيلًا مِمَّنْ أَنْجَيْنَا مِنْهُمْ ۗ وَاتَّبَعَ الَّذِينَ ظَلَمُوا مَا أُتْرِفُوا فِيهِ وَكَانُوا مُجْرِمِينَ, ربع الحزب (24),الجزء الثاني عشر
118,وَمَا كَانَ رَبُّكَ لِيُهْلِكَ الْقُرَىٰ بِظُلْمٍ وَأَهْلُهَا مُصْلِحُونَ , ربع الحزب (24),الجزء الثاني عشر
119,وَلَوْ شَاءَ رَبُّكَ لَجَعَلَ النَّاسَ أُمَّةً وَاحِدَةً ۖ وَلَا يَزَالُونَ مُخْتَلِفِينَ , ربع الحزب (24),الجزء الثاني عشر
120,إِلَّا مَنْ رَحِمَ رَبُّكَ ۚ وَلِذَٰلِكَ خَلَقَهُمْ ۗ وَتَمَّتْ كَلِمَةُ رَبِّكَ لَأَمْلَأَنَّ جَهَنَّمَ مِنَ الْجِنَّةِ وَالنَّاسِ أَجْمَعِينَ , ربع الحزب (24),الجزء الثاني عشر
121,وَكُلًّا نَقُصُّ عَلَيْكَ مِنْ أَنْبَاءِ الرُّسُلِ مَا نُثَبِّتُ بِهِ فُؤَادَكَ ۚ وَجَاءَكَ فِي هَٰذِهِ الْحَقُّ وَمَوْعِظَةٌ وَذِكْرَىٰ لِلْمُؤْمِنِينَ, ربع الحزب (24),الجزء الثاني عشر
122,وَقُلْ لِلَّذِينَ لَا يُؤْمِنُونَ اعْمَلُوا عَلَىٰ مَكَانَتِكُمْ إِنَّا عَامِلُونَ, ربع الحزب (24),الجزء الثاني عشر
123,وَانْتَظِرُوا إِنَّا مُنْتَظِرُونَ , ربع الحزب (24),الجزء الثاني عشر
124,وَلِلَّهِ غَيْبُ السَّمَاوَاتِ وَالْأَرْضِ وَإِلَيْهِ يُرْجَعُ الْأَمْرُ كُلُّهُ فَاعْبُدْهُ وَتَوَكَّلْ عَلَيْهِ ۚ وَمَا رَبُّكَ بِغَافِلٍ عَمَّا تَعْمَلُونَ, ربع الحزب (24),الجزء الثاني عشر
