﻿1,بسْمِ اللَّهِ الرَّحْمَنِ الرَّحِيمِ , ثلاثة أرباع الحزب (60),الجزء الثلاثون
2,تَبَّتْ يَدَا أَبِي لَهَبٍ وَتَبَّ , ثلاثة أرباع الحزب (60),الجزء الثلاثون
3,مَا أَغْنَى عَنْهُ مَالُهُ وَمَا كَسَبَ , ثلاثة أرباع الحزب (60),الجزء الثلاثون
4,سَيَصْلَى نَارًا ذَاتَ لَهَبٍ , ثلاثة أرباع الحزب (60),الجزء الثلاثون
5,وَامْرَأَتُهُ حَمَّالَةَ الْحَطَبِ , ثلاثة أرباع الحزب (60),الجزء الثلاثون
6,فِي جِيدِهَا حَبْلٌ مِّن مَّسَدٍ , ثلاثة أرباع الحزب (60),الجزء الثلاثون
