﻿1,بسْمِ اللَّهِ الرَّحْمَنِ الرَّحِيمِ, ثلاثة أرباع الحزب (60),الجزء الثلاثون
2,قُلْ هُوَ اللَّهُ أَحَدٌ, ثلاثة أرباع الحزب (60),الجزء الثلاثون
3,اللَّهُ الصَّمَدُ, ثلاثة أرباع الحزب (60),الجزء الثلاثون
4,لَمْ يَلِدْ وَلَمْ يُولَدْ, ثلاثة أرباع الحزب (60),الجزء الثلاثون
5,وَلَمْ يَكُن لَّهُ كُفُوًا أَحَدٌ, ثلاثة أرباع الحزب (60),الجزء الثلاثون
