﻿1,بسْمِ اللَّهِ الرَّحْمَنِ الرَّحِيمِ , ثلاثة أرباع الحزب (60),الجزء الثلاثون
2,قُلْ أَعُوذُ بِرَبِّ الْفَلَقِ , ثلاثة أرباع الحزب (60),الجزء الثلاثون
3,مِن شَرِّ مَا خَلَقَ , ثلاثة أرباع الحزب (60),الجزء الثلاثون
4,وَمِن شَرِّ غَاسِقٍ إِذَا وَقَبَ , ثلاثة أرباع الحزب (60),الجزء الثلاثون
5,وَمِن شَرِّ النَّفَّاثَاتِ فِي الْعُقَدِ , ثلاثة أرباع الحزب (60),الجزء الثلاثون
6,وَمِن شَرِّ حَاسِدٍ إِذَا حَسَدَ , ثلاثة أرباع الحزب (60),الجزء الثلاثون
