﻿1,بسْمِ اللَّهِ الرَّحْمَنِ الرَّحِيمِ , ثلاثة أرباع الحزب (60),الجزء الثلاثون
2,قُلْ أَعُوذُ بِرَبِّ النَّاسِ , ثلاثة أرباع الحزب (60),الجزء الثلاثون
3,مَلِكِ النَّاسِ , ثلاثة أرباع الحزب (60),الجزء الثلاثون
4,إِلَهِ النَّاسِ , ثلاثة أرباع الحزب (60),الجزء الثلاثون
5,مِن شَرِّ الْوَسْوَاسِ الْخَنَّاسِ , ثلاثة أرباع الحزب (60),الجزء الثلاثون
6,الَّذِي يُوَسْوِسُ فِي صُدُورِ النَّاسِ , ثلاثة أرباع الحزب (60),الجزء الثلاثون
7,مِنَ الْجِنَّةِ وَ النَّاسِ , ثلاثة أرباع الحزب (60),الجزء الثلاثون
