﻿1,بِسۡمِ ٱللَّهِ ٱلرَّحۡمَٰنِ ٱلرَّحِيمِ , ربع الحزب (26),الجزء الثالث عشر
2,الٓرۚ كِتَٰبٌ أَنزَلۡنَٰهُ إِلَيۡكَ لِتُخۡرِجَ ٱلنَّاسَ مِنَ ٱلظُّلُمَٰتِ إِلَى ٱلنُّورِ بِإِذۡنِ رَبِّهِمۡ إِلَىٰ صِرَٰطِ ٱلۡعَزِيزِ ٱلۡحَمِيدِ, ربع الحزب (26),الجزء الثالث عشر
3,ٱللَّهِ ٱلَّذِي لَهُۥ مَا فِي ٱلسَّمَٰوَٰتِ وَمَا فِي ٱلۡأَرۡضِۗ وَوَيۡلٞ لِّلۡكَٰفِرِينَ مِنۡ عَذَابٖ شَدِيدٍ, ربع الحزب (26),الجزء الثالث عشر
4,ٱلَّذِينَ يَسۡتَحِبُّونَ ٱلۡحَيَوٰةَ ٱلدُّنۡيَا عَلَى ٱلۡأٓخِرَةِ وَيَصُدُّونَ عَن سَبِيلِ ٱللَّهِ وَيَبۡغُونَهَا عِوَجًاۚ أُوْلَٰٓئِكَ فِي ضَلَٰلِۢ بَعِيدٖ, ربع الحزب (26),الجزء الثالث عشر
5,وَمَآ أَرۡسَلۡنَا مِن رَّسُولٍ إِلَّا بِلِسَانِ قَوۡمِهِۦ لِيُبَيِّنَ لَهُمۡۖ فَيُضِلُّ ٱللَّهُ مَن يَشَآءُ وَيَهۡدِي مَن يَشَآءُۚ وَهُوَ ٱلۡعَزِيزُ ٱلۡحَكِيمُ, ربع الحزب (26),الجزء الثالث عشر
6,وَلَقَدۡ أَرۡسَلۡنَا مُوسَىٰ بِ‍َٔايَٰتِنَآ أَنۡ أَخۡرِجۡ قَوۡمَكَ مِنَ ٱلظُّلُمَٰتِ إِلَى ٱلنُّورِ وَذَكِّرۡهُم بِأَيَّىٰمِ ٱللَّهِۚ إِنَّ فِي ذَٰلِكَ لَأٓيَٰتٖ لِّكُلِّ صَبَّارٖ شَكُورٖ, ربع الحزب (26),الجزء الثالث عشر
7,وَإِذۡ قَالَ مُوسَىٰ لِقَوۡمِهِ ٱذۡكُرُواْ نِعۡمَةَ ٱللَّهِ عَلَيۡكُمۡ إِذۡ أَنجَىٰكُم مِّنۡ ءَالِ فِرۡعَوۡنَ يَسُومُونَكُمۡ سُوٓءَ ٱلۡعَذَابِ وَيُذَبِّحُونَ أَبۡنَآءَكُمۡ وَيَسۡتَحۡيُونَ نِسَآءَكُمۡۚ وَفِي ذَٰلِكُم بَلَآءٞ مِّن رَّبِّكُمۡ عَظِيمٞ, ربع الحزب (26),الجزء الثالث عشر
8,وَإِذۡ تَأَذَّنَ رَبُّكُمۡ لَئِن شَكَرۡتُمۡ لَأَزِيدَنَّكُمۡۖ وَلَئِن كَفَرۡتُمۡ إِنَّ عَذَابِي لَشَدِيدٞ, ربع الحزب (26),الجزء الثالث عشر
9,وَقَالَ مُوسَىٰٓ إِن تَكۡفُرُوٓاْ أَنتُمۡ وَمَن فِي ٱلۡأَرۡضِ جَمِيعٗا فَإِنَّ ٱللَّهَ لَغَنِيٌّ حَمِيدٌ, ربع الحزب (26),الجزء الثالث عشر
10,أَلَمۡ يَأۡتِكُمۡ نَبَؤُاْ ٱلَّذِينَ مِن قَبۡلِكُمۡ قَوۡمِ نُوحٖ وَعَادٖ وَثَمُودَ وَٱلَّذِينَ مِنۢ بَعۡدِهِمۡ لَا يَعۡلَمُهُمۡ إِلَّا ٱللَّهُۚ جَآءَتۡهُمۡ رُسُلُهُم بِٱلۡبَيِّنَٰتِ فَرَدُّوٓاْ أَيۡدِيَهُمۡ فِيٓ أَفۡوَٰهِهِمۡ وَقَالُوٓاْ إِنَّا كَفَرۡنَا بِمَآ أُرۡسِلۡتُم بِهِۦ وَإِنَّا لَفِي شَكّٖ مِّمَّا تَدۡعُونَنَآ إِلَيۡهِ مُرِيبٖ, ربع الحزب (26),الجزء الثالث عشر
11,۞قَالَتۡ رُسُلُهُمۡ أَفِي ٱللَّهِ شَكّٞ فَاطِرِ ٱلسَّمَٰوَٰتِ وَٱلۡأَرۡضِۖ يَدۡعُوكُمۡ لِيَغۡفِرَ لَكُم مِّن ذُنُوبِكُمۡ وَيُؤَخِّرَكُمۡ إِلَىٰٓ أَجَلٖ مُّسَمّٗىۚ قَالُوٓاْ إِنۡ أَنتُمۡ إِلَّا بَشَرٞ مِّثۡلُنَا تُرِيدُونَ أَن تَصُدُّونَا عَمَّا كَانَ يَعۡبُدُ ءَابَآؤُنَا فَأۡتُونَا بِسُلۡطَٰنٖ مُّبِينٖ, نصف الحزب (26),الجزء الثالث عشر
12,قَالَتۡ لَهُمۡ رُسُلُهُمۡ إِن نَّحۡنُ إِلَّا بَشَرٞ مِّثۡلُكُمۡ وَلَٰكِنَّ ٱللَّهَ يَمُنُّ عَلَىٰ مَن يَشَآءُ مِنۡ عِبَادِهِۦۖ وَمَا كَانَ لَنَآ أَن نَّأۡتِيَكُم بِسُلۡطَٰنٍ إِلَّا بِإِذۡنِ ٱللَّهِۚ وَعَلَى ٱللَّهِ فَلۡيَتَوَكَّلِ ٱلۡمُؤۡمِنُونَ, نصف الحزب (26),الجزء الثالث عشر
13,وَمَا لَنَآ أَلَّا نَتَوَكَّلَ عَلَى ٱللَّهِ وَقَدۡ هَدَىٰنَا سُبُلَنَاۚ وَلَنَصۡبِرَنَّ عَلَىٰ مَآ ءَاذَيۡتُمُونَاۚ وَعَلَى ٱللَّهِ فَلۡيَتَوَكَّلِ ٱلۡمُتَوَكِّلُونَ, نصف الحزب (26),الجزء الثالث عشر
14,وَقَالَ ٱلَّذِينَ كَفَرُواْ لِرُسُلِهِمۡ لَنُخۡرِجَنَّكُم مِّنۡ أَرۡضِنَآ أَوۡ لَتَعُودُنَّ فِي مِلَّتِنَاۖ فَأَوۡحَىٰٓ إِلَيۡهِمۡ رَبُّهُمۡ لَنُهۡلِكَنَّ ٱلظَّٰلِمِينَ, نصف الحزب (26),الجزء الثالث عشر
15,وَلَنُسۡكِنَنَّكُمُ ٱلۡأَرۡضَ مِنۢ بَعۡدِهِمۡۚ ذَٰلِكَ لِمَنۡ خَافَ مَقَامِي وَخَافَ وَعِيدِ, نصف الحزب (26),الجزء الثالث عشر
16,وَٱسۡتَفۡتَحُواْ وَخَابَ كُلُّ جَبَّارٍ عَنِيدٖ, نصف الحزب (26),الجزء الثالث عشر
17,مِّن وَرَآئِهِۦ جَهَنَّمُ وَيُسۡقَىٰ مِن مَّآءٖ صَدِيدٖ, نصف الحزب (26),الجزء الثالث عشر
18,يَتَجَرَّعُهُۥ وَلَا يَكَادُ يُسِيغُهُۥ وَيَأۡتِيهِ ٱلۡمَوۡتُ مِن كُلِّ مَكَانٖ وَمَا هُوَ بِمَيِّتٖۖ وَمِن وَرَآئِهِۦ عَذَابٌ غَلِيظٞ, نصف الحزب (26),الجزء الثالث عشر
19,مَّثَلُ ٱلَّذِينَ كَفَرُواْ بِرَبِّهِمۡۖ أَعۡمَٰلُهُمۡ كَرَمَادٍ ٱشۡتَدَّتۡ بِهِ ٱلرِّيحُ فِي يَوۡمٍ عَاصِفٖۖ لَّا يَقۡدِرُونَ مِمَّا كَسَبُواْ عَلَىٰ شَيۡءٖۚ ذَٰلِكَ هُوَ ٱلضَّلَٰلُ ٱلۡبَعِيدُ, نصف الحزب (26),الجزء الثالث عشر
20,أَلَمۡ تَرَ أَنَّ ٱللَّهَ خَلَقَ ٱلسَّمَٰوَٰتِ وَٱلۡأَرۡضَ بِٱلۡحَقِّۚ إِن يَشَأۡ يُذۡهِبۡكُمۡ وَيَأۡتِ بِخَلۡقٖ جَدِيدٖ, نصف الحزب (26),الجزء الثالث عشر
21,وَمَا ذَٰلِكَ عَلَى ٱللَّهِ بِعَزِيزٖ, نصف الحزب (26),الجزء الثالث عشر
22,وَبَرَزُواْ لِلَّهِ جَمِيعٗا فَقَالَ ٱلضُّعَفَٰٓؤُاْ لِلَّذِينَ ٱسۡتَكۡبَرُوٓاْ إِنَّا كُنَّا لَكُمۡ تَبَعٗا فَهَلۡ أَنتُم مُّغۡنُونَ عَنَّا مِنۡ عَذَابِ ٱللَّهِ مِن شَيۡءٖۚ قَالُواْ لَوۡ هَدَىٰنَا ٱللَّهُ لَهَدَيۡنَٰكُمۡۖ سَوَآءٌ عَلَيۡنَآ أَجَزِعۡنَآ أَمۡ صَبَرۡنَا مَا لَنَا مِن مَّحِيصٖ, نصف الحزب (26),الجزء الثالث عشر
23,وَقَالَ ٱلشَّيۡطَٰنُ لَمَّا قُضِيَ ٱلۡأَمۡرُ إِنَّ ٱللَّهَ وَعَدَكُمۡ وَعۡدَ ٱلۡحَقِّ وَوَعَدتُّكُمۡ فَأَخۡلَفۡتُكُمۡۖ وَمَا كَانَ لِيَ عَلَيۡكُم مِّن سُلۡطَٰنٍ إِلَّآ أَن دَعَوۡتُكُمۡ فَٱسۡتَجَبۡتُمۡ لِيۖ فَلَا تَلُومُونِي وَلُومُوٓاْ أَنفُسَكُمۖ مَّآ أَنَا۠ بِمُصۡرِخِكُمۡ وَمَآ أَنتُم بِمُصۡرِخِيَّ إِنِّي كَفَرۡتُ بِمَآ أَشۡرَكۡتُمُونِ مِن قَبۡلُۗ إِنَّ ٱلظَّٰلِمِينَ لَهُمۡ عَذَابٌ أَلِيمٞ, نصف الحزب (26),الجزء الثالث عشر
24,وَأُدۡخِلَ ٱلَّذِينَ ءَامَنُواْ وَعَمِلُواْ ٱلصَّٰلِحَٰتِ جَنَّٰتٖ تَجۡرِي مِن تَحۡتِهَا ٱلۡأَنۡهَٰرُ خَٰلِدِينَ فِيهَا بِإِذۡنِ رَبِّهِمۡۖ تَحِيَّتُهُمۡ فِيهَا سَلَٰمٌ, نصف الحزب (26),الجزء الثالث عشر
25,أَلَمۡ تَرَ كَيۡفَ ضَرَبَ ٱللَّهُ مَثَلٗا كَلِمَةٗ طَيِّبَةٗ كَشَجَرَةٖ طَيِّبَةٍ أَصۡلُهَا ثَابِتٞ وَفَرۡعُهَا فِي ٱلسَّمَآءِ, نصف الحزب (26),الجزء الثالث عشر
26,تُؤۡتِيٓ أُكُلَهَا كُلَّ حِينِۢ بِإِذۡنِ رَبِّهَاۗ وَيَضۡرِبُ ٱللَّهُ ٱلۡأَمۡثَالَ لِلنَّاسِ لَعَلَّهُمۡ يَتَذَكَّرُونَ, نصف الحزب (26),الجزء الثالث عشر
27,وَمَثَلُ كَلِمَةٍ خَبِيثَةٖ كَشَجَرَةٍ خَبِيثَةٍ ٱجۡتُثَّتۡ مِن فَوۡقِ ٱلۡأَرۡضِ مَا لَهَا مِن قَرَارٖ, نصف الحزب (26),الجزء الثالث عشر
28,يُثَبِّتُ ٱللَّهُ ٱلَّذِينَ ءَامَنُواْ بِٱلۡقَوۡلِ ٱلثَّابِتِ فِي ٱلۡحَيَوٰةِ ٱلدُّنۡيَا وَفِي ٱلۡأٓخِرَةِۖ وَيُضِلُّ ٱللَّهُ ٱلظَّٰلِمِينَۚ وَيَفۡعَلُ ٱللَّهُ مَا يَشَآءُ, نصف الحزب (26),الجزء الثالث عشر
29,۞أَلَمۡ تَرَ إِلَى ٱلَّذِينَ بَدَّلُواْ نِعۡمَتَ ٱللَّهِ كُفۡرٗا وَأَحَلُّواْ قَوۡمَهُمۡ دَارَ ٱلۡبَوَارِ, ثلاثة أرباع الحزب (26),الجزء الثالث عشر
30,جَهَنَّمَ يَصۡلَوۡنَهَاۖ وَبِئۡسَ ٱلۡقَرَارُ, ثلاثة أرباع الحزب (26),الجزء الثالث عشر
31,وَجَعَلُواْ لِلَّهِ أَندَادٗا لِّيُضِلُّواْ عَن سَبِيلِهِۦۗ قُلۡ تَمَتَّعُواْ فَإِنَّ مَصِيرَكُمۡ إِلَى ٱلنَّارِ, ثلاثة أرباع الحزب (26),الجزء الثالث عشر
32,قُل لِّعِبَادِيَ ٱلَّذِينَ ءَامَنُواْ يُقِيمُواْ ٱلصَّلَوٰةَ وَيُنفِقُواْ مِمَّا رَزَقۡنَٰهُمۡ سِرّٗا وَعَلَانِيَةٗ مِّن قَبۡلِ أَن يَأۡتِيَ يَوۡمٞ لَّا بَيۡعٞ فِيهِ وَلَا خِلَٰلٌ, ثلاثة أرباع الحزب (26),الجزء الثالث عشر
33,ٱللَّهُ ٱلَّذِي خَلَقَ ٱلسَّمَٰوَٰتِ وَٱلۡأَرۡضَ وَأَنزَلَ مِنَ ٱلسَّمَآءِ مَآءٗ فَأَخۡرَجَ بِهِۦ مِنَ ٱلثَّمَرَٰتِ رِزۡقٗا لَّكُمۡۖ وَسَخَّرَ لَكُمُ ٱلۡفُلۡكَ لِتَجۡرِيَ فِي ٱلۡبَحۡرِ بِأَمۡرِهِۦۖ وَسَخَّرَ لَكُمُ ٱلۡأَنۡهَٰرَ, ثلاثة أرباع الحزب (26),الجزء الثالث عشر
34,وَسَخَّرَ لَكُمُ ٱلشَّمۡسَ وَٱلۡقَمَرَ دَآئِبَيۡنِۖ وَسَخَّرَ لَكُمُ ٱلَّيۡلَ وَٱلنَّهَارَ, ثلاثة أرباع الحزب (26),الجزء الثالث عشر
35,وَءَاتَىٰكُم مِّن كُلِّ مَا سَأَلۡتُمُوهُۚ وَإِن تَعُدُّواْ نِعۡمَتَ ٱللَّهِ لَا تُحۡصُوهَآۗ إِنَّ ٱلۡإِنسَٰنَ لَظَلُومٞ كَفَّارٞ, ثلاثة أرباع الحزب (26),الجزء الثالث عشر
36,وَإِذۡ قَالَ إِبۡرَٰهِيمُ رَبِّ ٱجۡعَلۡ هَٰذَا ٱلۡبَلَدَ ءَامِنٗا وَٱجۡنُبۡنِي وَبَنِيَّ أَن نَّعۡبُدَ ٱلۡأَصۡنَامَ, ثلاثة أرباع الحزب (26),الجزء الثالث عشر
37,رَبِّ إِنَّهُنَّ أَضۡلَلۡنَ كَثِيرٗا مِّنَ ٱلنَّاسِۖ فَمَن تَبِعَنِي فَإِنَّهُۥ مِنِّيۖ وَمَنۡ عَصَانِي فَإِنَّكَ غَفُورٞ رَّحِيمٞ, ثلاثة أرباع الحزب (26),الجزء الثالث عشر
38,رَّبَّنَآ إِنِّيٓ أَسۡكَنتُ مِن ذُرِّيَّتِي بِوَادٍ غَيۡرِ ذِي زَرۡعٍ عِندَ بَيۡتِكَ ٱلۡمُحَرَّمِ رَبَّنَا لِيُقِيمُواْ ٱلصَّلَوٰةَ فَٱجۡعَلۡ أَفۡ‍ِٔدَةٗ مِّنَ ٱلنَّاسِ تَهۡوِيٓ إِلَيۡهِمۡ وَٱرۡزُقۡهُم مِّنَ ٱلثَّمَرَٰتِ لَعَلَّهُمۡ يَشۡكُرُونَ, ثلاثة أرباع الحزب (26),الجزء الثالث عشر
39,رَبَّنَآ إِنَّكَ تَعۡلَمُ مَا نُخۡفِي وَمَا نُعۡلِنُۗ وَمَا يَخۡفَىٰ عَلَى ٱللَّهِ مِن شَيۡءٖ فِي ٱلۡأَرۡضِ وَلَا فِي ٱلسَّمَآءِ, ثلاثة أرباع الحزب (26),الجزء الثالث عشر
40,ٱلۡحَمۡدُ لِلَّهِ ٱلَّذِي وَهَبَ لِي عَلَى ٱلۡكِبَرِ إِسۡمَٰعِيلَ وَإِسۡحَٰقَۚ إِنَّ رَبِّي لَسَمِيعُ ٱلدُّعَآءِ, ثلاثة أرباع الحزب (26),الجزء الثالث عشر
41,رَبِّ ٱجۡعَلۡنِي مُقِيمَ ٱلصَّلَوٰةِ وَمِن ذُرِّيَّتِيۚ رَبَّنَا وَتَقَبَّلۡ دُعَآءِ, ثلاثة أرباع الحزب (26),الجزء الثالث عشر
42,رَبَّنَا ٱغۡفِرۡ لِي وَلِوَٰلِدَيَّ وَلِلۡمُؤۡمِنِينَ يَوۡمَ يَقُومُ ٱلۡحِسَابُ, ثلاثة أرباع الحزب (26),الجزء الثالث عشر
43,وَلَا تَحۡسَبَنَّ ٱللَّهَ غَٰفِلًا عَمَّا يَعۡمَلُ ٱلظَّٰلِمُونَۚ إِنَّمَا يُؤَخِّرُهُمۡ لِيَوۡمٖ تَشۡخَصُ فِيهِ ٱلۡأَبۡصَٰرُ, ثلاثة أرباع الحزب (26),الجزء الثالث عشر
44,مُهۡطِعِينَ مُقۡنِعِي رُءُوسِهِمۡ لَا يَرۡتَدُّ إِلَيۡهِمۡ طَرۡفُهُمۡۖ وَأَفۡ‍ِٔدَتُهُمۡ هَوَآءٞ, ثلاثة أرباع الحزب (26),الجزء الثالث عشر
45,وَأَنذِرِ ٱلنَّاسَ يَوۡمَ يَأۡتِيهِمُ ٱلۡعَذَابُ فَيَقُولُ ٱلَّذِينَ ظَلَمُواْ رَبَّنَآ أَخِّرۡنَآ إِلَىٰٓ أَجَلٖ قَرِيبٖ نُّجِبۡ دَعۡوَتَكَ وَنَتَّبِعِ ٱلرُّسُلَۗ أَوَ لَمۡ تَكُونُوٓاْ أَقۡسَمۡتُم مِّن قَبۡلُ مَا لَكُم مِّن زَوَالٖ, ثلاثة أرباع الحزب (26),الجزء الثالث عشر
46,وَسَكَنتُمۡ فِي مَسَٰكِنِ ٱلَّذِينَ ظَلَمُوٓاْ أَنفُسَهُمۡ وَتَبَيَّنَ لَكُمۡ كَيۡفَ فَعَلۡنَا بِهِمۡ وَضَرَبۡنَا لَكُمُ ٱلۡأَمۡثَالَ, ثلاثة أرباع الحزب (26),الجزء الثالث عشر
47,وَقَدۡ مَكَرُواْ مَكۡرَهُمۡ وَعِندَ ٱللَّهِ مَكۡرُهُمۡ وَإِن كَانَ مَكۡرُهُمۡ لِتَزُولَ مِنۡهُ ٱلۡجِبَالُ, ثلاثة أرباع الحزب (26),الجزء الثالث عشر
48,فَلَا تَحۡسَبَنَّ ٱللَّهَ مُخۡلِفَ وَعۡدِهِۦ رُسُلَهُۥٓۚ إِنَّ ٱللَّهَ عَزِيزٞ ذُو ٱنتِقَامٖ, ثلاثة أرباع الحزب (26),الجزء الثالث عشر
49,يَوۡمَ تُبَدَّلُ ٱلۡأَرۡضُ غَيۡرَ ٱلۡأَرۡضِ وَٱلسَّمَٰوَٰتُۖ وَبَرَزُواْ لِلَّهِ ٱلۡوَٰحِدِ ٱلۡقَهَّارِ, ثلاثة أرباع الحزب (26),الجزء الثالث عشر
50,وَتَرَى ٱلۡمُجۡرِمِينَ يَوۡمَئِذٖ مُّقَرَّنِينَ فِي ٱلۡأَصۡفَادِ, ثلاثة أرباع الحزب (26),الجزء الثالث عشر
51,سَرَابِيلُهُم مِّن قَطِرَانٖ وَتَغۡشَىٰ وُجُوهَهُمُ ٱلنَّارُ, ثلاثة أرباع الحزب (26),الجزء الثالث عشر
52,لِيَجۡزِيَ ٱللَّهُ كُلَّ نَفۡسٖ مَّا كَسَبَتۡۚ إِنَّ ٱللَّهَ سَرِيعُ ٱلۡحِسَابِ, ثلاثة أرباع الحزب (26),الجزء الثالث عشر
53,هَٰذَا بَلَٰغٞ لِّلنَّاسِ وَلِيُنذَرُواْ بِهِۦ وَلِيَعۡلَمُوٓاْ أَنَّمَا هُوَ إِلَٰهٞ وَٰحِدٞ وَلِيَذَّكَّرَ أُوْلُواْ ٱلۡأَلۡبَٰبِ, ثلاثة أرباع الحزب (26),الجزء الثالث عشر
