﻿1,بِسْمِ اللَّهِ الرَّحْمَنِ الرَّحِيم, الحزب (27),الجزء الرابع عشر
2,۞ الر ۚ تِلْكَ آيَاتُ الْكِتَابِ وَقُرْآنٍ مُبِينٍ , الحزب (27),الجزء الرابع عشر
3,رُبَمَا يَوَدُّ الَّذِينَ كَفَرُوا لَوْ كَانُوا مُسْلِمِينَ , الحزب (27),الجزء الرابع عشر
4,ذَرْهُمْ يَأْكُلُوا وَيَتَمَتَّعُوا وَيُلْهِهِمُ الْأَمَلُ ۖ فَسَوْفَ يَعْلَمُونَ, الحزب (27),الجزء الرابع عشر
5,وَمَا أَهْلَكْنَا مِنْ قَرْيَةٍ إِلَّا وَلَهَا كِتَابٌ مَعْلُومٌ, الحزب (27),الجزء الرابع عشر
6,مَا تَسْبِقُ مِنْ أُمَّةٍ أَجَلَهَا وَمَا يَسْتَأْخِرُونَ, الحزب (27),الجزء الرابع عشر
7,وَقَالُوا يَا أَيُّهَا الَّذِي نُزِّلَ عَلَيْهِ الذِّكْرُ إِنَّكَ لَمَجْنُونٌ, الحزب (27),الجزء الرابع عشر
8,لَوْ مَا تَأْتِينَا بِالْمَلَائِكَةِ إِنْ كُنْتَ مِنَ الصَّادِقِينَ , الحزب (27),الجزء الرابع عشر
9,مَا نُنَزِّلُ الْمَلَائِكَةَ إِلَّا بِالْحَقِّ وَمَا كَانُوا إِذًا مُنْظَرِينَ , الحزب (27),الجزء الرابع عشر
10,إِنَّا نَحْنُ نَزَّلْنَا الذِّكْرَ وَإِنَّا لَهُ لَحَافِظُونَ, الحزب (27),الجزء الرابع عشر
11,وَلَقَدْ أَرْسَلْنَا مِنْ قَبْلِكَ فِي شِيَعِ الْأَوَّلِينَ , الحزب (27),الجزء الرابع عشر
12,وَمَا يَأْتِيهِمْ مِنْ رَسُولٍ إِلَّا كَانُوا بِهِ يَسْتَهْزِئُونَ, الحزب (27),الجزء الرابع عشر
13,كَذَٰلِكَ نَسْلُكُهُ فِي قُلُوبِ الْمُجْرِمِينَ , الحزب (27),الجزء الرابع عشر
14,لَا يُؤْمِنُونَ بِهِ ۖ وَقَدْ خَلَتْ سُنَّةُ الْأَوَّلِينَ, الحزب (27),الجزء الرابع عشر
15,وَلَوْ فَتَحْنَا عَلَيْهِمْ بَابًا مِنَ السَّمَاءِ فَظَلُّوا فِيهِ يَعْرُجُونَ , الحزب (27),الجزء الرابع عشر
16,لَقَالُوا إِنَّمَا سُكِّرَتْ أَبْصَارُنَا بَلْ نَحْنُ قَوْمٌ مَسْحُورُونَ, الحزب (27),الجزء الرابع عشر
17,وَلَقَدْ جَعَلْنَا فِي السَّمَاءِ بُرُوجًا وَزَيَّنَّاهَا لِلنَّاظِرِينَ, الحزب (27),الجزء الرابع عشر
18,وَحَفِظْنَاهَا مِنْ كُلِّ شَيْطَانٍ رَجِيمٍ, الحزب (27),الجزء الرابع عشر
19,إِلَّا مَنِ اسْتَرَقَ السَّمْعَ فَأَتْبَعَهُ شِهَابٌ مُبِينٌ , الحزب (27),الجزء الرابع عشر
20,وَالْأَرْضَ مَدَدْنَاهَا وَأَلْقَيْنَا فِيهَا رَوَاسِيَ وَأَنْبَتْنَا فِيهَا مِنْ كُلِّ شَيْءٍ مَوْزُونٍ , الحزب (27),الجزء الرابع عشر
21,وَجَعَلْنَا لَكُمْ فِيهَا مَعَايِشَ وَمَنْ لَسْتُمْ لَهُ بِرَازِقِينَ, الحزب (27),الجزء الرابع عشر
22,وَإِنْ مِنْ شَيْءٍ إِلَّا عِنْدَنَا خَزَائِنُهُ وَمَا نُنَزِّلُهُ إِلَّا بِقَدَرٍ مَعْلُومٍ, الحزب (27),الجزء الرابع عشر
23,وَأَرْسَلْنَا الرِّيَاحَ لَوَاقِحَ فَأَنْزَلْنَا مِنَ السَّمَاءِ مَاءً فَأَسْقَيْنَاكُمُوهُ وَمَا أَنْتُمْ لَهُ بِخَازِنِينَ, الحزب (27),الجزء الرابع عشر
24,وَإِنَّا لَنَحْنُ نُحْيِي وَنُمِيتُ وَنَحْنُ الْوَارِثُونَ , الحزب (27),الجزء الرابع عشر
25,وَلَقَدْ عَلِمْنَا الْمُسْتَقْدِمِينَ مِنْكُمْ وَلَقَدْ عَلِمْنَا الْمُسْتَأْخِرِينَ, الحزب (27),الجزء الرابع عشر
26,وَإِنَّ رَبَّكَ هُوَ يَحْشُرُهُمْ ۚ إِنَّهُ حَكِيمٌ عَلِيمٌ , الحزب (27),الجزء الرابع عشر
27,وَلَقَدْ خَلَقْنَا الْإِنْسَانَ مِنْ صَلْصَالٍ مِنْ حَمَإٍ مَسْنُونٍ, الحزب (27),الجزء الرابع عشر
28,وَالْجَانَّ خَلَقْنَاهُ مِنْ قَبْلُ مِنْ نَارِ السَّمُومِ , الحزب (27),الجزء الرابع عشر
29,وَإِذْ قَالَ رَبُّكَ لِلْمَلَائِكَةِ إِنِّي خَالِقٌ بَشَرًا مِنْ صَلْصَالٍ مِنْ حَمَإٍ مَسْنُونٍ , الحزب (27),الجزء الرابع عشر
30,فَإِذَا سَوَّيْتُهُ وَنَفَخْتُ فِيهِ مِنْ رُوحِي فَقَعُوا لَهُ سَاجِدِينَ, الحزب (27),الجزء الرابع عشر
31,فَسَجَدَ الْمَلَائِكَةُ كُلُّهُمْ أَجْمَعُونَ, الحزب (27),الجزء الرابع عشر
32,إِلَّا إِبْلِيسَ أَبَىٰ أَنْ يَكُونَ مَعَ السَّاجِدِينَ , الحزب (27),الجزء الرابع عشر
33,قَالَ يَا إِبْلِيسُ مَا لَكَ أَلَّا تَكُونَ مَعَ السَّاجِدِينَ , الحزب (27),الجزء الرابع عشر
34,قَالَ لَمْ أَكُنْ لِأَسْجُدَ لِبَشَرٍ خَلَقْتَهُ مِنْ صَلْصَالٍ مِنْ حَمَإٍ مَسْنُونٍ , الحزب (27),الجزء الرابع عشر
35,قَالَ فَاخْرُجْ مِنْهَا فَإِنَّكَ رَجِيمٌ, الحزب (27),الجزء الرابع عشر
36,وَإِنَّ عَلَيْكَ اللَّعْنَةَ إِلَىٰ يَوْمِ الدِّينِ , الحزب (27),الجزء الرابع عشر
37,قَالَ رَبِّ فَأَنْظِرْنِي إِلَىٰ يَوْمِ يُبْعَثُونَ, الحزب (27),الجزء الرابع عشر
38,قَالَ فَإِنَّكَ مِنَ الْمُنْظَرِينَ, الحزب (27),الجزء الرابع عشر
39,إِلَىٰ يَوْمِ الْوَقْتِ الْمَعْلُومِ, الحزب (27),الجزء الرابع عشر
40,قَالَ رَبِّ بِمَا أَغْوَيْتَنِي لَأُزَيِّنَنَّ لَهُمْ فِي الْأَرْضِ وَلَأُغْوِيَنَّهُمْ أَجْمَعِينَ , الحزب (27),الجزء الرابع عشر
41,إِلَّا عِبَادَكَ مِنْهُمُ الْمُخْلَصِينَ , الحزب (27),الجزء الرابع عشر
42,قَالَ هَٰذَا صِرَاطٌ عَلَيَّ مُسْتَقِيمٌ , الحزب (27),الجزء الرابع عشر
43,إِنَّ عِبَادِي لَيْسَ لَكَ عَلَيْهِمْ سُلْطَانٌ إِلَّا مَنِ اتَّبَعَكَ مِنَ الْغَاوِينَ , الحزب (27),الجزء الرابع عشر
44,وَإِنَّ جَهَنَّمَ لَمَوْعِدُهُمْ أَجْمَعِينَ, الحزب (27),الجزء الرابع عشر
45,لَهَا سَبْعَةُ أَبْوَابٍ لِكُلِّ بَابٍ مِنْهُمْ جُزْءٌ مَقْسُومٌ, الحزب (27),الجزء الرابع عشر
46,إِنَّ الْمُتَّقِينَ فِي جَنَّاتٍ وَعُيُونٍ, الحزب (27),الجزء الرابع عشر
47,ادْخُلُوهَا بِسَلَامٍ آمِنِينَ , الحزب (27),الجزء الرابع عشر
48,وَنَزَعْنَا مَا فِي صُدُورِهِمْ مِنْ غِلٍّ إِخْوَانًا عَلَىٰ سُرُرٍ مُتَقَابِلِينَ , الحزب (27),الجزء الرابع عشر
49,لَا يَمَسُّهُمْ فِيهَا نَصَبٌ وَمَا هُمْ مِنْهَا بِمُخْرَجِينَ , الحزب (27),الجزء الرابع عشر
50,۞ نَبِّئْ عِبَادِي أَنِّي أَنَا الْغَفُورُ الرَّحِيمُ, ربع الحزب (27),الجزء الرابع عشر
51,وَأَنَّ عَذَابِي هُوَ الْعَذَابُ الْأَلِيمُ , ربع الحزب (27),الجزء الرابع عشر
52,وَنَبِّئْهُمْ عَنْ ضَيْفِ إِبْرَاهِيمَ , ربع الحزب (27),الجزء الرابع عشر
53,إِذْ دَخَلُوا عَلَيْهِ فَقَالُوا سَلَامًا قَالَ إِنَّا مِنْكُمْ وَجِلُونَ, ربع الحزب (27),الجزء الرابع عشر
54,قَالُوا لَا تَوْجَلْ إِنَّا نُبَشِّرُكَ بِغُلَامٍ عَلِيمٍ, ربع الحزب (27),الجزء الرابع عشر
55,قَالَ أَبَشَّرْتُمُونِي عَلَىٰ أَنْ مَسَّنِيَ الْكِبَرُ فَبِمَ تُبَشِّرُونَ, ربع الحزب (27),الجزء الرابع عشر
56,قَالُوا بَشَّرْنَاكَ بِالْحَقِّ فَلَا تَكُنْ مِنَ الْقَانِطِينَ, ربع الحزب (27),الجزء الرابع عشر
57,قَالَ وَمَنْ يَقْنَطُ مِنْ رَحْمَةِ رَبِّهِ إِلَّا الضَّالُّونَ, ربع الحزب (27),الجزء الرابع عشر
58,قَالَ فَمَا خَطْبُكُمْ أَيُّهَا الْمُرْسَلُونَ , ربع الحزب (27),الجزء الرابع عشر
59,قَالُوا إِنَّا أُرْسِلْنَا إِلَىٰ قَوْمٍ مُجْرِمِينَ , ربع الحزب (27),الجزء الرابع عشر
60,إِلَّا آلَ لُوطٍ إِنَّا لَمُنَجُّوهُمْ أَجْمَعِينَ, ربع الحزب (27),الجزء الرابع عشر
61,إِلَّا امْرَأَتَهُ قَدَّرْنَا ۙ إِنَّهَا لَمِنَ الْغَابِرِينَ, ربع الحزب (27),الجزء الرابع عشر
62,فَلَمَّا جَاءَ آلَ لُوطٍ الْمُرْسَلُونَ , ربع الحزب (27),الجزء الرابع عشر
63,قَالَ إِنَّكُمْ قَوْمٌ مُنْكَرُونَ , ربع الحزب (27),الجزء الرابع عشر
64,قَالُوا بَلْ جِئْنَاكَ بِمَا كَانُوا فِيهِ يَمْتَرُونَ, ربع الحزب (27),الجزء الرابع عشر
65,وَأَتَيْنَاكَ بِالْحَقِّ وَإِنَّا لَصَادِقُونَ, ربع الحزب (27),الجزء الرابع عشر
66,فَأَسْرِ بِأَهْلِكَ بِقِطْعٍ مِنَ اللَّيْلِ وَاتَّبِعْ أَدْبَارَهُمْ وَلَا يَلْتَفِتْ مِنْكُمْ أَحَدٌ وَامْضُوا حَيْثُ تُؤْمَرُونَ, ربع الحزب (27),الجزء الرابع عشر
67,وَقَضَيْنَا إِلَيْهِ ذَٰلِكَ الْأَمْرَ أَنَّ دَابِرَ هَٰؤُلَاءِ مَقْطُوعٌ مُصْبِحِينَ , ربع الحزب (27),الجزء الرابع عشر
68,وَجَاءَ أَهْلُ الْمَدِينَةِ يَسْتَبْشِرُونَ , ربع الحزب (27),الجزء الرابع عشر
69,قَالَ إِنَّ هَٰؤُلَاءِ ضَيْفِي فَلَا تَفْضَحُونِ , ربع الحزب (27),الجزء الرابع عشر
70,وَاتَّقُوا اللَّهَ وَلَا تُخْزُونِ, ربع الحزب (27),الجزء الرابع عشر
71,قَالُوا أَوَلَمْ نَنْهَكَ عَنِ الْعَالَمِينَ , ربع الحزب (27),الجزء الرابع عشر
72,قَالَ هَٰؤُلَاءِ بَنَاتِي إِنْ كُنْتُمْ فَاعِلِينَ, ربع الحزب (27),الجزء الرابع عشر
73,لَعَمْرُكَ إِنَّهُمْ لَفِي سَكْرَتِهِمْ يَعْمَهُونَ , ربع الحزب (27),الجزء الرابع عشر
74,فَأَخَذَتْهُمُ الصَّيْحَةُ مُشْرِقِينَ, ربع الحزب (27),الجزء الرابع عشر
75,فَجَعَلْنَا عَالِيَهَا سَافِلَهَا وَأَمْطَرْنَا عَلَيْهِمْ حِجَارَةً مِنْ سِجِّيلٍ , ربع الحزب (27),الجزء الرابع عشر
76,إِنَّ فِي ذَٰلِكَ لَآيَاتٍ لِلْمُتَوَسِّمِينَ, ربع الحزب (27),الجزء الرابع عشر
77,وَإِنَّهَا لَبِسَبِيلٍ مُقِيمٍ, ربع الحزب (27),الجزء الرابع عشر
78,إِنَّ فِي ذَٰلِكَ لَآيَةً لِلْمُؤْمِنِينَ, ربع الحزب (27),الجزء الرابع عشر
79,وَإِنْ كَانَ أَصْحَابُ الْأَيْكَةِ لَظَالِمِينَ, ربع الحزب (27),الجزء الرابع عشر
80,فَانْتَقَمْنَا مِنْهُمْ وَإِنَّهُمَا لَبِإِمَامٍ مُبِينٍ, ربع الحزب (27),الجزء الرابع عشر
81,وَلَقَدْ كَذَّبَ أَصْحَابُ الْحِجْرِ الْمُرْسَلِينَ, ربع الحزب (27),الجزء الرابع عشر
82,وَآتَيْنَاهُمْ آيَاتِنَا فَكَانُوا عَنْهَا مُعْرِضِينَ, ربع الحزب (27),الجزء الرابع عشر
83,وَكَانُوا يَنْحِتُونَ مِنَ الْجِبَالِ بُيُوتًا آمِنِينَ , ربع الحزب (27),الجزء الرابع عشر
84,فَأَخَذَتْهُمُ الصَّيْحَةُ مُصْبِحِينَ , ربع الحزب (27),الجزء الرابع عشر
85,فَمَا أَغْنَىٰ عَنْهُمْ مَا كَانُوا يَكْسِبُونَ , ربع الحزب (27),الجزء الرابع عشر
86,وَمَا خَلَقْنَا السَّمَاوَاتِ وَالْأَرْضَ وَمَا بَيْنَهُمَا إِلَّا بِالْحَقِّ ۗ وَإِنَّ السَّاعَةَ لَآتِيَةٌ ۖ فَاصْفَحِ الصَّفْحَ الْجَمِيلَ, ربع الحزب (27),الجزء الرابع عشر
87,إِنَّ رَبَّكَ هُوَ الْخَلَّاقُ الْعَلِيمُ, ربع الحزب (27),الجزء الرابع عشر
88,وَلَقَدْ آتَيْنَاكَ سَبْعًا مِنَ الْمَثَانِي وَالْقُرْآنَ الْعَظِيمَ , ربع الحزب (27),الجزء الرابع عشر
89,لَا تَمُدَّنَّ عَيْنَيْكَ إِلَىٰ مَا مَتَّعْنَا بِهِ أَزْوَاجًا مِنْهُمْ وَلَا تَحْزَنْ عَلَيْهِمْ وَاخْفِضْ جَنَاحَكَ لِلْمُؤْمِنِينَ , ربع الحزب (27),الجزء الرابع عشر
90,وَقُلْ إِنِّي أَنَا النَّذِيرُ الْمُبِينُ, ربع الحزب (27),الجزء الرابع عشر
91,كَمَا أَنْزَلْنَا عَلَى الْمُقْتَسِمِينَ , ربع الحزب (27),الجزء الرابع عشر
92,الَّذِينَ جَعَلُوا الْقُرْآنَ عِضِينَ , ربع الحزب (27),الجزء الرابع عشر
93,فَوَرَبِّكَ لَنَسْأَلَنَّهُمْ أَجْمَعِينَ, ربع الحزب (27),الجزء الرابع عشر
94,عَمَّا كَانُوا يَعْمَلُونَ, ربع الحزب (27),الجزء الرابع عشر
95,فَاصْدَعْ بِمَا تُؤْمَرُ وَأَعْرِضْ عَنِ الْمُشْرِكِينَ , ربع الحزب (27),الجزء الرابع عشر
96,إِنَّا كَفَيْنَاكَ الْمُسْتَهْزِئِينَ, ربع الحزب (27),الجزء الرابع عشر
97,الَّذِينَ يَجْعَلُونَ مَعَ اللَّهِ إِلَٰهًا آخَرَ ۚ فَسَوْفَ يَعْلَمُونَ , ربع الحزب (27),الجزء الرابع عشر
98,وَلَقَدْ نَعْلَمُ أَنَّكَ يَضِيقُ صَدْرُكَ بِمَا يَقُولُونَ, ربع الحزب (27),الجزء الرابع عشر
99,فَسَبِّحْ بِحَمْدِ رَبِّكَ وَكُنْ مِنَ السَّاجِدِينَ , ربع الحزب (27),الجزء الرابع عشر
100,وَاعْبُدْ رَبَّكَ حَتَّىٰ يَأْتِيَكَ الْيَقِينُ, ربع الحزب (27),الجزء الرابع عشر
