﻿1,بِسْمِ اللَّهِ الرَّحْمَنِ الرَّحِيم, نصف الحزب (27),الجزء الرابع عشر
2,۞ أَتَىٰ أَمْرُ اللَّهِ فَلَا تَسْتَعْجِلُوهُ ۚ سُبْحَانَهُ وَتَعَالَىٰ عَمَّا يُشْرِكُونَ , نصف الحزب (27),الجزء الرابع عشر
3,يُنَزِّلُ الْمَلَائِكَةَ بِالرُّوحِ مِنْ أَمْرِهِ عَلَىٰ مَنْ يَشَاءُ مِنْ عِبَادِهِ أَنْ أَنْذِرُوا أَنَّهُ لَا إِلَٰهَ إِلَّا أَنَا فَاتَّقُونِ, نصف الحزب (27),الجزء الرابع عشر
4,خَلَقَ السَّمَاوَاتِ وَالْأَرْضَ بِالْحَقِّ ۚ تَعَالَىٰ عَمَّا يُشْرِكُونَ , نصف الحزب (27),الجزء الرابع عشر
5,خَلَقَ الْإِنْسَانَ مِنْ نُطْفَةٍ فَإِذَا هُوَ خَصِيمٌ مُبِينٌ, نصف الحزب (27),الجزء الرابع عشر
6,وَالْأَنْعَامَ خَلَقَهَا ۗ لَكُمْ فِيهَا دِفْءٌ وَمَنَافِعُ وَمِنْهَا تَأْكُلُونَ, نصف الحزب (27),الجزء الرابع عشر
7,وَلَكُمْ فِيهَا جَمَالٌ حِينَ تُرِيحُونَ وَحِينَ تَسْرَحُونَ , نصف الحزب (27),الجزء الرابع عشر
8,وَتَحْمِلُ أَثْقَالَكُمْ إِلَىٰ بَلَدٍ لَمْ تَكُونُوا بَالِغِيهِ إِلَّا بِشِقِّ الْأَنْفُسِ ۚ إِنَّ رَبَّكُمْ لَرَءُوفٌ رَحِيمٌ, نصف الحزب (27),الجزء الرابع عشر
9,وَالْخَيْلَ وَالْبِغَالَ وَالْحَمِيرَ لِتَرْكَبُوهَا وَزِينَةً ۚ وَيَخْلُقُ مَا لَا تَعْلَمُونَ, نصف الحزب (27),الجزء الرابع عشر
10,وَعَلَى اللَّهِ قَصْدُ السَّبِيلِ وَمِنْهَا جَائِرٌ ۚ وَلَوْ شَاءَ لَهَدَاكُمْ أَجْمَعِينَ, نصف الحزب (27),الجزء الرابع عشر
11,هُوَ الَّذِي أَنْزَلَ مِنَ السَّمَاءِ مَاءً ۖ لَكُمْ مِنْهُ شَرَابٌ وَمِنْهُ شَجَرٌ فِيهِ تُسِيمُونَ , نصف الحزب (27),الجزء الرابع عشر
12,يُنْبِتُ لَكُمْ بِهِ الزَّرْعَ وَالزَّيْتُونَ وَالنَّخِيلَ وَالْأَعْنَابَ وَمِنْ كُلِّ الثَّمَرَاتِ ۗ إِنَّ فِي ذَٰلِكَ لَآيَةً لِقَوْمٍ يَتَفَكَّرُونَ , نصف الحزب (27),الجزء الرابع عشر
13,وَسَخَّرَ لَكُمُ اللَّيْلَ وَالنَّهَارَ وَالشَّمْسَ وَالْقَمَرَ ۖ وَالنُّجُومُ مُسَخَّرَاتٌ بِأَمْرِهِ ۗ إِنَّ فِي ذَٰلِكَ لَآيَاتٍ لِقَوْمٍ يَعْقِلُونَ, نصف الحزب (27),الجزء الرابع عشر
14,وَمَا ذَرَأَ لَكُمْ فِي الْأَرْضِ مُخْتَلِفًا أَلْوَانُهُ ۗ إِنَّ فِي ذَٰلِكَ لَآيَةً لِقَوْمٍ يَذَّكَّرُونَ , نصف الحزب (27),الجزء الرابع عشر
15,وَهُوَ الَّذِي سَخَّرَ الْبَحْرَ لِتَأْكُلُوا مِنْهُ لَحْمًا طَرِيًّا وَتَسْتَخْرِجُوا مِنْهُ حِلْيَةً تَلْبَسُونَهَا وَتَرَى الْفُلْكَ مَوَاخِرَ فِيهِ وَلِتَبْتَغُوا مِنْ فَضْلِهِ وَلَعَلَّكُمْ تَشْكُرُونَ , نصف الحزب (27),الجزء الرابع عشر
16,وَأَلْقَىٰ فِي الْأَرْضِ رَوَاسِيَ أَنْ تَمِيدَ بِكُمْ وَأَنْهَارًا وَسُبُلًا لَعَلَّكُمْ تَهْتَدُونَ , نصف الحزب (27),الجزء الرابع عشر
17,وَعَلَامَاتٍ ۚ وَبِالنَّجْمِ هُمْ يَهْتَدُونَ , نصف الحزب (27),الجزء الرابع عشر
18,أَفَمَنْ يَخْلُقُ كَمَنْ لَا يَخْلُقُ ۗ أَفَلَا تَذَكَّرُونَ, نصف الحزب (27),الجزء الرابع عشر
19,وَإِنْ تَعُدُّوا نِعْمَةَ اللَّهِ لَا تُحْصُوهَا ۗ إِنَّ اللَّهَ لَغَفُورٌ رَحِيمٌ , نصف الحزب (27),الجزء الرابع عشر
20,وَاللَّهُ يَعْلَمُ مَا تُسِرُّونَ وَمَا تُعْلِنُونَ, نصف الحزب (27),الجزء الرابع عشر
21,وَالَّذِينَ يَدْعُونَ مِنْ دُونِ اللَّهِ لَا يَخْلُقُونَ شَيْئًا وَهُمْ يُخْلَقُونَ , نصف الحزب (27),الجزء الرابع عشر
22,أَمْوَاتٌ غَيْرُ أَحْيَاءٍ ۖ وَمَا يَشْعُرُونَ أَيَّانَ يُبْعَثُونَ , نصف الحزب (27),الجزء الرابع عشر
23,إِلَٰهُكُمْ إِلَٰهٌ وَاحِدٌ ۚ فَالَّذِينَ لَا يُؤْمِنُونَ بِالْآخِرَةِ قُلُوبُهُمْ مُنْكِرَةٌ وَهُمْ مُسْتَكْبِرُونَ, نصف الحزب (27),الجزء الرابع عشر
24,لَا جَرَمَ أَنَّ اللَّهَ يَعْلَمُ مَا يُسِرُّونَ وَمَا يُعْلِنُونَ ۚ إِنَّهُ لَا يُحِبُّ الْمُسْتَكْبِرِينَ, نصف الحزب (27),الجزء الرابع عشر
25,وَإِذَا قِيلَ لَهُمْ مَاذَا أَنْزَلَ رَبُّكُمْ ۙ قَالُوا أَسَاطِيرُ الْأَوَّلِينَ , نصف الحزب (27),الجزء الرابع عشر
26,لِيَحْمِلُوا أَوْزَارَهُمْ كَامِلَةً يَوْمَ الْقِيَامَةِ ۙ وَمِنْ أَوْزَارِ الَّذِينَ يُضِلُّونَهُمْ بِغَيْرِ عِلْمٍ ۗ أَلَا سَاءَ مَا يَزِرُونَ , نصف الحزب (27),الجزء الرابع عشر
27,قَدْ مَكَرَ الَّذِينَ مِنْ قَبْلِهِمْ فَأَتَى اللَّهُ بُنْيَانَهُمْ مِنَ الْقَوَاعِدِ فَخَرَّ عَلَيْهِمُ السَّقْفُ مِنْ فَوْقِهِمْ وَأَتَاهُمُ الْعَذَابُ مِنْ حَيْثُ لَا يَشْعُرُونَ, نصف الحزب (27),الجزء الرابع عشر
28,ثُمَّ يَوْمَ الْقِيَامَةِ يُخْزِيهِمْ وَيَقُولُ أَيْنَ شُرَكَائِيَ الَّذِينَ كُنْتُمْ تُشَاقُّونَ فِيهِمْ ۚ قَالَ الَّذِينَ أُوتُوا الْعِلْمَ إِنَّ الْخِزْيَ الْيَوْمَ وَالسُّوءَ عَلَى الْكَافِرِينَ , نصف الحزب (27),الجزء الرابع عشر
29,الَّذِينَ تَتَوَفَّاهُمُ الْمَلَائِكَةُ ظَالِمِي أَنْفُسِهِمْ ۖ فَأَلْقَوُا السَّلَمَ مَا كُنَّا نَعْمَلُ مِنْ سُوءٍ ۚ بَلَىٰ إِنَّ اللَّهَ عَلِيمٌ بِمَا كُنْتُمْ تَعْمَلُونَ, نصف الحزب (27),الجزء الرابع عشر
30,فَادْخُلُوا أَبْوَابَ جَهَنَّمَ خَالِدِينَ فِيهَا ۖ فَلَبِئْسَ مَثْوَى الْمُتَكَبِّرِينَ , نصف الحزب (27),الجزء الرابع عشر
31,۞ وَقِيلَ لِلَّذِينَ اتَّقَوْا مَاذَا أَنْزَلَ رَبُّكُمْ ۚ قَالُوا خَيْرًا ۗ لِلَّذِينَ أَحْسَنُوا فِي هَٰذِهِ الدُّنْيَا حَسَنَةٌ ۚ وَلَدَارُ الْآخِرَةِ خَيْرٌ ۚ وَلَنِعْمَ دَارُ الْمُتَّقِينَ , ثلاثة أرباع الحزب (27),الجزء الرابع عشر
32,جَنَّاتُ عَدْنٍ يَدْخُلُونَهَا تَجْرِي مِنْ تَحْتِهَا الْأَنْهَارُ ۖ لَهُمْ فِيهَا مَا يَشَاءُونَ ۚ كَذَٰلِكَ يَجْزِي اللَّهُ الْمُتَّقِينَ , ثلاثة أرباع الحزب (27),الجزء الرابع عشر
33,الَّذِينَ تَتَوَفَّاهُمُ الْمَلَائِكَةُ طَيِّبِينَ ۙ يَقُولُونَ سَلَامٌ عَلَيْكُمُ ادْخُلُوا الْجَنَّةَ بِمَا كُنْتُمْ تَعْمَلُونَ , ثلاثة أرباع الحزب (27),الجزء الرابع عشر
34,هَلْ يَنْظُرُونَ إِلَّا أَنْ تَأْتِيَهُمُ الْمَلَائِكَةُ أَوْ يَأْتِيَ أَمْرُ رَبِّكَ ۚ كَذَٰلِكَ فَعَلَ الَّذِينَ مِنْ قَبْلِهِمْ ۚ وَمَا ظَلَمَهُمُ اللَّهُ وَلَٰكِنْ كَانُوا أَنْفُسَهُمْ يَظْلِمُونَ , ثلاثة أرباع الحزب (27),الجزء الرابع عشر
35,فَأَصَابَهُمْ سَيِّئَاتُ مَا عَمِلُوا وَحَاقَ بِهِمْ مَا كَانُوا بِهِ يَسْتَهْزِئُونَ , ثلاثة أرباع الحزب (27),الجزء الرابع عشر
36,وَقَالَ الَّذِينَ أَشْرَكُوا لَوْ شَاءَ اللَّهُ مَا عَبَدْنَا مِنْ دُونِهِ مِنْ شَيْءٍ نَحْنُ وَلَا آبَاؤُنَا وَلَا حَرَّمْنَا مِنْ دُونِهِ مِنْ شَيْءٍ ۚ كَذَٰلِكَ فَعَلَ الَّذِينَ مِنْ قَبْلِهِمْ ۚ فَهَلْ عَلَى الرُّسُلِ إِلَّا الْبَلَاغُ الْمُبِينُ, ثلاثة أرباع الحزب (27),الجزء الرابع عشر
37,وَلَقَدْ بَعَثْنَا فِي كُلِّ أُمَّةٍ رَسُولًا أَنِ اعْبُدُوا اللَّهَ وَاجْتَنِبُوا الطَّاغُوتَ ۖ فَمِنْهُمْ مَنْ هَدَى اللَّهُ وَمِنْهُمْ مَنْ حَقَّتْ عَلَيْهِ الضَّلَالَةُ ۚ فَسِيرُوا فِي الْأَرْضِ فَانْظُرُوا كَيْفَ كَانَ عَاقِبَةُ الْمُكَذِّبِينَ, ثلاثة أرباع الحزب (27),الجزء الرابع عشر
38,إِنْ تَحْرِصْ عَلَىٰ هُدَاهُمْ فَإِنَّ اللَّهَ لَا يَهْدِي مَنْ يُضِلُّ ۖ وَمَا لَهُمْ مِنْ نَاصِرِينَ , ثلاثة أرباع الحزب (27),الجزء الرابع عشر
39,وَأَقْسَمُوا بِاللَّهِ جَهْدَ أَيْمَانِهِمْ ۙ لَا يَبْعَثُ اللَّهُ مَنْ يَمُوتُ ۚ بَلَىٰ وَعْدًا عَلَيْهِ حَقًّا وَلَٰكِنَّ أَكْثَرَ النَّاسِ لَا يَعْلَمُونَ , ثلاثة أرباع الحزب (27),الجزء الرابع عشر
40,لِيُبَيِّنَ لَهُمُ الَّذِي يَخْتَلِفُونَ فِيهِ وَلِيَعْلَمَ الَّذِينَ كَفَرُوا أَنَّهُمْ كَانُوا كَاذِبِينَ , ثلاثة أرباع الحزب (27),الجزء الرابع عشر
41,إِنَّمَا قَوْلُنَا لِشَيْءٍ إِذَا أَرَدْنَاهُ أَنْ نَقُولَ لَهُ كُنْ فَيَكُونُ , ثلاثة أرباع الحزب (27),الجزء الرابع عشر
42,وَالَّذِينَ هَاجَرُوا فِي اللَّهِ مِنْ بَعْدِ مَا ظُلِمُوا لَنُبَوِّئَنَّهُمْ فِي الدُّنْيَا حَسَنَةً ۖ وَلَأَجْرُ الْآخِرَةِ أَكْبَرُ ۚ لَوْ كَانُوا يَعْلَمُونَ, ثلاثة أرباع الحزب (27),الجزء الرابع عشر
43,الَّذِينَ صَبَرُوا وَعَلَىٰ رَبِّهِمْ يَتَوَكَّلُونَ, ثلاثة أرباع الحزب (27),الجزء الرابع عشر
44,وَمَا أَرْسَلْنَا مِنْ قَبْلِكَ إِلَّا رِجَالًا نُوحِي إِلَيْهِمْ ۚ فَاسْأَلُوا أَهْلَ الذِّكْرِ إِنْ كُنْتُمْ لَا تَعْلَمُونَ, ثلاثة أرباع الحزب (27),الجزء الرابع عشر
45,بِالْبَيِّنَاتِ وَالزُّبُرِ ۗ وَأَنْزَلْنَا إِلَيْكَ الذِّكْرَ لِتُبَيِّنَ لِلنَّاسِ مَا نُزِّلَ إِلَيْهِمْ وَلَعَلَّهُمْ يَتَفَكَّرُونَ , ثلاثة أرباع الحزب (27),الجزء الرابع عشر
46,أَفَأَمِنَ الَّذِينَ مَكَرُوا السَّيِّئَاتِ أَنْ يَخْسِفَ اللَّهُ بِهِمُ الْأَرْضَ أَوْ يَأْتِيَهُمُ الْعَذَابُ مِنْ حَيْثُ لَا يَشْعُرُونَ, ثلاثة أرباع الحزب (27),الجزء الرابع عشر
47,أَوْ يَأْخُذَهُمْ فِي تَقَلُّبِهِمْ فَمَا هُمْ بِمُعْجِزِينَ , ثلاثة أرباع الحزب (27),الجزء الرابع عشر
48,أَوْ يَأْخُذَهُمْ عَلَىٰ تَخَوُّفٍ فَإِنَّ رَبَّكُمْ لَرَءُوفٌ رَحِيمٌ, ثلاثة أرباع الحزب (27),الجزء الرابع عشر
49,أَوَلَمْ يَرَوْا إِلَىٰ مَا خَلَقَ اللَّهُ مِنْ شَيْءٍ يَتَفَيَّأُ ظِلَالُهُ عَنِ الْيَمِينِ وَالشَّمَائِلِ سُجَّدًا لِلَّهِ وَهُمْ دَاخِرُونَ, ثلاثة أرباع الحزب (27),الجزء الرابع عشر
50,وَلِلَّهِ يَسْجُدُ مَا فِي السَّمَاوَاتِ وَمَا فِي الْأَرْضِ مِنْ دَابَّةٍ وَالْمَلَائِكَةُ وَهُمْ لَا يَسْتَكْبِرُونَ, ثلاثة أرباع الحزب (27),الجزء الرابع عشر
51,يَخَافُونَ رَبَّهُمْ مِنْ فَوْقِهِمْ وَيَفْعَلُونَ مَا يُؤْمَرُونَ ۩ , ثلاثة أرباع الحزب (27),الجزء الرابع عشر
52,۞ وَقَالَ اللَّهُ لَا تَتَّخِذُوا إِلَٰهَيْنِ اثْنَيْنِ ۖ إِنَّمَا هُوَ إِلَٰهٌ وَاحِدٌ ۖ فَإِيَّايَ فَارْهَبُونِ , الحزب (28),الجزء الرابع عشر
53,وَلَهُ مَا فِي السَّمَاوَاتِ وَالْأَرْضِ وَلَهُ الدِّينُ وَاصِبًا ۚ أَفَغَيْرَ اللَّهِ تَتَّقُونَ , الحزب (28),الجزء الرابع عشر
54,وَمَا بِكُمْ مِنْ نِعْمَةٍ فَمِنَ اللَّهِ ۖ ثُمَّ إِذَا مَسَّكُمُ الضُّرُّ فَإِلَيْهِ تَجْأَرُونَ, الحزب (28),الجزء الرابع عشر
55,ثُمَّ إِذَا كَشَفَ الضُّرَّ عَنْكُمْ إِذَا فَرِيقٌ مِنْكُمْ بِرَبِّهِمْ يُشْرِكُونَ , الحزب (28),الجزء الرابع عشر
56,لِيَكْفُرُوا بِمَا آتَيْنَاهُمْ ۚ فَتَمَتَّعُوا ۖ فَسَوْفَ تَعْلَمُونَ , الحزب (28),الجزء الرابع عشر
57,وَيَجْعَلُونَ لِمَا لَا يَعْلَمُونَ نَصِيبًا مِمَّا رَزَقْنَاهُمْ ۗ تَاللَّهِ لَتُسْأَلُنَّ عَمَّا كُنْتُمْ تَفْتَرُونَ, الحزب (28),الجزء الرابع عشر
58,وَيَجْعَلُونَ لِلَّهِ الْبَنَاتِ سُبْحَانَهُ ۙ وَلَهُمْ مَا يَشْتَهُونَ , الحزب (28),الجزء الرابع عشر
59,وَإِذَا بُشِّرَ أَحَدُهُمْ بِالْأُنْثَىٰ ظَلَّ وَجْهُهُ مُسْوَدًّا وَهُوَ كَظِيمٌ, الحزب (28),الجزء الرابع عشر
60,يَتَوَارَىٰ مِنَ الْقَوْمِ مِنْ سُوءِ مَا بُشِّرَ بِهِ ۚ أَيُمْسِكُهُ عَلَىٰ هُونٍ أَمْ يَدُسُّهُ فِي التُّرَابِ ۗ أَلَا سَاءَ مَا يَحْكُمُونَ , الحزب (28),الجزء الرابع عشر
61,لِلَّذِينَ لَا يُؤْمِنُونَ بِالْآخِرَةِ مَثَلُ السَّوْءِ ۖ وَلِلَّهِ الْمَثَلُ الْأَعْلَىٰ ۚ وَهُوَ الْعَزِيزُ الْحَكِيمُ , الحزب (28),الجزء الرابع عشر
62,وَلَوْ يُؤَاخِذُ اللَّهُ النَّاسَ بِظُلْمِهِمْ مَا تَرَكَ عَلَيْهَا مِنْ دَابَّةٍ وَلَٰكِنْ يُؤَخِّرُهُمْ إِلَىٰ أَجَلٍ مُسَمًّى ۖ فَإِذَا جَاءَ أَجَلُهُمْ لَا يَسْتَأْخِرُونَ سَاعَةً ۖ وَلَا يَسْتَقْدِمُونَ , الحزب (28),الجزء الرابع عشر
63,وَيَجْعَلُونَ لِلَّهِ مَا يَكْرَهُونَ وَتَصِفُ أَلْسِنَتُهُمُ الْكَذِبَ أَنَّ لَهُمُ الْحُسْنَىٰ ۖ لَا جَرَمَ أَنَّ لَهُمُ النَّارَ وَأَنَّهُمْ مُفْرَطُونَ, الحزب (28),الجزء الرابع عشر
64,تَاللَّهِ لَقَدْ أَرْسَلْنَا إِلَىٰ أُمَمٍ مِنْ قَبْلِكَ فَزَيَّنَ لَهُمُ الشَّيْطَانُ أَعْمَالَهُمْ فَهُوَ وَلِيُّهُمُ الْيَوْمَ وَلَهُمْ عَذَابٌ أَلِيمٌ, الحزب (28),الجزء الرابع عشر
65,وَمَا أَنْزَلْنَا عَلَيْكَ الْكِتَابَ إِلَّا لِتُبَيِّنَ لَهُمُ الَّذِي اخْتَلَفُوا فِيهِ ۙ وَهُدًى وَرَحْمَةً لِقَوْمٍ يُؤْمِنُونَ , الحزب (28),الجزء الرابع عشر
66,وَاللَّهُ أَنْزَلَ مِنَ السَّمَاءِ مَاءً فَأَحْيَا بِهِ الْأَرْضَ بَعْدَ مَوْتِهَا ۚ إِنَّ فِي ذَٰلِكَ لَآيَةً لِقَوْمٍ يَسْمَعُونَ , الحزب (28),الجزء الرابع عشر
67,وَإِنَّ لَكُمْ فِي الْأَنْعَامِ لَعِبْرَةً ۖ نُسْقِيكُمْ مِمَّا فِي بُطُونِهِ مِنْ بَيْنِ فَرْثٍ وَدَمٍ لَبَنًا خَالِصًا سَائِغًا لِلشَّارِبِينَ , الحزب (28),الجزء الرابع عشر
68,وَمِنْ ثَمَرَاتِ النَّخِيلِ وَالْأَعْنَابِ تَتَّخِذُونَ مِنْهُ سَكَرًا وَرِزْقًا حَسَنًا ۗ إِنَّ فِي ذَٰلِكَ لَآيَةً لِقَوْمٍ يَعْقِلُونَ , الحزب (28),الجزء الرابع عشر
69,وَأَوْحَىٰ رَبُّكَ إِلَى النَّحْلِ أَنِ اتَّخِذِي مِنَ الْجِبَالِ بُيُوتًا وَمِنَ الشَّجَرِ وَمِمَّا يَعْرِشُونَ , الحزب (28),الجزء الرابع عشر
70,ثُمَّ كُلِي مِنْ كُلِّ الثَّمَرَاتِ فَاسْلُكِي سُبُلَ رَبِّكِ ذُلُلًا ۚ يَخْرُجُ مِنْ بُطُونِهَا شَرَابٌ مُخْتَلِفٌ أَلْوَانُهُ فِيهِ شِفَاءٌ لِلنَّاسِ ۗ إِنَّ فِي ذَٰلِكَ لَآيَةً لِقَوْمٍ يَتَفَكَّرُونَ, الحزب (28),الجزء الرابع عشر
71,وَاللَّهُ خَلَقَكُمْ ثُمَّ يَتَوَفَّاكُمْ ۚ وَمِنْكُمْ مَنْ يُرَدُّ إِلَىٰ أَرْذَلِ الْعُمُرِ لِكَيْ لَا يَعْلَمَ بَعْدَ عِلْمٍ شَيْئًا ۚ إِنَّ اللَّهَ عَلِيمٌ قَدِيرٌ, الحزب (28),الجزء الرابع عشر
72,وَاللَّهُ فَضَّلَ بَعْضَكُمْ عَلَىٰ بَعْضٍ فِي الرِّزْقِ ۚ فَمَا الَّذِينَ فُضِّلُوا بِرَادِّي رِزْقِهِمْ عَلَىٰ مَا مَلَكَتْ أَيْمَانُهُمْ فَهُمْ فِيهِ سَوَاءٌ ۚ أَفَبِنِعْمَةِ اللَّهِ يَجْحَدُونَ, الحزب (28),الجزء الرابع عشر
73,وَاللَّهُ جَعَلَ لَكُمْ مِنْ أَنْفُسِكُمْ أَزْوَاجًا وَجَعَلَ لَكُمْ مِنْ أَزْوَاجِكُمْ بَنِينَ وَحَفَدَةً وَرَزَقَكُمْ مِنَ الطَّيِّبَاتِ ۚ أَفَبِالْبَاطِلِ يُؤْمِنُونَ وَبِنِعْمَتِ اللَّهِ هُمْ يَكْفُرُونَ , الحزب (28),الجزء الرابع عشر
74,وَيَعْبُدُونَ مِنْ دُونِ اللَّهِ مَا لَا يَمْلِكُ لَهُمْ رِزْقًا مِنَ السَّمَاوَاتِ وَالْأَرْضِ شَيْئًا وَلَا يَسْتَطِيعُونَ , الحزب (28),الجزء الرابع عشر
75,فَلَا تَضْرِبُوا لِلَّهِ الْأَمْثَالَ ۚ إِنَّ اللَّهَ يَعْلَمُ وَأَنْتُمْ لَا تَعْلَمُونَ , الحزب (28),الجزء الرابع عشر
76,ضَرَبَ اللَّهُ مَثَلًا عَبْدًا مَمْلُوكًا لَا يَقْدِرُ عَلَىٰ شَيْءٍ وَمَنْ رَزَقْنَاهُ مِنَّا رِزْقًا حَسَنًا فَهُوَ يُنْفِقُ مِنْهُ سِرًّا وَجَهْرًا ۖ هَلْ يَسْتَوُونَ ۚ الْحَمْدُ لِلَّهِ ۚ بَلْ أَكْثَرُهُمْ لَا يَعْلَمُونَ ۞ , ربع الحزب (28),الجزء الرابع عشر
77,وَضَرَبَ اللَّهُ مَثَلًا رَجُلَيْنِ أَحَدُهُمَا أَبْكَمُ لَا يَقْدِرُ عَلَىٰ شَيْءٍ وَهُوَ كَلٌّ عَلَىٰ مَوْلَاهُ أَيْنَمَا يُوَجِّهْهُ لَا يَأْتِ بِخَيْرٍ ۖ هَلْ يَسْتَوِي هُوَ وَمَنْ يَأْمُرُ بِالْعَدْلِ ۙ وَهُوَ عَلَىٰ صِرَاطٍ مُسْتَقِيمٍ, ربع الحزب (28),الجزء الرابع عشر
78,وَلِلَّهِ غَيْبُ السَّمَاوَاتِ وَالْأَرْضِ ۚ وَمَا أَمْرُ السَّاعَةِ إِلَّا كَلَمْحِ الْبَصَرِ أَوْ هُوَ أَقْرَبُ ۚ إِنَّ اللَّهَ عَلَىٰ كُلِّ شَيْءٍ قَدِيرٌ, ربع الحزب (28),الجزء الرابع عشر
79,وَاللَّهُ أَخْرَجَكُمْ مِنْ بُطُونِ أُمَّهَاتِكُمْ لَا تَعْلَمُونَ شَيْئًا وَجَعَلَ لَكُمُ السَّمْعَ وَالْأَبْصَارَ وَالْأَفْئِدَةَ ۙ لَعَلَّكُمْ تَشْكُرُونَ , ربع الحزب (28),الجزء الرابع عشر
80,أَلَمْ يَرَوْا إِلَى الطَّيْرِ مُسَخَّرَاتٍ فِي جَوِّ السَّمَاءِ مَا يُمْسِكُهُنَّ إِلَّا اللَّهُ ۗ إِنَّ فِي ذَٰلِكَ لَآيَاتٍ لِقَوْمٍ يُؤْمِنُونَ , ربع الحزب (28),الجزء الرابع عشر
81,وَاللَّهُ جَعَلَ لَكُمْ مِنْ بُيُوتِكُمْ سَكَنًا وَجَعَلَ لَكُمْ مِنْ جُلُودِ الْأَنْعَامِ بُيُوتًا تَسْتَخِفُّونَهَا يَوْمَ ظَعْنِكُمْ وَيَوْمَ إِقَامَتِكُمْ ۙ وَمِنْ أَصْوَافِهَا وَأَوْبَارِهَا وَأَشْعَارِهَا أَثَاثًا وَمَتَاعًا إِلَىٰ حِينٍ , ربع الحزب (28),الجزء الرابع عشر
82,وَاللَّهُ جَعَلَ لَكُمْ مِمَّا خَلَقَ ظِلَالًا وَجَعَلَ لَكُمْ مِنَ الْجِبَالِ أَكْنَانًا وَجَعَلَ لَكُمْ سَرَابِيلَ تَقِيكُمُ الْحَرَّ وَسَرَابِيلَ تَقِيكُمْ بَأْسَكُمْ ۚ كَذَٰلِكَ يُتِمُّ نِعْمَتَهُ عَلَيْكُمْ لَعَلَّكُمْ تُسْلِمُونَ , ربع الحزب (28),الجزء الرابع عشر
83,فَإِنْ تَوَلَّوْا فَإِنَّمَا عَلَيْكَ الْبَلَاغُ الْمُبِينُ , ربع الحزب (28),الجزء الرابع عشر
84,يَعْرِفُونَ نِعْمَتَ اللَّهِ ثُمَّ يُنْكِرُونَهَا وَأَكْثَرُهُمُ الْكَافِرُونَ, ربع الحزب (28),الجزء الرابع عشر
85,وَيَوْمَ نَبْعَثُ مِنْ كُلِّ أُمَّةٍ شَهِيدًا ثُمَّ لَا يُؤْذَنُ لِلَّذِينَ كَفَرُوا وَلَا هُمْ يُسْتَعْتَبُونَ, ربع الحزب (28),الجزء الرابع عشر
86,وَإِذَا رَأَى الَّذِينَ ظَلَمُوا الْعَذَابَ فَلَا يُخَفَّفُ عَنْهُمْ وَلَا هُمْ يُنْظَرُونَ , ربع الحزب (28),الجزء الرابع عشر
87,وَإِذَا رَأَى الَّذِينَ أَشْرَكُوا شُرَكَاءَهُمْ قَالُوا رَبَّنَا هَٰؤُلَاءِ شُرَكَاؤُنَا الَّذِينَ كُنَّا نَدْعُو مِنْ دُونِكَ ۖ فَأَلْقَوْا إِلَيْهِمُ الْقَوْلَ إِنَّكُمْ لَكَاذِبُونَ, ربع الحزب (28),الجزء الرابع عشر
88,وَأَلْقَوْا إِلَى اللَّهِ يَوْمَئِذٍ السَّلَمَ ۖ وَضَلَّ عَنْهُمْ مَا كَانُوا يَفْتَرُونَ , ربع الحزب (28),الجزء الرابع عشر
89,الَّذِينَ كَفَرُوا وَصَدُّوا عَنْ سَبِيلِ اللَّهِ زِدْنَاهُمْ عَذَابًا فَوْقَ الْعَذَابِ بِمَا كَانُوا يُفْسِدُونَ, ربع الحزب (28),الجزء الرابع عشر
90,وَيَوْمَ نَبْعَثُ فِي كُلِّ أُمَّةٍ شَهِيدًا عَلَيْهِمْ مِنْ أَنْفُسِهِمْ ۖ وَجِئْنَا بِكَ شَهِيدًا عَلَىٰ هَٰؤُلَاءِ ۚ وَنَزَّلْنَا عَلَيْكَ الْكِتَابَ تِبْيَانًا لِكُلِّ شَيْءٍ وَهُدًى وَرَحْمَةً وَبُشْرَىٰ لِلْمُسْلِمِينَ , ربع الحزب (28),الجزء الرابع عشر
91,إِنَّ اللَّهَ يَأْمُرُ بِالْعَدْلِ وَالْإِحْسَانِ وَإِيتَاءِ ذِي الْقُرْبَىٰ وَيَنْهَىٰ عَنِ الْفَحْشَاءِ وَالْمُنْكَرِ وَالْبَغْيِ ۚ يَعِظُكُمْ لَعَلَّكُمْ تَذَكَّرُونَ ۞, نصف الحزب (28),الجزء الرابع عشر
92,وَأَوْفُوا بِعَهْدِ اللَّهِ إِذَا عَاهَدْتُمْ وَلَا تَنْقُضُوا الْأَيْمَانَ بَعْدَ تَوْكِيدِهَا وَقَدْ جَعَلْتُمُ اللَّهَ عَلَيْكُمْ كَفِيلًا ۚ إِنَّ اللَّهَ يَعْلَمُ مَا تَفْعَلُونَ , نصف الحزب (28),الجزء الرابع عشر
93,وَلَا تَكُونُوا كَالَّتِي نَقَضَتْ غَزْلَهَا مِنْ بَعْدِ قُوَّةٍ أَنْكَاثًا تَتَّخِذُونَ أَيْمَانَكُمْ دَخَلًا بَيْنَكُمْ أَنْ تَكُونَ أُمَّةٌ هِيَ أَرْبَىٰ مِنْ أُمَّةٍ ۚ إِنَّمَا يَبْلُوكُمُ اللَّهُ بِهِ ۚ وَلَيُبَيِّنَنَّ لَكُمْ يَوْمَ الْقِيَامَةِ مَا كُنْتُمْ فِيهِ تَخْتَلِفُونَ, نصف الحزب (28),الجزء الرابع عشر
94,وَلَوْ شَاءَ اللَّهُ لَجَعَلَكُمْ أُمَّةً وَاحِدَةً وَلَٰكِنْ يُضِلُّ مَنْ يَشَاءُ وَيَهْدِي مَنْ يَشَاءُ ۚ وَلَتُسْأَلُنَّ عَمَّا كُنْتُمْ تَعْمَلُونَ, نصف الحزب (28),الجزء الرابع عشر
95,وَلَا تَتَّخِذُوا أَيْمَانَكُمْ دَخَلًا بَيْنَكُمْ فَتَزِلَّ قَدَمٌ بَعْدَ ثُبُوتِهَا وَتَذُوقُوا السُّوءَ بِمَا صَدَدْتُمْ عَنْ سَبِيلِ اللَّهِ ۖ وَلَكُمْ عَذَابٌ عَظِيمٌ , نصف الحزب (28),الجزء الرابع عشر
96,وَلَا تَشْتَرُوا بِعَهْدِ اللَّهِ ثَمَنًا قَلِيلًا ۚ إِنَّمَا عِنْدَ اللَّهِ هُوَ خَيْرٌ لَكُمْ إِنْ كُنْتُمْ تَعْلَمُونَ , نصف الحزب (28),الجزء الرابع عشر
97,مَا عِنْدَكُمْ يَنْفَدُ ۖ وَمَا عِنْدَ اللَّهِ بَاقٍ ۗ وَلَنَجْزِيَنَّ الَّذِينَ صَبَرُوا أَجْرَهُمْ بِأَحْسَنِ مَا كَانُوا يَعْمَلُونَ , نصف الحزب (28),الجزء الرابع عشر
98,مَنْ عَمِلَ صَالِحًا مِنْ ذَكَرٍ أَوْ أُنْثَىٰ وَهُوَ مُؤْمِنٌ فَلَنُحْيِيَنَّهُ حَيَاةً طَيِّبَةً ۖ وَلَنَجْزِيَنَّهُمْ أَجْرَهُمْ بِأَحْسَنِ مَا كَانُوا يَعْمَلُونَ, نصف الحزب (28),الجزء الرابع عشر
99,فَإِذَا قَرَأْتَ الْقُرْآنَ فَاسْتَعِذْ بِاللَّهِ مِنَ الشَّيْطَانِ الرَّجِيمِ , نصف الحزب (28),الجزء الرابع عشر
100,إِنَّهُ لَيْسَ لَهُ سُلْطَانٌ عَلَى الَّذِينَ آمَنُوا وَعَلَىٰ رَبِّهِمْ يَتَوَكَّلُونَ , نصف الحزب (28),الجزء الرابع عشر
101,إِنَّمَا سُلْطَانُهُ عَلَى الَّذِينَ يَتَوَلَّوْنَهُ وَالَّذِينَ هُمْ بِهِ مُشْرِكُونَ , نصف الحزب (28),الجزء الرابع عشر
102,وَإِذَا بَدَّلْنَا آيَةً مَكَانَ آيَةٍ ۙ وَاللَّهُ أَعْلَمُ بِمَا يُنَزِّلُ قَالُوا إِنَّمَا أَنْتَ مُفْتَرٍ ۚ بَلْ أَكْثَرُهُمْ لَا يَعْلَمُونَ, نصف الحزب (28),الجزء الرابع عشر
103,قُلْ نَزَّلَهُ رُوحُ الْقُدُسِ مِنْ رَبِّكَ بِالْحَقِّ لِيُثَبِّتَ الَّذِينَ آمَنُوا وَهُدًى وَبُشْرَىٰ لِلْمُسْلِمِينَ , نصف الحزب (28),الجزء الرابع عشر
104,وَلَقَدْ نَعْلَمُ أَنَّهُمْ يَقُولُونَ إِنَّمَا يُعَلِّمُهُ بَشَرٌ ۗ لِسَانُ الَّذِي يُلْحِدُونَ إِلَيْهِ أَعْجَمِيٌّ وَهَٰذَا لِسَانٌ عَرَبِيٌّ مُبِينٌ , نصف الحزب (28),الجزء الرابع عشر
105,إِنَّ الَّذِينَ لَا يُؤْمِنُونَ بِآيَاتِ اللَّهِ لَا يَهْدِيهِمُ اللَّهُ وَلَهُمْ عَذَابٌ أَلِيمٌ , نصف الحزب (28),الجزء الرابع عشر
106,إِنَّمَا يَفْتَرِي الْكَذِبَ الَّذِينَ لَا يُؤْمِنُونَ بِآيَاتِ اللَّهِ ۖ وَأُولَٰئِكَ هُمُ الْكَاذِبُونَ , نصف الحزب (28),الجزء الرابع عشر
107,مَنْ كَفَرَ بِاللَّهِ مِنْ بَعْدِ إِيمَانِهِ إِلَّا مَنْ أُكْرِهَ وَقَلْبُهُ مُطْمَئِنٌّ بِالْإِيمَانِ وَلَٰكِنْ مَنْ شَرَحَ بِالْكُفْرِ صَدْرًا فَعَلَيْهِمْ غَضَبٌ مِنَ اللَّهِ وَلَهُمْ عَذَابٌ عَظِيمٌ , نصف الحزب (28),الجزء الرابع عشر
108,ذَٰلِكَ بِأَنَّهُمُ اسْتَحَبُّوا الْحَيَاةَ الدُّنْيَا عَلَى الْآخِرَةِ وَأَنَّ اللَّهَ لَا يَهْدِي الْقَوْمَ الْكَافِرِينَ , نصف الحزب (28),الجزء الرابع عشر
109,أُولَٰئِكَ الَّذِينَ طَبَعَ اللَّهُ عَلَىٰ قُلُوبِهِمْ وَسَمْعِهِمْ وَأَبْصَارِهِمْ ۖ وَأُولَٰئِكَ هُمُ الْغَافِلُونَ , نصف الحزب (28),الجزء الرابع عشر
110,لَا جَرَمَ أَنَّهُمْ فِي الْآخِرَةِ هُمُ الْخَاسِرُونَ, نصف الحزب (28),الجزء الرابع عشر
111,ثُمَّ إِنَّ رَبَّكَ لِلَّذِينَ هَاجَرُوا مِنْ بَعْدِ مَا فُتِنُوا ثُمَّ جَاهَدُوا وَصَبَرُوا إِنَّ رَبَّكَ مِنْ بَعْدِهَا لَغَفُورٌ رَحِيمٌ , نصف الحزب (28),الجزء الرابع عشر
112,۞ يَوْمَ تَأْتِي كُلُّ نَفْسٍ تُجَادِلُ عَنْ نَفْسِهَا وَتُوَفَّىٰ كُلُّ نَفْسٍ مَا عَمِلَتْ وَهُمْ لَا يُظْلَمُونَ , ثلاثة أرباع الحزب (28),الجزء الرابع عشر
113,وَضَرَبَ اللَّهُ مَثَلًا قَرْيَةً كَانَتْ آمِنَةً مُطْمَئِنَّةً يَأْتِيهَا رِزْقُهَا رَغَدًا مِنْ كُلِّ مَكَانٍ فَكَفَرَتْ بِأَنْعُمِ اللَّهِ فَأَذَاقَهَا اللَّهُ لِبَاسَ الْجُوعِ وَالْخَوْفِ بِمَا كَانُوا يَصْنَعُونَ , ثلاثة أرباع الحزب (28),الجزء الرابع عشر
114,وَلَقَدْ جَاءَهُمْ رَسُولٌ مِنْهُمْ فَكَذَّبُوهُ فَأَخَذَهُمُ الْعَذَابُ وَهُمْ ظَالِمُونَ, ثلاثة أرباع الحزب (28),الجزء الرابع عشر
115,فَكُلُوا مِمَّا رَزَقَكُمُ اللَّهُ حَلَالًا طَيِّبًا وَاشْكُرُوا نِعْمَتَ اللَّهِ إِنْ كُنْتُمْ إِيَّاهُ تَعْبُدُونَ , ثلاثة أرباع الحزب (28),الجزء الرابع عشر
116,إِنَّمَا حَرَّمَ عَلَيْكُمُ الْمَيْتَةَ وَالدَّمَ وَلَحْمَ الْخِنْزِيرِ وَمَا أُهِلَّ لِغَيْرِ اللَّهِ بِهِ ۖ فَمَنِ اضْطُرَّ غَيْرَ بَاغٍ وَلَا عَادٍ فَإِنَّ اللَّهَ غَفُورٌ رَحِيمٌ , ثلاثة أرباع الحزب (28),الجزء الرابع عشر
117,وَلَا تَقُولُوا لِمَا تَصِفُ أَلْسِنَتُكُمُ الْكَذِبَ هَٰذَا حَلَالٌ وَهَٰذَا حَرَامٌ لِتَفْتَرُوا عَلَى اللَّهِ الْكَذِبَ ۚ إِنَّ الَّذِينَ يَفْتَرُونَ عَلَى اللَّهِ الْكَذِبَ لَا يُفْلِحُونَ , ثلاثة أرباع الحزب (28),الجزء الرابع عشر
118,مَتَاعٌ قَلِيلٌ وَلَهُمْ عَذَابٌ أَلِيمٌ, ثلاثة أرباع الحزب (28),الجزء الرابع عشر
119,وَعَلَى الَّذِينَ هَادُوا حَرَّمْنَا مَا قَصَصْنَا عَلَيْكَ مِنْ قَبْلُ ۖ وَمَا ظَلَمْنَاهُمْ وَلَٰكِنْ كَانُوا أَنْفُسَهُمْ يَظْلِمُونَ, ثلاثة أرباع الحزب (28),الجزء الرابع عشر
120,ثُمَّ إِنَّ رَبَّكَ لِلَّذِينَ عَمِلُوا السُّوءَ بِجَهَالَةٍ ثُمَّ تَابُوا مِنْ بَعْدِ ذَٰلِكَ وَأَصْلَحُوا إِنَّ رَبَّكَ مِنْ بَعْدِهَا لَغَفُورٌ رَحِيمٌ, ثلاثة أرباع الحزب (28),الجزء الرابع عشر
121,إِنَّ إِبْرَاهِيمَ كَانَ أُمَّةً قَانِتًا لِلَّهِ حَنِيفًا وَلَمْ يَكُ مِنَ الْمُشْرِكِينَ , ثلاثة أرباع الحزب (28),الجزء الرابع عشر
122,شَاكِرًا لِأَنْعُمِهِ ۚ اجْتَبَاهُ وَهَدَاهُ إِلَىٰ صِرَاطٍ مُسْتَقِيمٍ , ثلاثة أرباع الحزب (28),الجزء الرابع عشر
123,وَآتَيْنَاهُ فِي الدُّنْيَا حَسَنَةً ۖ وَإِنَّهُ فِي الْآخِرَةِ لَمِنَ الصَّالِحِينَ, ثلاثة أرباع الحزب (28),الجزء الرابع عشر
124,ثُمَّ أَوْحَيْنَا إِلَيْكَ أَنِ اتَّبِعْ مِلَّةَ إِبْرَاهِيمَ حَنِيفًا ۖ وَمَا كَانَ مِنَ الْمُشْرِكِينَ , ثلاثة أرباع الحزب (28),الجزء الرابع عشر
125,إِنَّمَا جُعِلَ السَّبْتُ عَلَى الَّذِينَ اخْتَلَفُوا فِيهِ ۚ وَإِنَّ رَبَّكَ لَيَحْكُمُ بَيْنَهُمْ يَوْمَ الْقِيَامَةِ فِيمَا كَانُوا فِيهِ يَخْتَلِفُونَ , ثلاثة أرباع الحزب (28),الجزء الرابع عشر
126,ادْعُ إِلَىٰ سَبِيلِ رَبِّكَ بِالْحِكْمَةِ وَالْمَوْعِظَةِ الْحَسَنَةِ ۖ وَجَادِلْهُمْ بِالَّتِي هِيَ أَحْسَنُ ۚ إِنَّ رَبَّكَ هُوَ أَعْلَمُ بِمَنْ ضَلَّ عَنْ سَبِيلِهِ ۖ وَهُوَ أَعْلَمُ بِالْمُهْتَدِينَ , ثلاثة أرباع الحزب (28),الجزء الرابع عشر
127,وَإِنْ عَاقَبْتُمْ فَعَاقِبُوا بِمِثْلِ مَا عُوقِبْتُمْ بِهِ ۖ وَلَئِنْ صَبَرْتُمْ لَهُوَ خَيْرٌ لِلصَّابِرِينَ , ثلاثة أرباع الحزب (28),الجزء الرابع عشر
128,وَاصْبِرْ وَمَا صَبْرُكَ إِلَّا بِاللَّهِ ۚ وَلَا تَحْزَنْ عَلَيْهِمْ وَلَا تَكُ فِي ضَيْقٍ مِمَّا يَمْكُرُونَ , ثلاثة أرباع الحزب (28),الجزء الرابع عشر
129,إِنَّ اللَّهَ مَعَ الَّذِينَ اتَّقَوْا وَالَّذِينَ هُمْ مُحْسِنُونَ, ثلاثة أرباع الحزب (28),الجزء الرابع عشر
