﻿1,بِسْمِ اللَّهِ الرَّحْمَنِ الرَّحِيم, الحزب (29),الجزء الخامس عشر
2,۞ سُبْحَانَ الَّذِي أَسْرَىٰ بِعَبْدِهِ لَيْلًا مِنَ الْمَسْجِدِ الْحَرَامِ إِلَى الْمَسْجِدِ الْأَقْصَى الَّذِي بَارَكْنَا حَوْلَهُ لِنُرِيَهُ مِنْ آيَاتِنَا ۚ إِنَّهُ هُوَ السَّمِيعُ الْبَصِيرُ , الحزب (29),الجزء الخامس عشر
3,وَآتَيْنَا مُوسَى الْكِتَابَ وَجَعَلْنَاهُ هُدًى لِبَنِي إِسْرَائِيلَ أَلَّا تَتَّخِذُوا مِنْ دُونِي وَكِيلًا,الحزب (29),الجزء الخامس عشر
4,ذُرِّيَّةَ مَنْ حَمَلْنَا مَعَ نُوحٍ ۚ إِنَّهُ كَانَ عَبْدًا شَكُورًا ,الحزب (29),الجزء الخامس عشر
5,وَقَضَيْنَا إِلَىٰ بَنِي إِسْرَائِيلَ فِي الْكِتَابِ لَتُفْسِدُنَّ فِي الْأَرْضِ مَرَّتَيْنِ وَلَتَعْلُنَّ عُلُوًّا كَبِيرًا,الحزب (29),الجزء الخامس عشر
6,فَإِذَا جَاءَ وَعْدُ أُولَاهُمَا بَعَثْنَا عَلَيْكُمْ عِبَادًا لَنَا أُولِي بَأْسٍ شَدِيدٍ فَجَاسُوا خِلَالَ الدِّيَارِ ۚ وَكَانَ وَعْدًا مَفْعُولًا ,الحزب (29),الجزء الخامس عشر
7,ثُمَّ رَدَدْنَا لَكُمُ الْكَرَّةَ عَلَيْهِمْ وَأَمْدَدْنَاكُمْ بِأَمْوَالٍ وَبَنِينَ وَجَعَلْنَاكُمْ أَكْثَرَ نَفِيرًا,الحزب (29),الجزء الخامس عشر
8,إِنْ أَحْسَنْتُمْ أَحْسَنْتُمْ لِأَنْفُسِكُمْ ۖ وَإِنْ أَسَأْتُمْ فَلَهَا ۚ فَإِذَا جَاءَ وَعْدُ الْآخِرَةِ لِيَسُوءُوا وُجُوهَكُمْ وَلِيَدْخُلُوا الْمَسْجِدَ كَمَا دَخَلُوهُ أَوَّلَ مَرَّةٍ وَلِيُتَبِّرُوا مَا عَلَوْا تَتْبِيرًا ,الحزب (29),الجزء الخامس عشر
9,عَسَىٰ رَبُّكُمْ أَنْ يَرْحَمَكُمْ ۚ وَإِنْ عُدْتُمْ عُدْنَا ۘ وَجَعَلْنَا جَهَنَّمَ لِلْكَافِرِينَ حَصِيرًا,الحزب (29),الجزء الخامس عشر
10,إِنَّ هَٰذَا الْقُرْآنَ يَهْدِي لِلَّتِي هِيَ أَقْوَمُ وَيُبَشِّرُ الْمُؤْمِنِينَ الَّذِينَ يَعْمَلُونَ الصَّالِحَاتِ أَنَّ لَهُمْ أَجْرًا كَبِيرًا ,الحزب (29),الجزء الخامس عشر
11,وَأَنَّ الَّذِينَ لَا يُؤْمِنُونَ بِالْآخِرَةِ أَعْتَدْنَا لَهُمْ عَذَابًا أَلِيمًا ,الحزب (29),الجزء الخامس عشر
12,وَيَدْعُ الْإِنْسَانُ بِالشَّرِّ دُعَاءَهُ بِالْخَيْرِ ۖ وَكَانَ الْإِنْسَانُ عَجُولًا,الحزب (29),الجزء الخامس عشر
13,وَجَعَلْنَا اللَّيْلَ وَالنَّهَارَ آيَتَيْنِ ۖ فَمَحَوْنَا آيَةَ اللَّيْلِ وَجَعَلْنَا آيَةَ النَّهَارِ مُبْصِرَةً لِتَبْتَغُوا فَضْلًا مِنْ رَبِّكُمْ وَلِتَعْلَمُوا عَدَدَ السِّنِينَ وَالْحِسَابَ ۚ وَكُلَّ شَيْءٍ فَصَّلْنَاهُ تَفْصِيلًا,الحزب (29),الجزء الخامس عشر
14,وَكُلَّ إِنْسَانٍ أَلْزَمْنَاهُ طَائِرَهُ فِي عُنُقِهِ ۖ وَنُخْرِجُ لَهُ يَوْمَ الْقِيَامَةِ كِتَابًا يَلْقَاهُ مَنْشُورًا ,الحزب (29),الجزء الخامس عشر
15,اقْرَأْ كِتَابَكَ كَفَىٰ بِنَفْسِكَ الْيَوْمَ عَلَيْكَ حَسِيبًا,الحزب (29),الجزء الخامس عشر
16,مَنِ اهْتَدَىٰ فَإِنَّمَا يَهْتَدِي لِنَفْسِهِ ۖ وَمَنْ ضَلَّ فَإِنَّمَا يَضِلُّ عَلَيْهَا ۚ وَلَا تَزِرُ وَازِرَةٌ وِزْرَ أُخْرَىٰ ۗ وَمَا كُنَّا مُعَذِّبِينَ حَتَّىٰ نَبْعَثَ رَسُولًا ,الحزب (29),الجزء الخامس عشر
17,وَإِذَا أَرَدْنَا أَنْ نُهْلِكَ قَرْيَةً أَمَرْنَا مُتْرَفِيهَا فَفَسَقُوا فِيهَا فَحَقَّ عَلَيْهَا الْقَوْلُ فَدَمَّرْنَاهَا تَدْمِيرًا ,الحزب (29),الجزء الخامس عشر
18,وَكَمْ أَهْلَكْنَا مِنَ الْقُرُونِ مِنْ بَعْدِ نُوحٍ ۗ وَكَفَىٰ بِرَبِّكَ بِذُنُوبِ عِبَادِهِ خَبِيرًا بَصِيرًا ,الحزب (29),الجزء الخامس عشر
19,مَنْ كَانَ يُرِيدُ الْعَاجِلَةَ عَجَّلْنَا لَهُ فِيهَا مَا نَشَاءُ لِمَنْ نُرِيدُ ثُمَّ جَعَلْنَا لَهُ جَهَنَّمَ يَصْلَاهَا مَذْمُومًا مَدْحُورًا ,الحزب (29),الجزء الخامس عشر
20,وَمَنْ أَرَادَ الْآخِرَةَ وَسَعَىٰ لَهَا سَعْيَهَا وَهُوَ مُؤْمِنٌ فَأُولَٰئِكَ كَانَ سَعْيُهُمْ مَشْكُورًا ,الحزب (29),الجزء الخامس عشر
21,كُلًّا نُمِدُّ هَٰؤُلَاءِ وَهَٰؤُلَاءِ مِنْ عَطَاءِ رَبِّكَ ۚ وَمَا كَانَ عَطَاءُ رَبِّكَ مَحْظُورًا ,الحزب (29),الجزء الخامس عشر
22,انْظُرْ كَيْفَ فَضَّلْنَا بَعْضَهُمْ عَلَىٰ بَعْضٍ ۚ وَلَلْآخِرَةُ أَكْبَرُ دَرَجَاتٍ وَأَكْبَرُ تَفْضِيلًا,الحزب (29),الجزء الخامس عشر
23,لَا تَجْعَلْ مَعَ اللَّهِ إِلَٰهًا آخَرَ فَتَقْعُدَ مَذْمُومًا مَخْذُولًا ,الحزب (29),الجزء الخامس عشر
24,۞ وَقَضَىٰ رَبُّكَ أَلَّا تَعْبُدُوا إِلَّا إِيَّاهُ وَبِالْوَالِدَيْنِ إِحْسَانًا ۚ إِمَّا يَبْلُغَنَّ عِنْدَكَ الْكِبَرَ أَحَدُهُمَا أَوْ كِلَاهُمَا فَلَا تَقُلْ لَهُمَا أُفٍّ وَلَا تَنْهَرْهُمَا وَقُلْ لَهُمَا قَوْلًا كَرِيمًا , ربع الحزب (29),الجزء الخامس عشر
25,وَاخْفِضْ لَهُمَا جَنَاحَ الذُّلِّ مِنَ الرَّحْمَةِ وَقُلْ رَبِّ ارْحَمْهُمَا كَمَا رَبَّيَانِي صَغِيرًا, ربع الحزب (29),الجزء الخامس عشر
26,رَبُّكُمْ أَعْلَمُ بِمَا فِي نُفُوسِكُمْ ۚ إِنْ تَكُونُوا صَالِحِينَ فَإِنَّهُ كَانَ لِلْأَوَّابِينَ غَفُورًا , ربع الحزب (29),الجزء الخامس عشر
27,وَآتِ ذَا الْقُرْبَىٰ حَقَّهُ وَالْمِسْكِينَ وَابْنَ السَّبِيلِ وَلَا تُبَذِّرْ تَبْذِيرًا , ربع الحزب (29),الجزء الخامس عشر
28,إِنَّ الْمُبَذِّرِينَ كَانُوا إِخْوَانَ الشَّيَاطِينِ ۖ وَكَانَ الشَّيْطَانُ لِرَبِّهِ كَفُورًا , ربع الحزب (29),الجزء الخامس عشر
29,وَإِمَّا تُعْرِضَنَّ عَنْهُمُ ابْتِغَاءَ رَحْمَةٍ مِنْ رَبِّكَ تَرْجُوهَا فَقُلْ لَهُمْ قَوْلًا مَيْسُورًا, ربع الحزب (29),الجزء الخامس عشر
30,وَلَا تَجْعَلْ يَدَكَ مَغْلُولَةً إِلَىٰ عُنُقِكَ وَلَا تَبْسُطْهَا كُلَّ الْبَسْطِ فَتَقْعُدَ مَلُومًا مَحْسُورًا , ربع الحزب (29),الجزء الخامس عشر
31,إِنَّ رَبَّكَ يَبْسُطُ الرِّزْقَ لِمَنْ يَشَاءُ وَيَقْدِرُ ۚ إِنَّهُ كَانَ بِعِبَادِهِ خَبِيرًا بَصِيرًا, ربع الحزب (29),الجزء الخامس عشر
32,وَلَا تَقْتُلُوا أَوْلَادَكُمْ خَشْيَةَ إِمْلَاقٍ ۖ نَحْنُ نَرْزُقُهُمْ وَإِيَّاكُمْ ۚ إِنَّ قَتْلَهُمْ كَانَ خِطْئًا كَبِيرًا , ربع الحزب (29),الجزء الخامس عشر
33,وَلَا تَقْرَبُوا الزِّنَا ۖ إِنَّهُ كَانَ فَاحِشَةً وَسَاءَ سَبِيلًا, ربع الحزب (29),الجزء الخامس عشر
34,وَلَا تَقْتُلُوا النَّفْسَ الَّتِي حَرَّمَ اللَّهُ إِلَّا بِالْحَقِّ ۗ وَمَنْ قُتِلَ مَظْلُومًا فَقَدْ جَعَلْنَا لِوَلِيِّهِ سُلْطَانًا فَلَا يُسْرِفْ فِي الْقَتْلِ ۖ إِنَّهُ كَانَ مَنْصُورًا , ربع الحزب (29),الجزء الخامس عشر
35,وَلَا تَقْرَبُوا مَالَ الْيَتِيمِ إِلَّا بِالَّتِي هِيَ أَحْسَنُ حَتَّىٰ يَبْلُغَ أَشُدَّهُ ۚ وَأَوْفُوا بِالْعَهْدِ ۖ إِنَّ الْعَهْدَ كَانَ مَسْئُولًا , ربع الحزب (29),الجزء الخامس عشر
36,وَأَوْفُوا الْكَيْلَ إِذَا كِلْتُمْ وَزِنُوا بِالْقِسْطَاسِ الْمُسْتَقِيمِ ۚ ذَٰلِكَ خَيْرٌ وَأَحْسَنُ تَأْوِيلًا , ربع الحزب (29),الجزء الخامس عشر
37,وَلَا تَقْفُ مَا لَيْسَ لَكَ بِهِ عِلْمٌ ۚ إِنَّ السَّمْعَ وَالْبَصَرَ وَالْفُؤَادَ كُلُّ أُولَٰئِكَ كَانَ عَنْهُ مَسْئُولًا, ربع الحزب (29),الجزء الخامس عشر
38,وَلَا تَمْشِ فِي الْأَرْضِ مَرَحًا ۖ إِنَّكَ لَنْ تَخْرِقَ الْأَرْضَ وَلَنْ تَبْلُغَ الْجِبَالَ طُولًا, ربع الحزب (29),الجزء الخامس عشر
39,كُلُّ ذَٰلِكَ كَانَ سَيِّئُهُ عِنْدَ رَبِّكَ مَكْرُوهًا , ربع الحزب (29),الجزء الخامس عشر
40,ذَٰلِكَ مِمَّا أَوْحَىٰ إِلَيْكَ رَبُّكَ مِنَ الْحِكْمَةِ ۗ وَلَا تَجْعَلْ مَعَ اللَّهِ إِلَٰهًا آخَرَ فَتُلْقَىٰ فِي جَهَنَّمَ مَلُومًا مَدْحُورًا , ربع الحزب (29),الجزء الخامس عشر
41,أَفَأَصْفَاكُمْ رَبُّكُمْ بِالْبَنِينَ وَاتَّخَذَ مِنَ الْمَلَائِكَةِ إِنَاثًا ۚ إِنَّكُمْ لَتَقُولُونَ قَوْلًا عَظِيمًا , ربع الحزب (29),الجزء الخامس عشر
42,وَلَقَدْ صَرَّفْنَا فِي هَٰذَا الْقُرْآنِ لِيَذَّكَّرُوا وَمَا يَزِيدُهُمْ إِلَّا نُفُورًا , ربع الحزب (29),الجزء الخامس عشر
43,قُلْ لَوْ كَانَ مَعَهُ آلِهَةٌ كَمَا يَقُولُونَ إِذًا لَابْتَغَوْا إِلَىٰ ذِي الْعَرْشِ سَبِيلًا, ربع الحزب (29),الجزء الخامس عشر
44,سُبْحَانَهُ وَتَعَالَىٰ عَمَّا يَقُولُونَ عُلُوًّا كَبِيرًا , ربع الحزب (29),الجزء الخامس عشر
45,تُسَبِّحُ لَهُ السَّمَاوَاتُ السَّبْعُ وَالْأَرْضُ وَمَنْ فِيهِنَّ ۚ وَإِنْ مِنْ شَيْءٍ إِلَّا يُسَبِّحُ بِحَمْدِهِ وَلَٰكِنْ لَا تَفْقَهُونَ تَسْبِيحَهُمْ ۗ إِنَّهُ كَانَ حَلِيمًا غَفُورًا , ربع الحزب (29),الجزء الخامس عشر
46,وَإِذَا قَرَأْتَ الْقُرْآنَ جَعَلْنَا بَيْنَكَ وَبَيْنَ الَّذِينَ لَا يُؤْمِنُونَ بِالْآخِرَةِ حِجَابًا مَسْتُورًا , ربع الحزب (29),الجزء الخامس عشر
47,وَجَعَلْنَا عَلَىٰ قُلُوبِهِمْ أَكِنَّةً أَنْ يَفْقَهُوهُ وَفِي آذَانِهِمْ وَقْرًا ۚ وَإِذَا ذَكَرْتَ رَبَّكَ فِي الْقُرْآنِ وَحْدَهُ وَلَّوْا عَلَىٰ أَدْبَارِهِمْ نُفُورًا , ربع الحزب (29),الجزء الخامس عشر
48,نَحْنُ أَعْلَمُ بِمَا يَسْتَمِعُونَ بِهِ إِذْ يَسْتَمِعُونَ إِلَيْكَ وَإِذْ هُمْ نَجْوَىٰ إِذْ يَقُولُ الظَّالِمُونَ إِنْ تَتَّبِعُونَ إِلَّا رَجُلًا مَسْحُورًا, ربع الحزب (29),الجزء الخامس عشر
49,انْظُرْ كَيْفَ ضَرَبُوا لَكَ الْأَمْثَالَ فَضَلُّوا فَلَا يَسْتَطِيعُونَ سَبِيلًا, ربع الحزب (29),الجزء الخامس عشر
50,وَقَالُوا أَإِذَا كُنَّا عِظَامًا وَرُفَاتًا أَإِنَّا لَمَبْعُوثُونَ خَلْقًا جَدِيدًا , ربع الحزب (29),الجزء الخامس عشر
51,۞ قُلْ كُونُوا حِجَارَةً أَوْ حَدِيدًا , نصف الحزب (29),الجزء الخامس عشر
52,أَوْ خَلْقًا مِمَّا يَكْبُرُ فِي صُدُورِكُمْ ۚ فَسَيَقُولُونَ مَنْ يُعِيدُنَا ۖ قُلِ الَّذِي فَطَرَكُمْ أَوَّلَ مَرَّةٍ ۚ فَسَيُنْغِضُونَ إِلَيْكَ رُءُوسَهُمْ وَيَقُولُونَ مَتَىٰ هُوَ ۖ قُلْ عَسَىٰ أَنْ يَكُونَ قَرِيبًا , نصف الحزب (29),الجزء الخامس عشر
53,يَوْمَ يَدْعُوكُمْ فَتَسْتَجِيبُونَ بِحَمْدِهِ وَتَظُنُّونَ إِنْ لَبِثْتُمْ إِلَّا قَلِيلًا, نصف الحزب (29),الجزء الخامس عشر
54,وَقُلْ لِعِبَادِي يَقُولُوا الَّتِي هِيَ أَحْسَنُ ۚ إِنَّ الشَّيْطَانَ يَنْزَغُ بَيْنَهُمْ ۚ إِنَّ الشَّيْطَانَ كَانَ لِلْإِنْسَانِ عَدُوًّا مُبِينًا , نصف الحزب (29),الجزء الخامس عشر
55,رَبُّكُمْ أَعْلَمُ بِكُمْ ۖ إِنْ يَشَأْ يَرْحَمْكُمْ أَوْ إِنْ يَشَأْ يُعَذِّبْكُمْ ۚ وَمَا أَرْسَلْنَاكَ عَلَيْهِمْ وَكِيلًا , نصف الحزب (29),الجزء الخامس عشر
56,وَرَبُّكَ أَعْلَمُ بِمَنْ فِي السَّمَاوَاتِ وَالْأَرْضِ ۗ وَلَقَدْ فَضَّلْنَا بَعْضَ النَّبِيِّينَ عَلَىٰ بَعْضٍ ۖ وَآتَيْنَا دَاوُودَ زَبُورًا , نصف الحزب (29),الجزء الخامس عشر
57,قُلِ ادْعُوا الَّذِينَ زَعَمْتُمْ مِنْ دُونِهِ فَلَا يَمْلِكُونَ كَشْفَ الضُّرِّ عَنْكُمْ وَلَا تَحْوِيلًا , نصف الحزب (29),الجزء الخامس عشر
58,أُولَٰئِكَ الَّذِينَ يَدْعُونَ يَبْتَغُونَ إِلَىٰ رَبِّهِمُ الْوَسِيلَةَ أَيُّهُمْ أَقْرَبُ وَيَرْجُونَ رَحْمَتَهُ وَيَخَافُونَ عَذَابَهُ ۚ إِنَّ عَذَابَ رَبِّكَ كَانَ مَحْذُورًا , نصف الحزب (29),الجزء الخامس عشر
59,وَإِنْ مِنْ قَرْيَةٍ إِلَّا نَحْنُ مُهْلِكُوهَا قَبْلَ يَوْمِ الْقِيَامَةِ أَوْ مُعَذِّبُوهَا عَذَابًا شَدِيدًا ۚ كَانَ ذَٰلِكَ فِي الْكِتَابِ مَسْطُورًا , نصف الحزب (29),الجزء الخامس عشر
60,وَمَا مَنَعَنَا أَنْ نُرْسِلَ بِالْآيَاتِ إِلَّا أَنْ كَذَّبَ بِهَا الْأَوَّلُونَ ۚ وَآتَيْنَا ثَمُودَ النَّاقَةَ مُبْصِرَةً فَظَلَمُوا بِهَا ۚ وَمَا نُرْسِلُ بِالْآيَاتِ إِلَّا تَخْوِيفًا , نصف الحزب (29),الجزء الخامس عشر
61,وَإِذْ قُلْنَا لَكَ إِنَّ رَبَّكَ أَحَاطَ بِالنَّاسِ ۚ وَمَا جَعَلْنَا الرُّؤْيَا الَّتِي أَرَيْنَاكَ إِلَّا فِتْنَةً لِلنَّاسِ وَالشَّجَرَةَ الْمَلْعُونَةَ فِي الْقُرْآنِ ۚ وَنُخَوِّفُهُمْ فَمَا يَزِيدُهُمْ إِلَّا طُغْيَانًا كَبِيرًا, نصف الحزب (29),الجزء الخامس عشر
62,وَإِذْ قُلْنَا لِلْمَلَائِكَةِ اسْجُدُوا لِآدَمَ فَسَجَدُوا إِلَّا إِبْلِيسَ قَالَ أَأَسْجُدُ لِمَنْ خَلَقْتَ طِينًا , نصف الحزب (29),الجزء الخامس عشر
63,قَالَ أَرَأَيْتَكَ هَٰذَا الَّذِي كَرَّمْتَ عَلَيَّ لَئِنْ أَخَّرْتَنِ إِلَىٰ يَوْمِ الْقِيَامَةِ لَأَحْتَنِكَنَّ ذُرِّيَّتَهُ إِلَّا قَلِيلًا , نصف الحزب (29),الجزء الخامس عشر
64,قَالَ اذْهَبْ فَمَنْ تَبِعَكَ مِنْهُمْ فَإِنَّ جَهَنَّمَ جَزَاؤُكُمْ جَزَاءً مَوْفُورًا , نصف الحزب (29),الجزء الخامس عشر
65,وَاسْتَفْزِزْ مَنِ اسْتَطَعْتَ مِنْهُمْ بِصَوْتِكَ وَأَجْلِبْ عَلَيْهِمْ بِخَيْلِكَ وَرَجِلِكَ وَشَارِكْهُمْ فِي الْأَمْوَالِ وَالْأَوْلَادِ وَعِدْهُمْ ۚ وَمَا يَعِدُهُمُ الشَّيْطَانُ إِلَّا غُرُورًا, نصف الحزب (29),الجزء الخامس عشر
66,إِنَّ عِبَادِي لَيْسَ لَكَ عَلَيْهِمْ سُلْطَانٌ ۚ وَكَفَىٰ بِرَبِّكَ وَكِيلًا, نصف الحزب (29),الجزء الخامس عشر
67,رَبُّكُمُ الَّذِي يُزْجِي لَكُمُ الْفُلْكَ فِي الْبَحْرِ لِتَبْتَغُوا مِنْ فَضْلِهِ ۚ إِنَّهُ كَانَ بِكُمْ رَحِيمًا , نصف الحزب (29),الجزء الخامس عشر
68,وَإِذَا مَسَّكُمُ الضُّرُّ فِي الْبَحْرِ ضَلَّ مَنْ تَدْعُونَ إِلَّا إِيَّاهُ ۖ فَلَمَّا نَجَّاكُمْ إِلَى الْبَرِّ أَعْرَضْتُمْ ۚ وَكَانَ الْإِنْسَانُ كَفُورًا , نصف الحزب (29),الجزء الخامس عشر
69,أَفَأَمِنْتُمْ أَنْ يَخْسِفَ بِكُمْ جَانِبَ الْبَرِّ أَوْ يُرْسِلَ عَلَيْكُمْ حَاصِبًا ثُمَّ لَا تَجِدُوا لَكُمْ وَكِيلًا, نصف الحزب (29),الجزء الخامس عشر
70,أَمْ أَمِنْتُمْ أَنْ يُعِيدَكُمْ فِيهِ تَارَةً أُخْرَىٰ فَيُرْسِلَ عَلَيْكُمْ قَاصِفًا مِنَ الرِّيحِ فَيُغْرِقَكُمْ بِمَا كَفَرْتُمْ ۙ ثُمَّ لَا تَجِدُوا لَكُمْ عَلَيْنَا بِهِ تَبِيعًا, نصف الحزب (29),الجزء الخامس عشر
71,۞ وَلَقَدْ كَرَّمْنَا بَنِي آدَمَ وَحَمَلْنَاهُمْ فِي الْبَرِّ وَالْبَحْرِ وَرَزَقْنَاهُمْ مِنَ الطَّيِّبَاتِ وَفَضَّلْنَاهُمْ عَلَىٰ كَثِيرٍ مِمَّنْ خَلَقْنَا تَفْضِيلًا , ثلاثة أرباع الحزب (29),الجزء الخامس عشر
72,يَوْمَ نَدْعُو كُلَّ أُنَاسٍ بِإِمَامِهِمْ ۖ فَمَنْ أُوتِيَ كِتَابَهُ بِيَمِينِهِ فَأُولَٰئِكَ يَقْرَءُونَ كِتَابَهُمْ وَلَا يُظْلَمُونَ فَتِيلًا , ثلاثة أرباع الحزب (29),الجزء الخامس عشر
73,وَمَنْ كَانَ فِي هَٰذِهِ أَعْمَىٰ فَهُوَ فِي الْآخِرَةِ أَعْمَىٰ وَأَضَلُّ سَبِيلًا , ثلاثة أرباع الحزب (29),الجزء الخامس عشر
74,وَإِنْ كَادُوا لَيَفْتِنُونَكَ عَنِ الَّذِي أَوْحَيْنَا إِلَيْكَ لِتَفْتَرِيَ عَلَيْنَا غَيْرَهُ ۖ وَإِذًا لَاتَّخَذُوكَ خَلِيلًا , ثلاثة أرباع الحزب (29),الجزء الخامس عشر
75,وَلَوْلَا أَنْ ثَبَّتْنَاكَ لَقَدْ كِدْتَ تَرْكَنُ إِلَيْهِمْ شَيْئًا قَلِيلًا , ثلاثة أرباع الحزب (29),الجزء الخامس عشر
76,إِذًا لَأَذَقْنَاكَ ضِعْفَ الْحَيَاةِ وَضِعْفَ الْمَمَاتِ ثُمَّ لَا تَجِدُ لَكَ عَلَيْنَا نَصِيرًا , ثلاثة أرباع الحزب (29),الجزء الخامس عشر
77,وَإِنْ كَادُوا لَيَسْتَفِزُّونَكَ مِنَ الْأَرْضِ لِيُخْرِجُوكَ مِنْهَا ۖ وَإِذًا لَا يَلْبَثُونَ خِلَافَكَ إِلَّا قَلِيلًا , ثلاثة أرباع الحزب (29),الجزء الخامس عشر
78,سُنَّةَ مَنْ قَدْ أَرْسَلْنَا قَبْلَكَ مِنْ رُسُلِنَا ۖ وَلَا تَجِدُ لِسُنَّتِنَا تَحْوِيلًا, ثلاثة أرباع الحزب (29),الجزء الخامس عشر
79,أَقِمِ الصَّلَاةَ لِدُلُوكِ الشَّمْسِ إِلَىٰ غَسَقِ اللَّيْلِ وَقُرْآنَ الْفَجْرِ ۖ إِنَّ قُرْآنَ الْفَجْرِ كَانَ مَشْهُودًا , ثلاثة أرباع الحزب (29),الجزء الخامس عشر
80,وَمِنَ اللَّيْلِ فَتَهَجَّدْ بِهِ نَافِلَةً لَكَ عَسَىٰ أَنْ يَبْعَثَكَ رَبُّكَ مَقَامًا مَحْمُودًا, ثلاثة أرباع الحزب (29),الجزء الخامس عشر
81,وَقُلْ رَبِّ أَدْخِلْنِي مُدْخَلَ صِدْقٍ وَأَخْرِجْنِي مُخْرَجَ صِدْقٍ وَاجْعَلْ لِي مِنْ لَدُنْكَ سُلْطَانًا نَصِيرًا , ثلاثة أرباع الحزب (29),الجزء الخامس عشر
82,وَقُلْ جَاءَ الْحَقُّ وَزَهَقَ الْبَاطِلُ ۚ إِنَّ الْبَاطِلَ كَانَ زَهُوقًا, ثلاثة أرباع الحزب (29),الجزء الخامس عشر
83,وَنُنَزِّلُ مِنَ الْقُرْآنِ مَا هُوَ شِفَاءٌ وَرَحْمَةٌ لِلْمُؤْمِنِينَ ۙ وَلَا يَزِيدُ الظَّالِمِينَ إِلَّا خَسَارًا , ثلاثة أرباع الحزب (29),الجزء الخامس عشر
84,وَإِذَا أَنْعَمْنَا عَلَى الْإِنْسَانِ أَعْرَضَ وَنَأَىٰ بِجَانِبِهِ ۖ وَإِذَا مَسَّهُ الشَّرُّ كَانَ يَئُوسًا , ثلاثة أرباع الحزب (29),الجزء الخامس عشر
85,قُلْ كُلٌّ يَعْمَلُ عَلَىٰ شَاكِلَتِهِ فَرَبُّكُمْ أَعْلَمُ بِمَنْ هُوَ أَهْدَىٰ سَبِيلًا, ثلاثة أرباع الحزب (29),الجزء الخامس عشر
86,وَيَسْأَلُونَكَ عَنِ الرُّوحِ ۖ قُلِ الرُّوحُ مِنْ أَمْرِ رَبِّي وَمَا أُوتِيتُمْ مِنَ الْعِلْمِ إِلَّا قَلِيلًا, ثلاثة أرباع الحزب (29),الجزء الخامس عشر
87,وَلَئِنْ شِئْنَا لَنَذْهَبَنَّ بِالَّذِي أَوْحَيْنَا إِلَيْكَ ثُمَّ لَا تَجِدُ لَكَ بِهِ عَلَيْنَا وَكِيلًا, ثلاثة أرباع الحزب (29),الجزء الخامس عشر
88,إِلَّا رَحْمَةً مِنْ رَبِّكَ ۚ إِنَّ فَضْلَهُ كَانَ عَلَيْكَ كَبِيرًا , ثلاثة أرباع الحزب (29),الجزء الخامس عشر
89,قُلْ لَئِنِ اجْتَمَعَتِ الْإِنْسُ وَالْجِنُّ عَلَىٰ أَنْ يَأْتُوا بِمِثْلِ هَٰذَا الْقُرْآنِ لَا يَأْتُونَ بِمِثْلِهِ وَلَوْ كَانَ بَعْضُهُمْ لِبَعْضٍ ظَهِيرًا, ثلاثة أرباع الحزب (29),الجزء الخامس عشر
90,وَلَقَدْ صَرَّفْنَا لِلنَّاسِ فِي هَٰذَا الْقُرْآنِ مِنْ كُلِّ مَثَلٍ فَأَبَىٰ أَكْثَرُ النَّاسِ إِلَّا كُفُورًا, ثلاثة أرباع الحزب (29),الجزء الخامس عشر
91,وَقَالُوا لَنْ نُؤْمِنَ لَكَ حَتَّىٰ تَفْجُرَ لَنَا مِنَ الْأَرْضِ يَنْبُوعًا , ثلاثة أرباع الحزب (29),الجزء الخامس عشر
92,أَوْ تَكُونَ لَكَ جَنَّةٌ مِنْ نَخِيلٍ وَعِنَبٍ فَتُفَجِّرَ الْأَنْهَارَ خِلَالَهَا تَفْجِيرًا, ثلاثة أرباع الحزب (29),الجزء الخامس عشر
93,أَوْ تُسْقِطَ السَّمَاءَ كَمَا زَعَمْتَ عَلَيْنَا كِسَفًا أَوْ تَأْتِيَ بِاللَّهِ وَالْمَلَائِكَةِ قَبِيلًا , ثلاثة أرباع الحزب (29),الجزء الخامس عشر
94,أَوْ يَكُونَ لَكَ بَيْتٌ مِنْ زُخْرُفٍ أَوْ تَرْقَىٰ فِي السَّمَاءِ وَلَنْ نُؤْمِنَ لِرُقِيِّكَ حَتَّىٰ تُنَزِّلَ عَلَيْنَا كِتَابًا نَقْرَؤُهُ ۗ قُلْ سُبْحَانَ رَبِّي هَلْ كُنْتُ إِلَّا بَشَرًا رَسُولًا , ثلاثة أرباع الحزب (29),الجزء الخامس عشر
95,وَمَا مَنَعَ النَّاسَ أَنْ يُؤْمِنُوا إِذْ جَاءَهُمُ الْهُدَىٰ إِلَّا أَنْ قَالُوا أَبَعَثَ اللَّهُ بَشَرًا رَسُولًا , ثلاثة أرباع الحزب (29),الجزء الخامس عشر
96,قُلْ لَوْ كَانَ فِي الْأَرْضِ مَلَائِكَةٌ يَمْشُونَ مُطْمَئِنِّينَ لَنَزَّلْنَا عَلَيْهِمْ مِنَ السَّمَاءِ مَلَكًا رَسُولًا, ثلاثة أرباع الحزب (29),الجزء الخامس عشر
97,قُلْ كَفَىٰ بِاللَّهِ شَهِيدًا بَيْنِي وَبَيْنَكُمْ ۚ إِنَّهُ كَانَ بِعِبَادِهِ خَبِيرًا بَصِيرًا , ثلاثة أرباع الحزب (29),الجزء الخامس عشر
98,وَمَنْ يَهْدِ اللَّهُ فَهُوَ الْمُهْتَدِ ۖ وَمَنْ يُضْلِلْ فَلَنْ تَجِدَ لَهُمْ أَوْلِيَاءَ مِنْ دُونِهِ ۖ وَنَحْشُرُهُمْ يَوْمَ الْقِيَامَةِ عَلَىٰ وُجُوهِهِمْ عُمْيًا وَبُكْمًا وَصُمًّا ۖ مَأْوَاهُمْ جَهَنَّمُ ۖ كُلَّمَا خَبَتْ زِدْنَاهُمْ سَعِيرًا , ثلاثة أرباع الحزب (29),الجزء الخامس عشر
99,ذَٰلِكَ جَزَاؤُهُمْ بِأَنَّهُمْ كَفَرُوا بِآيَاتِنَا وَقَالُوا أَإِذَا كُنَّا عِظَامًا وَرُفَاتًا أَإِنَّا لَمَبْعُوثُونَ خَلْقًا جَدِيدًا , ثلاثة أرباع الحزب (29),الجزء الخامس عشر
100,۞ أَوَلَمْ يَرَوْا أَنَّ اللَّهَ الَّذِي خَلَقَ السَّمَاوَاتِ وَالْأَرْضَ قَادِرٌ عَلَىٰ أَنْ يَخْلُقَ مِثْلَهُمْ وَجَعَلَ لَهُمْ أَجَلًا لَا رَيْبَ فِيهِ فَأَبَى الظَّالِمُونَ إِلَّا كُفُورًا, الحزب (30),الجزء الخامس عشر
101,قُلْ لَوْ أَنْتُمْ تَمْلِكُونَ خَزَائِنَ رَحْمَةِ رَبِّي إِذًا لَأَمْسَكْتُمْ خَشْيَةَ الْإِنْفَاقِ ۚ وَكَانَ الْإِنْسَانُ قَتُورًا, الحزب (30),الجزء الخامس عشر
102,وَلَقَدْ آتَيْنَا مُوسَىٰ تِسْعَ آيَاتٍ بَيِّنَاتٍ ۖ فَاسْأَلْ بَنِي إِسْرَائِيلَ إِذْ جَاءَهُمْ فَقَالَ لَهُ فِرْعَوْنُ إِنِّي لَأَظُنُّكَ يَا مُوسَىٰ مَسْحُورًا, الحزب (30),الجزء الخامس عشر
103,قَالَ لَقَدْ عَلِمْتَ مَا أَنْزَلَ هَٰؤُلَاءِ إِلَّا رَبُّ السَّمَاوَاتِ وَالْأَرْضِ بَصَائِرَ وَإِنِّي لَأَظُنُّكَ يَا فِرْعَوْنُ مَثْبُورًا, الحزب (30),الجزء الخامس عشر
104,فَأَرَادَ أَنْ يَسْتَفِزَّهُمْ مِنَ الْأَرْضِ فَأَغْرَقْنَاهُ وَمَنْ مَعَهُ جَمِيعًا , الحزب (30),الجزء الخامس عشر
105,وَقُلْنَا مِنْ بَعْدِهِ لِبَنِي إِسْرَائِيلَ اسْكُنُوا الْأَرْضَ فَإِذَا جَاءَ وَعْدُ الْآخِرَةِ جِئْنَا بِكُمْ لَفِيفًا , الحزب (30),الجزء الخامس عشر
106,وَبِالْحَقِّ أَنْزَلْنَاهُ وَبِالْحَقِّ نَزَلَ ۗ وَمَا أَرْسَلْنَاكَ إِلَّا مُبَشِّرًا وَنَذِيرًا, الحزب (30),الجزء الخامس عشر
107,وَقُرْآنًا فَرَقْنَاهُ لِتَقْرَأَهُ عَلَى النَّاسِ عَلَىٰ مُكْثٍ وَنَزَّلْنَاهُ تَنْزِيلًا, الحزب (30),الجزء الخامس عشر
108,قُلْ آمِنُوا بِهِ أَوْ لَا تُؤْمِنُوا ۚ إِنَّ الَّذِينَ أُوتُوا الْعِلْمَ مِنْ قَبْلِهِ إِذَا يُتْلَىٰ عَلَيْهِمْ يَخِرُّونَ لِلْأَذْقَانِ سُجَّدًا , الحزب (30),الجزء الخامس عشر
109,وَيَقُولُونَ سُبْحَانَ رَبِّنَا إِنْ كَانَ وَعْدُ رَبِّنَا لَمَفْعُولًا , الحزب (30),الجزء الخامس عشر
110,وَيَخِرُّونَ لِلْأَذْقَانِ يَبْكُونَ وَيَزِيدُهُمْ خُشُوعًا ۩, الحزب (30),الجزء الخامس عشر
111,قُلِ ادْعُوا اللَّهَ أَوِ ادْعُوا الرَّحْمَٰنَ ۖ أَيًّا مَا تَدْعُوا فَلَهُ الْأَسْمَاءُ الْحُسْنَىٰ ۚ وَلَا تَجْهَرْ بِصَلَاتِكَ وَلَا تُخَافِتْ بِهَا وَابْتَغِ بَيْنَ ذَٰلِكَ سَبِيلًا, الحزب (30),الجزء الخامس عشر
112,وَقُلِ الْحَمْدُ لِلَّهِ الَّذِي لَمْ يَتَّخِذْ وَلَدًا وَلَمْ يَكُنْ لَهُ شَرِيكٌ فِي الْمُلْكِ وَلَمْ يَكُنْ لَهُ وَلِيٌّ مِنَ الذُّلِّ ۖ وَكَبِّرْهُ تَكْبِيرًا, الحزب (30),الجزء الخامس عشر
