﻿1,بِسْمِ اللَّهِ الرَّحْمَنِ الرَّحِيم, الحزب (30),الجزء الخامس عشر
2,الْحَمْدُ لِلَّهِ الَّذِي أَنْزَلَ عَلَىٰ عَبْدِهِ الْكِتَابَ وَلَمْ يَجْعَلْ لَهُ عِوَجًا ۜ , الحزب (30),الجزء الخامس عشر
3,قَيِّمًا لِيُنْذِرَ بَأْسًا شَدِيدًا مِنْ لَدُنْهُ وَيُبَشِّرَ الْمُؤْمِنِينَ الَّذِينَ يَعْمَلُونَ الصَّالِحَاتِ أَنَّ لَهُمْ أَجْرًا حَسَنًا, الحزب (30),الجزء الخامس عشر
4,مَاكِثِينَ فِيهِ أَبَدًا , الحزب (30),الجزء الخامس عشر
5,وَيُنْذِرَ الَّذِينَ قَالُوا اتَّخَذَ اللَّهُ وَلَدًا, الحزب (30),الجزء الخامس عشر
6,مَا لَهُمْ بِهِ مِنْ عِلْمٍ وَلَا لِآبَائِهِمْ ۚ كَبُرَتْ كَلِمَةً تَخْرُجُ مِنْ أَفْوَاهِهِمْ ۚ إِنْ يَقُولُونَ إِلَّا كَذِبًا , الحزب (30),الجزء الخامس عشر
7,فَلَعَلَّكَ بَاخِعٌ نَفْسَكَ عَلَىٰ آثَارِهِمْ إِنْ لَمْ يُؤْمِنُوا بِهَٰذَا الْحَدِيثِ أَسَفًا, الحزب (30),الجزء الخامس عشر
8,إِنَّا جَعَلْنَا مَا عَلَى الْأَرْضِ زِينَةً لَهَا لِنَبْلُوَهُمْ أَيُّهُمْ أَحْسَنُ عَمَلًا, الحزب (30),الجزء الخامس عشر
9,وَإِنَّا لَجَاعِلُونَ مَا عَلَيْهَا صَعِيدًا جُرُزًا , الحزب (30),الجزء الخامس عشر
10,أَمْ حَسِبْتَ أَنَّ أَصْحَابَ الْكَهْفِ وَالرَّقِيمِ كَانُوا مِنْ آيَاتِنَا عَجَبًا , الحزب (30),الجزء الخامس عشر
11,إِذْ أَوَى الْفِتْيَةُ إِلَى الْكَهْفِ فَقَالُوا رَبَّنَا آتِنَا مِنْ لَدُنْكَ رَحْمَةً وَهَيِّئْ لَنَا مِنْ أَمْرِنَا رَشَدًا , الحزب (30),الجزء الخامس عشر
12,فَضَرَبْنَا عَلَىٰ آذَانِهِمْ فِي الْكَهْفِ سِنِينَ عَدَدًا, الحزب (30),الجزء الخامس عشر
13,ثُمَّ بَعَثْنَاهُمْ لِنَعْلَمَ أَيُّ الْحِزْبَيْنِ أَحْصَىٰ لِمَا لَبِثُوا أَمَدًا , الحزب (30),الجزء الخامس عشر
14,نَحْنُ نَقُصُّ عَلَيْكَ نَبَأَهُمْ بِالْحَقِّ ۚ إِنَّهُمْ فِتْيَةٌ آمَنُوا بِرَبِّهِمْ وَزِدْنَاهُمْ هُدًى, الحزب (30),الجزء الخامس عشر
15,وَرَبَطْنَا عَلَىٰ قُلُوبِهِمْ إِذْ قَامُوا فَقَالُوا رَبُّنَا رَبُّ السَّمَاوَاتِ وَالْأَرْضِ لَنْ نَدْعُوَ مِنْ دُونِهِ إِلَٰهًا ۖ لَقَدْ قُلْنَا إِذًا شَطَطًا , الحزب (30),الجزء الخامس عشر
16,هَٰؤُلَاءِ قَوْمُنَا اتَّخَذُوا مِنْ دُونِهِ آلِهَةً ۖ لَوْلَا يَأْتُونَ عَلَيْهِمْ بِسُلْطَانٍ بَيِّنٍ ۖ فَمَنْ أَظْلَمُ مِمَّنِ افْتَرَىٰ عَلَى اللَّهِ كَذِبًا , الحزب (30),الجزء الخامس عشر
17,وَإِذِ اعْتَزَلْتُمُوهُمْ وَمَا يَعْبُدُونَ إِلَّا اللَّهَ فَأْوُوا إِلَى الْكَهْفِ يَنْشُرْ لَكُمْ رَبُّكُمْ مِنْ رَحْمَتِهِ وَيُهَيِّئْ لَكُمْ مِنْ أَمْرِكُمْ مِرْفَقًا, الحزب (30),الجزء الخامس عشر
18,۞ وَتَرَى الشَّمْسَ إِذَا طَلَعَتْ تَزَاوَرُ عَنْ كَهْفِهِمْ ذَاتَ الْيَمِينِ وَإِذَا غَرَبَتْ تَقْرِضُهُمْ ذَاتَ الشِّمَالِ وَهُمْ فِي فَجْوَةٍ مِنْهُ ۚ ذَٰلِكَ مِنْ آيَاتِ اللَّهِ ۗ مَنْ يَهْدِ اللَّهُ فَهُوَ الْمُهْتَدِ ۖ وَمَنْ يُضْلِلْ فَلَنْ تَجِدَ لَهُ وَلِيًّا مُرْشِدًا , ربع الحزب (30),الجزء الخامس عشر
19,وَتَحْسَبُهُمْ أَيْقَاظًا وَهُمْ رُقُودٌ ۚ وَنُقَلِّبُهُمْ ذَاتَ الْيَمِينِ وَذَاتَ الشِّمَالِ ۖ وَكَلْبُهُمْ بَاسِطٌ ذِرَاعَيْهِ بِالْوَصِيدِ ۚ لَوِ اطَّلَعْتَ عَلَيْهِمْ لَوَلَّيْتَ مِنْهُمْ فِرَارًا وَلَمُلِئْتَ مِنْهُمْ رُعْبًا , ربع الحزب (30),الجزء الخامس عشر
20,وَكَذَٰلِكَ بَعَثْنَاهُمْ لِيَتَسَاءَلُوا بَيْنَهُمْ ۚ قَالَ قَائِلٌ مِنْهُمْ كَمْ لَبِثْتُمْ ۖ قَالُوا لَبِثْنَا يَوْمًا أَوْ بَعْضَ يَوْمٍ ۚ قَالُوا رَبُّكُمْ أَعْلَمُ بِمَا لَبِثْتُمْ فَابْعَثُوا أَحَدَكُمْ بِوَرِقِكُمْ هَٰذِهِ إِلَى الْمَدِينَةِ فَلْيَنْظُرْ أَيُّهَا أَزْكَىٰ طَعَامًا فَلْيَأْتِكُمْ بِرِزْقٍ مِنْهُ وَلْيَتَلَطَّفْ وَلَا يُشْعِرَنَّ بِكُمْ أَحَدًا , ربع الحزب (30),الجزء الخامس عشر
21,إِنَّهُمْ إِنْ يَظْهَرُوا عَلَيْكُمْ يَرْجُمُوكُمْ أَوْ يُعِيدُوكُمْ فِي مِلَّتِهِمْ وَلَنْ تُفْلِحُوا إِذًا أَبَدًا , ربع الحزب (30),الجزء الخامس عشر
22,وَكَذَٰلِكَ أَعْثَرْنَا عَلَيْهِمْ لِيَعْلَمُوا أَنَّ وَعْدَ اللَّهِ حَقٌّ وَأَنَّ السَّاعَةَ لَا رَيْبَ فِيهَا إِذْ يَتَنَازَعُونَ بَيْنَهُمْ أَمْرَهُمْ ۖ فَقَالُوا ابْنُوا عَلَيْهِمْ بُنْيَانًا ۖ رَبُّهُمْ أَعْلَمُ بِهِمْ ۚ قَالَ الَّذِينَ غَلَبُوا عَلَىٰ أَمْرِهِمْ لَنَتَّخِذَنَّ عَلَيْهِمْ مَسْجِدًا , ربع الحزب (30),الجزء الخامس عشر
23,سَيَقُولُونَ ثَلَاثَةٌ رَابِعُهُمْ كَلْبُهُمْ وَيَقُولُونَ خَمْسَةٌ سَادِسُهُمْ كَلْبُهُمْ رَجْمًا بِالْغَيْبِ ۖ وَيَقُولُونَ سَبْعَةٌ وَثَامِنُهُمْ كَلْبُهُمْ ۚ قُلْ رَبِّي أَعْلَمُ بِعِدَّتِهِمْ مَا يَعْلَمُهُمْ إِلَّا قَلِيلٌ ۗ فَلَا تُمَارِ فِيهِمْ إِلَّا مِرَاءً ظَاهِرًا وَلَا تَسْتَفْتِ فِيهِمْ مِنْهُمْ أَحَدًا , ربع الحزب (30),الجزء الخامس عشر
24,وَلَا تَقُولَنَّ لِشَيْءٍ إِنِّي فَاعِلٌ ذَٰلِكَ غَدًا, ربع الحزب (30),الجزء الخامس عشر
25,إِلَّا أَنْ يَشَاءَ اللَّهُ ۚ وَاذْكُرْ رَبَّكَ إِذَا نَسِيتَ وَقُلْ عَسَىٰ أَنْ يَهْدِيَنِ رَبِّي لِأَقْرَبَ مِنْ هَٰذَا رَشَدًا , ربع الحزب (30),الجزء الخامس عشر
26,وَلَبِثُوا فِي كَهْفِهِمْ ثَلَاثَ مِائَةٍ سِنِينَ وَازْدَادُوا تِسْعًا , ربع الحزب (30),الجزء الخامس عشر
27,قُلِ اللَّهُ أَعْلَمُ بِمَا لَبِثُوا ۖ لَهُ غَيْبُ السَّمَاوَاتِ وَالْأَرْضِ ۖ أَبْصِرْ بِهِ وَأَسْمِعْ ۚ مَا لَهُمْ مِنْ دُونِهِ مِنْ وَلِيٍّ وَلَا يُشْرِكُ فِي حُكْمِهِ أَحَدًا , ربع الحزب (30),الجزء الخامس عشر
28,وَاتْلُ مَا أُوحِيَ إِلَيْكَ مِنْ كِتَابِ رَبِّكَ ۖ لَا مُبَدِّلَ لِكَلِمَاتِهِ وَلَنْ تَجِدَ مِنْ دُونِهِ مُلْتَحَدًا , ربع الحزب (30),الجزء الخامس عشر
29,وَاصْبِرْ نَفْسَكَ مَعَ الَّذِينَ يَدْعُونَ رَبَّهُمْ بِالْغَدَاةِ وَالْعَشِيِّ يُرِيدُونَ وَجْهَهُ ۖ وَلَا تَعْدُ عَيْنَاكَ عَنْهُمْ تُرِيدُ زِينَةَ الْحَيَاةِ الدُّنْيَا ۖ وَلَا تُطِعْ مَنْ أَغْفَلْنَا قَلْبَهُ عَنْ ذِكْرِنَا وَاتَّبَعَ هَوَاهُ وَكَانَ أَمْرُهُ فُرُطًا , ربع الحزب (30),الجزء الخامس عشر
30,وَقُلِ الْحَقُّ مِنْ رَبِّكُمْ ۖ فَمَنْ شَاءَ فَلْيُؤْمِنْ وَمَنْ شَاءَ فَلْيَكْفُرْ ۚ إِنَّا أَعْتَدْنَا لِلظَّالِمِينَ نَارًا أَحَاطَ بِهِمْ سُرَادِقُهَا ۚ وَإِنْ يَسْتَغِيثُوا يُغَاثُوا بِمَاءٍ كَالْمُهْلِ يَشْوِي الْوُجُوهَ ۚ بِئْسَ الشَّرَابُ وَسَاءَتْ مُرْتَفَقًا , ربع الحزب (30),الجزء الخامس عشر
31,إِنَّ الَّذِينَ آمَنُوا وَعَمِلُوا الصَّالِحَاتِ إِنَّا لَا نُضِيعُ أَجْرَ مَنْ أَحْسَنَ عَمَلًا , ربع الحزب (30),الجزء الخامس عشر
32,أُولَٰئِكَ لَهُمْ جَنَّاتُ عَدْنٍ تَجْرِي مِنْ تَحْتِهِمُ الْأَنْهَارُ يُحَلَّوْنَ فِيهَا مِنْ أَسَاوِرَ مِنْ ذَهَبٍ وَيَلْبَسُونَ ثِيَابًا خُضْرًا مِنْ سُنْدُسٍ وَإِسْتَبْرَقٍ مُتَّكِئِينَ فِيهَا عَلَى الْأَرَائِكِ ۚ نِعْمَ الثَّوَابُ وَحَسُنَتْ مُرْتَفَقًا, ربع الحزب (30),الجزء الخامس عشر
33,۞ وَاضْرِبْ لَهُمْ مَثَلًا رَجُلَيْنِ جَعَلْنَا لِأَحَدِهِمَا جَنَّتَيْنِ مِنْ أَعْنَابٍ وَحَفَفْنَاهُمَا بِنَخْلٍ وَجَعَلْنَا بَيْنَهُمَا زَرْعًا , نصف الحزب (30),الجزء الخامس عشر
34,كِلْتَا الْجَنَّتَيْنِ آتَتْ أُكُلَهَا وَلَمْ تَظْلِمْ مِنْهُ شَيْئًا ۚ وَفَجَّرْنَا خِلَالَهُمَا نَهَرًا , نصف الحزب (30),الجزء الخامس عشر
35,وَكَانَ لَهُ ثَمَرٌ فَقَالَ لِصَاحِبِهِ وَهُوَ يُحَاوِرُهُ أَنَا أَكْثَرُ مِنْكَ مَالًا وَأَعَزُّ نَفَرًا, نصف الحزب (30),الجزء الخامس عشر
36,وَدَخَلَ جَنَّتَهُ وَهُوَ ظَالِمٌ لِنَفْسِهِ قَالَ مَا أَظُنُّ أَنْ تَبِيدَ هَٰذِهِ أَبَدًا , نصف الحزب (30),الجزء الخامس عشر
37,وَمَا أَظُنُّ السَّاعَةَ قَائِمَةً وَلَئِنْ رُدِدْتُ إِلَىٰ رَبِّي لَأَجِدَنَّ خَيْرًا مِنْهَا مُنْقَلَبًا , نصف الحزب (30),الجزء الخامس عشر
38,قَالَ لَهُ صَاحِبُهُ وَهُوَ يُحَاوِرُهُ أَكَفَرْتَ بِالَّذِي خَلَقَكَ مِنْ تُرَابٍ ثُمَّ مِنْ نُطْفَةٍ ثُمَّ سَوَّاكَ رَجُلًا , نصف الحزب (30),الجزء الخامس عشر
39,لَٰكِنَّا هُوَ اللَّهُ رَبِّي وَلَا أُشْرِكُ بِرَبِّي أَحَدًا , نصف الحزب (30),الجزء الخامس عشر
40,وَلَوْلَا إِذْ دَخَلْتَ جَنَّتَكَ قُلْتَ مَا شَاءَ اللَّهُ لَا قُوَّةَ إِلَّا بِاللَّهِ ۚ إِنْ تَرَنِ أَنَا أَقَلَّ مِنْكَ مَالًا وَوَلَدًا , نصف الحزب (30),الجزء الخامس عشر
41,فَعَسَىٰ رَبِّي أَنْ يُؤْتِيَنِ خَيْرًا مِنْ جَنَّتِكَ وَيُرْسِلَ عَلَيْهَا حُسْبَانًا مِنَ السَّمَاءِ فَتُصْبِحَ صَعِيدًا زَلَقًا , نصف الحزب (30),الجزء الخامس عشر
42,أَوْ يُصْبِحَ مَاؤُهَا غَوْرًا فَلَنْ تَسْتَطِيعَ لَهُ طَلَبًا, نصف الحزب (30),الجزء الخامس عشر
43,وَأُحِيطَ بِثَمَرِهِ فَأَصْبَحَ يُقَلِّبُ كَفَّيْهِ عَلَىٰ مَا أَنْفَقَ فِيهَا وَهِيَ خَاوِيَةٌ عَلَىٰ عُرُوشِهَا وَيَقُولُ يَا لَيْتَنِي لَمْ أُشْرِكْ بِرَبِّي أَحَدًا, نصف الحزب (30),الجزء الخامس عشر
44,وَلَمْ تَكُنْ لَهُ فِئَةٌ يَنْصُرُونَهُ مِنْ دُونِ اللَّهِ وَمَا كَانَ مُنْتَصِرًا, نصف الحزب (30),الجزء الخامس عشر
45,هُنَالِكَ الْوَلَايَةُ لِلَّهِ الْحَقِّ ۚ هُوَ خَيْرٌ ثَوَابًا وَخَيْرٌ عُقْبًا , نصف الحزب (30),الجزء الخامس عشر
46,وَاضْرِبْ لَهُمْ مَثَلَ الْحَيَاةِ الدُّنْيَا كَمَاءٍ أَنْزَلْنَاهُ مِنَ السَّمَاءِ فَاخْتَلَطَ بِهِ نَبَاتُ الْأَرْضِ فَأَصْبَحَ هَشِيمًا تَذْرُوهُ الرِّيَاحُ ۗ وَكَانَ اللَّهُ عَلَىٰ كُلِّ شَيْءٍ مُقْتَدِرًا , نصف الحزب (30),الجزء الخامس عشر
47,الْمَالُ وَالْبَنُونَ زِينَةُ الْحَيَاةِ الدُّنْيَا ۖ وَالْبَاقِيَاتُ الصَّالِحَاتُ خَيْرٌ عِنْدَ رَبِّكَ ثَوَابًا وَخَيْرٌ أَمَلًا , نصف الحزب (30),الجزء الخامس عشر
48,وَيَوْمَ نُسَيِّرُ الْجِبَالَ وَتَرَى الْأَرْضَ بَارِزَةً وَحَشَرْنَاهُمْ فَلَمْ نُغَادِرْ مِنْهُمْ أَحَدًا , نصف الحزب (30),الجزء الخامس عشر
49,وَعُرِضُوا عَلَىٰ رَبِّكَ صَفًّا لَقَدْ جِئْتُمُونَا كَمَا خَلَقْنَاكُمْ أَوَّلَ مَرَّةٍ ۚ بَلْ زَعَمْتُمْ أَلَّنْ نَجْعَلَ لَكُمْ مَوْعِدًا , نصف الحزب (30),الجزء الخامس عشر
50,وَوُضِعَ الْكِتَابُ فَتَرَى الْمُجْرِمِينَ مُشْفِقِينَ مِمَّا فِيهِ وَيَقُولُونَ يَا وَيْلَتَنَا مَالِ هَٰذَا الْكِتَابِ لَا يُغَادِرُ صَغِيرَةً وَلَا كَبِيرَةً إِلَّا أَحْصَاهَا ۚ وَوَجَدُوا مَا عَمِلُوا حَاضِرًا ۗ وَلَا يَظْلِمُ رَبُّكَ أَحَدًا , نصف الحزب (30),الجزء الخامس عشر
51,وَإِذْ قُلْنَا لِلْمَلَائِكَةِ اسْجُدُوا لِآدَمَ فَسَجَدُوا إِلَّا إِبْلِيسَ كَانَ مِنَ الْجِنِّ فَفَسَقَ عَنْ أَمْرِ رَبِّهِ ۗ أَفَتَتَّخِذُونَهُ وَذُرِّيَّتَهُ أَوْلِيَاءَ مِنْ دُونِي وَهُمْ لَكُمْ عَدُوٌّ ۚ بِئْسَ لِلظَّالِمِينَ بَدَلًا, نصف الحزب (30),الجزء الخامس عشر
52,۞ مَا أَشْهَدْتُهُمْ خَلْقَ السَّمَاوَاتِ وَالْأَرْضِ وَلَا خَلْقَ أَنْفُسِهِمْ وَمَا كُنْتُ مُتَّخِذَ الْمُضِلِّينَ عَضُدًا , ثلاثة أرباع الحزب (30),الجزء الخامس عشر
53,وَيَوْمَ يَقُولُ نَادُوا شُرَكَائِيَ الَّذِينَ زَعَمْتُمْ فَدَعَوْهُمْ فَلَمْ يَسْتَجِيبُوا لَهُمْ وَجَعَلْنَا بَيْنَهُمْ مَوْبِقًا, ثلاثة أرباع الحزب (30),الجزء الخامس عشر
54,وَرَأَى الْمُجْرِمُونَ النَّارَ فَظَنُّوا أَنَّهُمْ مُوَاقِعُوهَا وَلَمْ يَجِدُوا عَنْهَا مَصْرِفًا , ثلاثة أرباع الحزب (30),الجزء الخامس عشر
55,وَلَقَدْ صَرَّفْنَا فِي هَٰذَا الْقُرْآنِ لِلنَّاسِ مِنْ كُلِّ مَثَلٍ ۚ وَكَانَ الْإِنْسَانُ أَكْثَرَ شَيْءٍ جَدَلًا , ثلاثة أرباع الحزب (30),الجزء الخامس عشر
56,وَمَا مَنَعَ النَّاسَ أَنْ يُؤْمِنُوا إِذْ جَاءَهُمُ الْهُدَىٰ وَيَسْتَغْفِرُوا رَبَّهُمْ إِلَّا أَنْ تَأْتِيَهُمْ سُنَّةُ الْأَوَّلِينَ أَوْ يَأْتِيَهُمُ الْعَذَابُ قُبُلًا , ثلاثة أرباع الحزب (30),الجزء الخامس عشر
57,وَمَا نُرْسِلُ الْمُرْسَلِينَ إِلَّا مُبَشِّرِينَ وَمُنْذِرِينَ ۚ وَيُجَادِلُ الَّذِينَ كَفَرُوا بِالْبَاطِلِ لِيُدْحِضُوا بِهِ الْحَقَّ ۖ وَاتَّخَذُوا آيَاتِي وَمَا أُنْذِرُوا هُزُوًا , ثلاثة أرباع الحزب (30),الجزء الخامس عشر
58,وَمَنْ أَظْلَمُ مِمَّنْ ذُكِّرَ بِآيَاتِ رَبِّهِ فَأَعْرَضَ عَنْهَا وَنَسِيَ مَا قَدَّمَتْ يَدَاهُ ۚ إِنَّا جَعَلْنَا عَلَىٰ قُلُوبِهِمْ أَكِنَّةً أَنْ يَفْقَهُوهُ وَفِي آذَانِهِمْ وَقْرًا ۖ وَإِنْ تَدْعُهُمْ إِلَى الْهُدَىٰ فَلَنْ يَهْتَدُوا إِذًا أَبَدًا , ثلاثة أرباع الحزب (30),الجزء الخامس عشر
59,وَرَبُّكَ الْغَفُورُ ذُو الرَّحْمَةِ ۖ لَوْ يُؤَاخِذُهُمْ بِمَا كَسَبُوا لَعَجَّلَ لَهُمُ الْعَذَابَ ۚ بَلْ لَهُمْ مَوْعِدٌ لَنْ يَجِدُوا مِنْ دُونِهِ مَوْئِلًا , ثلاثة أرباع الحزب (30),الجزء الخامس عشر
60,وَتِلْكَ الْقُرَىٰ أَهْلَكْنَاهُمْ لَمَّا ظَلَمُوا وَجَعَلْنَا لِمَهْلِكِهِمْ مَوْعِدًا, ثلاثة أرباع الحزب (30),الجزء الخامس عشر
61,وَإِذْ قَالَ مُوسَىٰ لِفَتَاهُ لَا أَبْرَحُ حَتَّىٰ أَبْلُغَ مَجْمَعَ الْبَحْرَيْنِ أَوْ أَمْضِيَ حُقُبًا , ثلاثة أرباع الحزب (30),الجزء الخامس عشر
62,فَلَمَّا بَلَغَا مَجْمَعَ بَيْنِهِمَا نَسِيَا حُوتَهُمَا فَاتَّخَذَ سَبِيلَهُ فِي الْبَحْرِ سَرَبًا , ثلاثة أرباع الحزب (30),الجزء الخامس عشر
63,فَلَمَّا جَاوَزَا قَالَ لِفَتَاهُ آتِنَا غَدَاءَنَا لَقَدْ لَقِينَا مِنْ سَفَرِنَا هَٰذَا نَصَبًا , ثلاثة أرباع الحزب (30),الجزء الخامس عشر
64,قَالَ أَرَأَيْتَ إِذْ أَوَيْنَا إِلَى الصَّخْرَةِ فَإِنِّي نَسِيتُ الْحُوتَ وَمَا أَنْسَانِيهُ إِلَّا الشَّيْطَانُ أَنْ أَذْكُرَهُ ۚ وَاتَّخَذَ سَبِيلَهُ فِي الْبَحْرِ عَجَبًا, ثلاثة أرباع الحزب (30),الجزء الخامس عشر
65,قَالَ ذَٰلِكَ مَا كُنَّا نَبْغِ ۚ فَارْتَدَّا عَلَىٰ آثَارِهِمَا قَصَصًا, ثلاثة أرباع الحزب (30),الجزء الخامس عشر
66,فَوَجَدَا عَبْدًا مِنْ عِبَادِنَا آتَيْنَاهُ رَحْمَةً مِنْ عِنْدِنَا وَعَلَّمْنَاهُ مِنْ لَدُنَّا عِلْمًا , ثلاثة أرباع الحزب (30),الجزء الخامس عشر
67,قَالَ لَهُ مُوسَىٰ هَلْ أَتَّبِعُكَ عَلَىٰ أَنْ تُعَلِّمَنِ مِمَّا عُلِّمْتَ رُشْدًا , ثلاثة أرباع الحزب (30),الجزء الخامس عشر
68,قَالَ إِنَّكَ لَنْ تَسْتَطِيعَ مَعِيَ صَبْرًا , ثلاثة أرباع الحزب (30),الجزء الخامس عشر
69,وَكَيْفَ تَصْبِرُ عَلَىٰ مَا لَمْ تُحِطْ بِهِ خُبْرًا , ثلاثة أرباع الحزب (30),الجزء الخامس عشر
70,قَالَ سَتَجِدُنِي إِنْ شَاءَ اللَّهُ صَابِرًا وَلَا أَعْصِي لَكَ أَمْرًا , ثلاثة أرباع الحزب (30),الجزء الخامس عشر
71,قَالَ فَإِنِ اتَّبَعْتَنِي فَلَا تَسْأَلْنِي عَنْ شَيْءٍ حَتَّىٰ أُحْدِثَ لَكَ مِنْهُ ذِكْرًا , ثلاثة أرباع الحزب (30),الجزء الخامس عشر
72,فَانْطَلَقَا حَتَّىٰ إِذَا رَكِبَا فِي السَّفِينَةِ خَرَقَهَا ۖ قَالَ أَخَرَقْتَهَا لِتُغْرِقَ أَهْلَهَا لَقَدْ جِئْتَ شَيْئًا إِمْرًا , ثلاثة أرباع الحزب (30),الجزء الخامس عشر
73,قَالَ أَلَمْ أَقُلْ إِنَّكَ لَنْ تَسْتَطِيعَ مَعِيَ صَبْرًا, ثلاثة أرباع الحزب (30),الجزء الخامس عشر
74,قَالَ لَا تُؤَاخِذْنِي بِمَا نَسِيتُ وَلَا تُرْهِقْنِي مِنْ أَمْرِي عُسْرًا, ثلاثة أرباع الحزب (30),الجزء الخامس عشر
75,فَانْطَلَقَا حَتَّىٰ إِذَا لَقِيَا غُلَامًا فَقَتَلَهُ قَالَ أَقَتَلْتَ نَفْسًا زَكِيَّةً بِغَيْرِ نَفْسٍ لَقَدْ جِئْتَ شَيْئًا نُكْرًا , ثلاثة أرباع الحزب (30),الجزء الخامس عشر
76,۞ قَالَ أَلَمْ أَقُلْ لَكَ إِنَّكَ لَنْ تَسْتَطِيعَ مَعِيَ صَبْرًا , الحزب (31),الجزء السادس عشر
77,قَالَ إِنْ سَأَلْتُكَ عَنْ شَيْءٍ بَعْدَهَا فَلَا تُصَاحِبْنِي ۖ قَدْ بَلَغْتَ مِنْ لَدُنِّي عُذْرًا , الحزب (31),الجزء السادس عشر
78,فَانْطَلَقَا حَتَّىٰ إِذَا أَتَيَا أَهْلَ قَرْيَةٍ اسْتَطْعَمَا أَهْلَهَا فَأَبَوْا أَنْ يُضَيِّفُوهُمَا فَوَجَدَا فِيهَا جِدَارًا يُرِيدُ أَنْ يَنْقَضَّ فَأَقَامَهُ ۖ قَالَ لَوْ شِئْتَ لَاتَّخَذْتَ عَلَيْهِ أَجْرًا , الحزب (31),الجزء السادس عشر
79,قَالَ هَٰذَا فِرَاقُ بَيْنِي وَبَيْنِكَ ۚ سَأُنَبِّئُكَ بِتَأْوِيلِ مَا لَمْ تَسْتَطِعْ عَلَيْهِ صَبْرًا, الحزب (31),الجزء السادس عشر
80,أَمَّا السَّفِينَةُ فَكَانَتْ لِمَسَاكِينَ يَعْمَلُونَ فِي الْبَحْرِ فَأَرَدْتُ أَنْ أَعِيبَهَا وَكَانَ وَرَاءَهُمْ مَلِكٌ يَأْخُذُ كُلَّ سَفِينَةٍ غَصْبًا , الحزب (31),الجزء السادس عشر
81,وَأَمَّا الْغُلَامُ فَكَانَ أَبَوَاهُ مُؤْمِنَيْنِ فَخَشِينَا أَنْ يُرْهِقَهُمَا طُغْيَانًا وَكُفْرًا , الحزب (31),الجزء السادس عشر
82,فَأَرَدْنَا أَنْ يُبْدِلَهُمَا رَبُّهُمَا خَيْرًا مِنْهُ زَكَاةً وَأَقْرَبَ رُحْمًا , الحزب (31),الجزء السادس عشر
83,وَأَمَّا الْجِدَارُ فَكَانَ لِغُلَامَيْنِ يَتِيمَيْنِ فِي الْمَدِينَةِ وَكَانَ تَحْتَهُ كَنْزٌ لَهُمَا وَكَانَ أَبُوهُمَا صَالِحًا فَأَرَادَ رَبُّكَ أَنْ يَبْلُغَا أَشُدَّهُمَا وَيَسْتَخْرِجَا كَنْزَهُمَا رَحْمَةً مِنْ رَبِّكَ ۚ وَمَا فَعَلْتُهُ عَنْ أَمْرِي ۚ ذَٰلِكَ تَأْوِيلُ مَا لَمْ تَسْطِعْ عَلَيْهِ صَبْرًا, الحزب (31),الجزء السادس عشر
84,وَيَسْأَلُونَكَ عَنْ ذِي الْقَرْنَيْنِ ۖ قُلْ سَأَتْلُو عَلَيْكُمْ مِنْهُ ذِكْرًا , الحزب (31),الجزء السادس عشر
85,إِنَّا مَكَّنَّا لَهُ فِي الْأَرْضِ وَآتَيْنَاهُ مِنْ كُلِّ شَيْءٍ سَبَبًا , الحزب (31),الجزء السادس عشر
86,فَأَتْبَعَ سَبَبًا, الحزب (31),الجزء السادس عشر
87,حَتَّىٰ إِذَا بَلَغَ مَغْرِبَ الشَّمْسِ وَجَدَهَا تَغْرُبُ فِي عَيْنٍ حَمِئَةٍ وَوَجَدَ عِنْدَهَا قَوْمًا ۗ قُلْنَا يَا ذَا الْقَرْنَيْنِ إِمَّا أَنْ تُعَذِّبَ وَإِمَّا أَنْ تَتَّخِذَ فِيهِمْ حُسْنًا , الحزب (31),الجزء السادس عشر
88,قَالَ أَمَّا مَنْ ظَلَمَ فَسَوْفَ نُعَذِّبُهُ ثُمَّ يُرَدُّ إِلَىٰ رَبِّهِ فَيُعَذِّبُهُ عَذَابًا نُكْرًا, الحزب (31),الجزء السادس عشر
89,وَأَمَّا مَنْ آمَنَ وَعَمِلَ صَالِحًا فَلَهُ جَزَاءً الْحُسْنَىٰ ۖ وَسَنَقُولُ لَهُ مِنْ أَمْرِنَا يُسْرًا , الحزب (31),الجزء السادس عشر
90,ثُمَّ أَتْبَعَ سَبَبًا , الحزب (31),الجزء السادس عشر
91,حَتَّىٰ إِذَا بَلَغَ مَطْلِعَ الشَّمْسِ وَجَدَهَا تَطْلُعُ عَلَىٰ قَوْمٍ لَمْ نَجْعَلْ لَهُمْ مِنْ دُونِهَا سِتْرًا, الحزب (31),الجزء السادس عشر
92,كَذَٰلِكَ وَقَدْ أَحَطْنَا بِمَا لَدَيْهِ خُبْرًا , الحزب (31),الجزء السادس عشر
93,ثُمَّ أَتْبَعَ سَبَبًا , الحزب (31),الجزء السادس عشر
94,حَتَّىٰ إِذَا بَلَغَ بَيْنَ السَّدَّيْنِ وَجَدَ مِنْ دُونِهِمَا قَوْمًا لَا يَكَادُونَ يَفْقَهُونَ قَوْلًا , الحزب (31),الجزء السادس عشر
95,قَالُوا يَا ذَا الْقَرْنَيْنِ إِنَّ يَأْجُوجَ وَمَأْجُوجَ مُفْسِدُونَ فِي الْأَرْضِ فَهَلْ نَجْعَلُ لَكَ خَرْجًا عَلَىٰ أَنْ تَجْعَلَ بَيْنَنَا وَبَيْنَهُمْ سَدًّا , الحزب (31),الجزء السادس عشر
96,قَالَ مَا مَكَّنِّي فِيهِ رَبِّي خَيْرٌ فَأَعِينُونِي بِقُوَّةٍ أَجْعَلْ بَيْنَكُمْ وَبَيْنَهُمْ رَدْمًا , الحزب (31),الجزء السادس عشر
97,آتُونِي زُبَرَ الْحَدِيدِ ۖ حَتَّىٰ إِذَا سَاوَىٰ بَيْنَ الصَّدَفَيْنِ قَالَ انْفُخُوا ۖ حَتَّىٰ إِذَا جَعَلَهُ نَارًا قَالَ آتُونِي أُفْرِغْ عَلَيْهِ قِطْرًا, الحزب (31),الجزء السادس عشر
98,فَمَا اسْطَاعُوا أَنْ يَظْهَرُوهُ وَمَا اسْتَطَاعُوا لَهُ نَقْبًا , الحزب (31),الجزء السادس عشر
99,قَالَ هَٰذَا رَحْمَةٌ مِنْ رَبِّي ۖ فَإِذَا جَاءَ وَعْدُ رَبِّي جَعَلَهُ دَكَّاءَ ۖ وَكَانَ وَعْدُ رَبِّي حَقًّا ۞ , الحزب (31),الجزء السادس عشر
100,وَتَرَكْنَا بَعْضَهُمْ يَوْمَئِذٍ يَمُوجُ فِي بَعْضٍ ۖ وَنُفِخَ فِي الصُّورِ فَجَمَعْنَاهُمْ جَمْعًا, ربع الحزب (31),الجزء السادس عشر
101,وَعَرَضْنَا جَهَنَّمَ يَوْمَئِذٍ لِلْكَافِرِينَ عَرْضًا, ربع الحزب (31),الجزء السادس عشر
102,الَّذِينَ كَانَتْ أَعْيُنُهُمْ فِي غِطَاءٍ عَنْ ذِكْرِي وَكَانُوا لَا يَسْتَطِيعُونَ سَمْعًا, ربع الحزب (31),الجزء السادس عشر
103,أَفَحَسِبَ الَّذِينَ كَفَرُوا أَنْ يَتَّخِذُوا عِبَادِي مِنْ دُونِي أَوْلِيَاءَ ۚ إِنَّا أَعْتَدْنَا جَهَنَّمَ لِلْكَافِرِينَ نُزُلًا , ربع الحزب (31),الجزء السادس عشر
104,قُلْ هَلْ نُنَبِّئُكُمْ بِالْأَخْسَرِينَ أَعْمَالًا , ربع الحزب (31),الجزء السادس عشر
105,الَّذِينَ ضَلَّ سَعْيُهُمْ فِي الْحَيَاةِ الدُّنْيَا وَهُمْ يَحْسَبُونَ أَنَّهُمْ يُحْسِنُونَ صُنْعًا , ربع الحزب (31),الجزء السادس عشر
106,أُولَٰئِكَ الَّذِينَ كَفَرُوا بِآيَاتِ رَبِّهِمْ وَلِقَائِهِ فَحَبِطَتْ أَعْمَالُهُمْ فَلَا نُقِيمُ لَهُمْ يَوْمَ الْقِيَامَةِ وَزْنًا , ربع الحزب (31),الجزء السادس عشر
107,ذَٰلِكَ جَزَاؤُهُمْ جَهَنَّمُ بِمَا كَفَرُوا وَاتَّخَذُوا آيَاتِي وَرُسُلِي هُزُوًا , ربع الحزب (31),الجزء السادس عشر
108,إِنَّ الَّذِينَ آمَنُوا وَعَمِلُوا الصَّالِحَاتِ كَانَتْ لَهُمْ جَنَّاتُ الْفِرْدَوْسِ نُزُلًا, ربع الحزب (31),الجزء السادس عشر
109,خَالِدِينَ فِيهَا لَا يَبْغُونَ عَنْهَا حِوَلًا, ربع الحزب (31),الجزء السادس عشر
110,قُلْ لَوْ كَانَ الْبَحْرُ مِدَادًا لِكَلِمَاتِ رَبِّي لَنَفِدَ الْبَحْرُ قَبْلَ أَنْ تَنْفَدَ كَلِمَاتُ رَبِّي وَلَوْ جِئْنَا بِمِثْلِهِ مَدَدًا , ربع الحزب (31),الجزء السادس عشر
111,قُلْ إِنَّمَا أَنَا بَشَرٌ مِثْلُكُمْ يُوحَىٰ إِلَيَّ أَنَّمَا إِلَٰهُكُمْ إِلَٰهٌ وَاحِدٌ ۖ فَمَنْ كَانَ يَرْجُو لِقَاءَ رَبِّهِ فَلْيَعْمَلْ عَمَلًا صَالِحًا وَلَا يُشْرِكْ بِعِبَادَةِ رَبِّهِ أَحَدًا, ربع الحزب (31),الجزء السادس عشر
