﻿1,بِسْمِ اللَّهِ الرَّحْمَنِ الرَّحِيم, الحزب (32),الجزء السادس عشر
2,۞ طه , الحزب (32),الجزء السادس عشر
3,مَا أَنْزَلْنَا عَلَيْكَ الْقُرْآنَ لِتَشْقَىٰ, الحزب (32),الجزء السادس عشر
4,إِلَّا تَذْكِرَةً لِمَنْ يَخْشَىٰ, الحزب (32),الجزء السادس عشر
5,تَنْزِيلًا مِمَّنْ خَلَقَ الْأَرْضَ وَالسَّمَاوَاتِ الْعُلَى , الحزب (32),الجزء السادس عشر
6,الرَّحْمَٰنُ عَلَى الْعَرْشِ اسْتَوَىٰ, الحزب (32),الجزء السادس عشر
7,لَهُ مَا فِي السَّمَاوَاتِ وَمَا فِي الْأَرْضِ وَمَا بَيْنَهُمَا وَمَا تَحْتَ الثَّرَىٰ , الحزب (32),الجزء السادس عشر
8,وَإِنْ تَجْهَرْ بِالْقَوْلِ فَإِنَّهُ يَعْلَمُ السِّرَّ وَأَخْفَى , الحزب (32),الجزء السادس عشر
9,اللَّهُ لَا إِلَٰهَ إِلَّا هُوَ ۖ لَهُ الْأَسْمَاءُ الْحُسْنَىٰ, الحزب (32),الجزء السادس عشر
10,وَهَلْ أَتَاكَ حَدِيثُ مُوسَىٰ, الحزب (32),الجزء السادس عشر
11,إِذْ رَأَىٰ نَارًا فَقَالَ لِأَهْلِهِ امْكُثُوا إِنِّي آنَسْتُ نَارًا لَعَلِّي آتِيكُمْ مِنْهَا بِقَبَسٍ أَوْ أَجِدُ عَلَى النَّارِ هُدًى, الحزب (32),الجزء السادس عشر
12,فَلَمَّا أَتَاهَا نُودِيَ يَا مُوسَىٰ , الحزب (32),الجزء السادس عشر
13,إِنِّي أَنَا رَبُّكَ فَاخْلَعْ نَعْلَيْكَ ۖ إِنَّكَ بِالْوَادِ الْمُقَدَّسِ طُوًى, الحزب (32),الجزء السادس عشر
14,وَأَنَا اخْتَرْتُكَ فَاسْتَمِعْ لِمَا يُوحَىٰ , الحزب (32),الجزء السادس عشر
15,إِنَّنِي أَنَا اللَّهُ لَا إِلَٰهَ إِلَّا أَنَا فَاعْبُدْنِي وَأَقِمِ الصَّلَاةَ لِذِكْرِي, الحزب (32),الجزء السادس عشر
16,إِنَّ السَّاعَةَ آتِيَةٌ أَكَادُ أُخْفِيهَا لِتُجْزَىٰ كُلُّ نَفْسٍ بِمَا تَسْعَىٰ , الحزب (32),الجزء السادس عشر
17,فَلَا يَصُدَّنَّكَ عَنْهَا مَنْ لَا يُؤْمِنُ بِهَا وَاتَّبَعَ هَوَاهُ فَتَرْدَىٰ, الحزب (32),الجزء السادس عشر
18,وَمَا تِلْكَ بِيَمِينِكَ يَا مُوسَىٰ , الحزب (32),الجزء السادس عشر
19,قَالَ هِيَ عَصَايَ أَتَوَكَّأُ عَلَيْهَا وَأَهُشُّ بِهَا عَلَىٰ غَنَمِي وَلِيَ فِيهَا مَآرِبُ أُخْرَىٰ , الحزب (32),الجزء السادس عشر
20,قَالَ أَلْقِهَا يَا مُوسَىٰ , الحزب (32),الجزء السادس عشر
21,فَأَلْقَاهَا فَإِذَا هِيَ حَيَّةٌ تَسْعَىٰ, الحزب (32),الجزء السادس عشر
22,قَالَ خُذْهَا وَلَا تَخَفْ ۖ سَنُعِيدُهَا سِيرَتَهَا الْأُولَىٰ , الحزب (32),الجزء السادس عشر
23,وَاضْمُمْ يَدَكَ إِلَىٰ جَنَاحِكَ تَخْرُجْ بَيْضَاءَ مِنْ غَيْرِ سُوءٍ آيَةً أُخْرَىٰ , الحزب (32),الجزء السادس عشر
24,لِنُرِيَكَ مِنْ آيَاتِنَا الْكُبْرَى , الحزب (32),الجزء السادس عشر
25,اذْهَبْ إِلَىٰ فِرْعَوْنَ إِنَّهُ طَغَىٰ , الحزب (32),الجزء السادس عشر
26,قَالَ رَبِّ اشْرَحْ لِي صَدْرِي, الحزب (32),الجزء السادس عشر
27,وَيَسِّرْ لِي أَمْرِي, الحزب (32),الجزء السادس عشر
28,وَاحْلُلْ عُقْدَةً مِنْ لِسَانِي , الحزب (32),الجزء السادس عشر
29,يَفْقَهُوا قَوْلِي, الحزب (32),الجزء السادس عشر
30,وَاجْعَلْ لِي وَزِيرًا مِنْ أَهْلِي , الحزب (32),الجزء السادس عشر
31,هَارُونَ أَخِي , الحزب (32),الجزء السادس عشر
32,اشْدُدْ بِهِ أَزْرِي, الحزب (32),الجزء السادس عشر
33,وَأَشْرِكْهُ فِي أَمْرِي , الحزب (32),الجزء السادس عشر
34,كَيْ نُسَبِّحَكَ كَثِيرًا , الحزب (32),الجزء السادس عشر
35,وَنَذْكُرَكَ كَثِيرًا , الحزب (32),الجزء السادس عشر
36,إِنَّكَ كُنْتَ بِنَا بَصِيرًا, الحزب (32),الجزء السادس عشر
37,قَالَ قَدْ أُوتِيتَ سُؤْلَكَ يَا مُوسَىٰ , الحزب (32),الجزء السادس عشر
38,وَلَقَدْ مَنَنَّا عَلَيْكَ مَرَّةً أُخْرَىٰ , الحزب (32),الجزء السادس عشر
39,إِذْ أَوْحَيْنَا إِلَىٰ أُمِّكَ مَا يُوحَىٰ , الحزب (32),الجزء السادس عشر
40,أَنِ اقْذِفِيهِ فِي التَّابُوتِ فَاقْذِفِيهِ فِي الْيَمِّ فَلْيُلْقِهِ الْيَمُّ بِالسَّاحِلِ يَأْخُذْهُ عَدُوٌّ لِي وَعَدُوٌّ لَهُ ۚ وَأَلْقَيْتُ عَلَيْكَ مَحَبَّةً مِنِّي وَلِتُصْنَعَ عَلَىٰ عَيْنِي , الحزب (32),الجزء السادس عشر
41,إِذْ تَمْشِي أُخْتُكَ فَتَقُولُ هَلْ أَدُلُّكُمْ عَلَىٰ مَنْ يَكْفُلُهُ ۖ فَرَجَعْنَاكَ إِلَىٰ أُمِّكَ كَيْ تَقَرَّ عَيْنُهَا وَلَا تَحْزَنَ ۚ وَقَتَلْتَ نَفْسًا فَنَجَّيْنَاكَ مِنَ الْغَمِّ وَفَتَنَّاكَ فُتُونًا ۚ فَلَبِثْتَ سِنِينَ فِي أَهْلِ مَدْيَنَ ثُمَّ جِئْتَ عَلَىٰ قَدَرٍ يَا مُوسَىٰ , الحزب (32),الجزء السادس عشر
42,وَاصْطَنَعْتُكَ لِنَفْسِي, الحزب (32),الجزء السادس عشر
43,اذْهَبْ أَنْتَ وَأَخُوكَ بِآيَاتِي وَلَا تَنِيَا فِي ذِكْرِي , الحزب (32),الجزء السادس عشر
44,اذْهَبَا إِلَىٰ فِرْعَوْنَ إِنَّهُ طَغَىٰ, الحزب (32),الجزء السادس عشر
45,فَقُولَا لَهُ قَوْلًا لَيِّنًا لَعَلَّهُ يَتَذَكَّرُ أَوْ يَخْشَىٰ , الحزب (32),الجزء السادس عشر
46,قَالَا رَبَّنَا إِنَّنَا نَخَافُ أَنْ يَفْرُطَ عَلَيْنَا أَوْ أَنْ يَطْغَىٰ, الحزب (32),الجزء السادس عشر
47,قَالَ لَا تَخَافَا ۖ إِنَّنِي مَعَكُمَا أَسْمَعُ وَأَرَىٰ, الحزب (32),الجزء السادس عشر
48,فَأْتِيَاهُ فَقُولَا إِنَّا رَسُولَا رَبِّكَ فَأَرْسِلْ مَعَنَا بَنِي إِسْرَائِيلَ وَلَا تُعَذِّبْهُمْ ۖ قَدْ جِئْنَاكَ بِآيَةٍ مِنْ رَبِّكَ ۖ وَالسَّلَامُ عَلَىٰ مَنِ اتَّبَعَ الْهُدَىٰ, الحزب (32),الجزء السادس عشر
49,إِنَّا قَدْ أُوحِيَ إِلَيْنَا أَنَّ الْعَذَابَ عَلَىٰ مَنْ كَذَّبَ وَتَوَلَّىٰ, الحزب (32),الجزء السادس عشر
50,قَالَ فَمَنْ رَبُّكُمَا يَا مُوسَىٰ , الحزب (32),الجزء السادس عشر
51,قَالَ رَبُّنَا الَّذِي أَعْطَىٰ كُلَّ شَيْءٍ خَلْقَهُ ثُمَّ هَدَىٰ, الحزب (32),الجزء السادس عشر
52,قَالَ فَمَا بَالُ الْقُرُونِ الْأُولَىٰ , الحزب (32),الجزء السادس عشر
53,قَالَ عِلْمُهَا عِنْدَ رَبِّي فِي كِتَابٍ ۖ لَا يَضِلُّ رَبِّي وَلَا يَنْسَى , الحزب (32),الجزء السادس عشر
54,الَّذِي جَعَلَ لَكُمُ الْأَرْضَ مَهْدًا وَسَلَكَ لَكُمْ فِيهَا سُبُلًا وَأَنْزَلَ مِنَ السَّمَاءِ مَاءً فَأَخْرَجْنَا بِهِ أَزْوَاجًا مِنْ نَبَاتٍ شَتَّىٰ, الحزب (32),الجزء السادس عشر
55,كُلُوا وَارْعَوْا أَنْعَامَكُمْ ۗ إِنَّ فِي ذَٰلِكَ لَآيَاتٍ لِأُولِي النُّهَىٰ , الحزب (32),الجزء السادس عشر
56,۞ مِنْهَا خَلَقْنَاكُمْ وَفِيهَا نُعِيدُكُمْ وَمِنْهَا نُخْرِجُكُمْ تَارَةً أُخْرَىٰ , ربع الحزب (32),الجزء السادس عشر
57,وَلَقَدْ أَرَيْنَاهُ آيَاتِنَا كُلَّهَا فَكَذَّبَ وَأَبَىٰ, ربع الحزب (32),الجزء السادس عشر
58,قَالَ أَجِئْتَنَا لِتُخْرِجَنَا مِنْ أَرْضِنَا بِسِحْرِكَ يَا مُوسَىٰ, ربع الحزب (32),الجزء السادس عشر
59,فَلَنَأْتِيَنَّكَ بِسِحْرٍ مِثْلِهِ فَاجْعَلْ بَيْنَنَا وَبَيْنَكَ مَوْعِدًا لَا نُخْلِفُهُ نَحْنُ وَلَا أَنْتَ مَكَانًا سُوًى , ربع الحزب (32),الجزء السادس عشر
60,قَالَ مَوْعِدُكُمْ يَوْمُ الزِّينَةِ وَأَنْ يُحْشَرَ النَّاسُ ضُحًى , ربع الحزب (32),الجزء السادس عشر
61,فَتَوَلَّىٰ فِرْعَوْنُ فَجَمَعَ كَيْدَهُ ثُمَّ أَتَىٰ , ربع الحزب (32),الجزء السادس عشر
62,قَالَ لَهُمْ مُوسَىٰ وَيْلَكُمْ لَا تَفْتَرُوا عَلَى اللَّهِ كَذِبًا فَيُسْحِتَكُمْ بِعَذَابٍ ۖ وَقَدْ خَابَ مَنِ افْتَرَىٰ , ربع الحزب (32),الجزء السادس عشر
63,فَتَنَازَعُوا أَمْرَهُمْ بَيْنَهُمْ وَأَسَرُّوا النَّجْوَىٰ , ربع الحزب (32),الجزء السادس عشر
64,قَالُوا إِنْ هَٰذَانِ لَسَاحِرَانِ يُرِيدَانِ أَنْ يُخْرِجَاكُمْ مِنْ أَرْضِكُمْ بِسِحْرِهِمَا وَيَذْهَبَا بِطَرِيقَتِكُمُ الْمُثْلَىٰ , ربع الحزب (32),الجزء السادس عشر
65,فَأَجْمِعُوا كَيْدَكُمْ ثُمَّ ائْتُوا صَفًّا ۚ وَقَدْ أَفْلَحَ الْيَوْمَ مَنِ اسْتَعْلَىٰ, ربع الحزب (32),الجزء السادس عشر
66,قَالُوا يَا مُوسَىٰ إِمَّا أَنْ تُلْقِيَ وَإِمَّا أَنْ نَكُونَ أَوَّلَ مَنْ أَلْقَىٰ , ربع الحزب (32),الجزء السادس عشر
67,قَالَ بَلْ أَلْقُوا ۖ فَإِذَا حِبَالُهُمْ وَعِصِيُّهُمْ يُخَيَّلُ إِلَيْهِ مِنْ سِحْرِهِمْ أَنَّهَا تَسْعَىٰ , ربع الحزب (32),الجزء السادس عشر
68,فَأَوْجَسَ فِي نَفْسِهِ خِيفَةً مُوسَىٰ, ربع الحزب (32),الجزء السادس عشر
69,قُلْنَا لَا تَخَفْ إِنَّكَ أَنْتَ الْأَعْلَىٰ , ربع الحزب (32),الجزء السادس عشر
70,وَأَلْقِ مَا فِي يَمِينِكَ تَلْقَفْ مَا صَنَعُوا ۖ إِنَّمَا صَنَعُوا كَيْدُ سَاحِرٍ ۖ وَلَا يُفْلِحُ السَّاحِرُ حَيْثُ أَتَىٰ , ربع الحزب (32),الجزء السادس عشر
71,فَأُلْقِيَ السَّحَرَةُ سُجَّدًا قَالُوا آمَنَّا بِرَبِّ هَارُونَ وَمُوسَىٰ, ربع الحزب (32),الجزء السادس عشر
72,قَالَ آمَنْتُمْ لَهُ قَبْلَ أَنْ آذَنَ لَكُمْ ۖ إِنَّهُ لَكَبِيرُكُمُ الَّذِي عَلَّمَكُمُ السِّحْرَ ۖ فَلَأُقَطِّعَنَّ أَيْدِيَكُمْ وَأَرْجُلَكُمْ مِنْ خِلَافٍ وَلَأُصَلِّبَنَّكُمْ فِي جُذُوعِ النَّخْلِ وَلَتَعْلَمُنَّ أَيُّنَا أَشَدُّ عَذَابًا وَأَبْقَىٰ , ربع الحزب (32),الجزء السادس عشر
73,قَالُوا لَنْ نُؤْثِرَكَ عَلَىٰ مَا جَاءَنَا مِنَ الْبَيِّنَاتِ وَالَّذِي فَطَرَنَا ۖ فَاقْضِ مَا أَنْتَ قَاضٍ ۖ إِنَّمَا تَقْضِي هَٰذِهِ الْحَيَاةَ الدُّنْيَا, ربع الحزب (32),الجزء السادس عشر
74,إِنَّا آمَنَّا بِرَبِّنَا لِيَغْفِرَ لَنَا خَطَايَانَا وَمَا أَكْرَهْتَنَا عَلَيْهِ مِنَ السِّحْرِ ۗ وَاللَّهُ خَيْرٌ وَأَبْقَىٰ , ربع الحزب (32),الجزء السادس عشر
75,إِنَّهُ مَنْ يَأْتِ رَبَّهُ مُجْرِمًا فَإِنَّ لَهُ جَهَنَّمَ لَا يَمُوتُ فِيهَا وَلَا يَحْيَىٰ, ربع الحزب (32),الجزء السادس عشر
76,وَمَنْ يَأْتِهِ مُؤْمِنًا قَدْ عَمِلَ الصَّالِحَاتِ فَأُولَٰئِكَ لَهُمُ الدَّرَجَاتُ الْعُلَىٰ , ربع الحزب (32),الجزء السادس عشر
77,جَنَّاتُ عَدْنٍ تَجْرِي مِنْ تَحْتِهَا الْأَنْهَارُ خَالِدِينَ فِيهَا ۚ وَذَٰلِكَ جَزَاءُ مَنْ تَزَكَّىٰ, ربع الحزب (32),الجزء السادس عشر
78,وَلَقَدْ أَوْحَيْنَا إِلَىٰ مُوسَىٰ أَنْ أَسْرِ بِعِبَادِي فَاضْرِبْ لَهُمْ طَرِيقًا فِي الْبَحْرِ يَبَسًا لَا تَخَافُ دَرَكًا وَلَا تَخْشَىٰ, ربع الحزب (32),الجزء السادس عشر
79,فَأَتْبَعَهُمْ فِرْعَوْنُ بِجُنُودِهِ فَغَشِيَهُمْ مِنَ الْيَمِّ مَا غَشِيَهُمْ, ربع الحزب (32),الجزء السادس عشر
80,وَأَضَلَّ فِرْعَوْنُ قَوْمَهُ وَمَا هَدَىٰ , ربع الحزب (32),الجزء السادس عشر
81,يَا بَنِي إِسْرَائِيلَ قَدْ أَنْجَيْنَاكُمْ مِنْ عَدُوِّكُمْ وَوَاعَدْنَاكُمْ جَانِبَ الطُّورِ الْأَيْمَنَ وَنَزَّلْنَا عَلَيْكُمُ الْمَنَّ وَالسَّلْوَىٰ , ربع الحزب (32),الجزء السادس عشر
82,كُلُوا مِنْ طَيِّبَاتِ مَا رَزَقْنَاكُمْ وَلَا تَطْغَوْا فِيهِ فَيَحِلَّ عَلَيْكُمْ غَضَبِي ۖ وَمَنْ يَحْلِلْ عَلَيْهِ غَضَبِي فَقَدْ هَوَىٰ, ربع الحزب (32),الجزء السادس عشر
83,وَإِنِّي لَغَفَّارٌ لِمَنْ تَابَ وَآمَنَ وَعَمِلَ صَالِحًا ثُمَّ اهْتَدَىٰ , ربع الحزب (32),الجزء السادس عشر
84,۞ وَمَا أَعْجَلَكَ عَنْ قَوْمِكَ يَا مُوسَىٰ, نصف الحزب (32),الجزء السادس عشر
85,قَالَ هُمْ أُولَاءِ عَلَىٰ أَثَرِي وَعَجِلْتُ إِلَيْكَ رَبِّ لِتَرْضَىٰ, نصف الحزب (32),الجزء السادس عشر
86,قَالَ فَإِنَّا قَدْ فَتَنَّا قَوْمَكَ مِنْ بَعْدِكَ وَأَضَلَّهُمُ السَّامِرِيُّ, نصف الحزب (32),الجزء السادس عشر
87,فَرَجَعَ مُوسَىٰ إِلَىٰ قَوْمِهِ غَضْبَانَ أَسِفًا ۚ قَالَ يَا قَوْمِ أَلَمْ يَعِدْكُمْ رَبُّكُمْ وَعْدًا حَسَنًا ۚ أَفَطَالَ عَلَيْكُمُ الْعَهْدُ أَمْ أَرَدْتُمْ أَنْ يَحِلَّ عَلَيْكُمْ غَضَبٌ مِنْ رَبِّكُمْ فَأَخْلَفْتُمْ مَوْعِدِي , نصف الحزب (32),الجزء السادس عشر
88,قَالُوا مَا أَخْلَفْنَا مَوْعِدَكَ بِمَلْكِنَا وَلَٰكِنَّا حُمِّلْنَا أَوْزَارًا مِنْ زِينَةِ الْقَوْمِ فَقَذَفْنَاهَا فَكَذَٰلِكَ أَلْقَى السَّامِرِيُّ, نصف الحزب (32),الجزء السادس عشر
89,فَأَخْرَجَ لَهُمْ عِجْلًا جَسَدًا لَهُ خُوَارٌ فَقَالُوا هَٰذَا إِلَٰهُكُمْ وَإِلَٰهُ مُوسَىٰ فَنَسِيَ , نصف الحزب (32),الجزء السادس عشر
90,أَفَلَا يَرَوْنَ أَلَّا يَرْجِعُ إِلَيْهِمْ قَوْلًا وَلَا يَمْلِكُ لَهُمْ ضَرًّا وَلَا نَفْعًا , نصف الحزب (32),الجزء السادس عشر
91,وَلَقَدْ قَالَ لَهُمْ هَارُونُ مِنْ قَبْلُ يَا قَوْمِ إِنَّمَا فُتِنْتُمْ بِهِ ۖ وَإِنَّ رَبَّكُمُ الرَّحْمَٰنُ فَاتَّبِعُونِي وَأَطِيعُوا أَمْرِي , نصف الحزب (32),الجزء السادس عشر
92,قَالُوا لَنْ نَبْرَحَ عَلَيْهِ عَاكِفِينَ حَتَّىٰ يَرْجِعَ إِلَيْنَا مُوسَىٰ , نصف الحزب (32),الجزء السادس عشر
93,قَالَ يَا هَارُونُ مَا مَنَعَكَ إِذْ رَأَيْتَهُمْ ضَلُّوا , نصف الحزب (32),الجزء السادس عشر
94,أَلَّا تَتَّبِعَنِ ۖ أَفَعَصَيْتَ أَمْرِي, نصف الحزب (32),الجزء السادس عشر
95,قَالَ يَا ابْنَ أُمَّ لَا تَأْخُذْ بِلِحْيَتِي وَلَا بِرَأْسِي ۖ إِنِّي خَشِيتُ أَنْ تَقُولَ فَرَّقْتَ بَيْنَ بَنِي إِسْرَائِيلَ وَلَمْ تَرْقُبْ قَوْلِي , نصف الحزب (32),الجزء السادس عشر
96,قَالَ فَمَا خَطْبُكَ يَا سَامِرِيُّ, نصف الحزب (32),الجزء السادس عشر
97,قَالَ بَصُرْتُ بِمَا لَمْ يَبْصُرُوا بِهِ فَقَبَضْتُ قَبْضَةً مِنْ أَثَرِ الرَّسُولِ فَنَبَذْتُهَا وَكَذَٰلِكَ سَوَّلَتْ لِي نَفْسِي, نصف الحزب (32),الجزء السادس عشر
98,قَالَ فَاذْهَبْ فَإِنَّ لَكَ فِي الْحَيَاةِ أَنْ تَقُولَ لَا مِسَاسَ ۖ وَإِنَّ لَكَ مَوْعِدًا لَنْ تُخْلَفَهُ ۖ وَانْظُرْ إِلَىٰ إِلَٰهِكَ الَّذِي ظَلْتَ عَلَيْهِ عَاكِفًا ۖ لَنُحَرِّقَنَّهُ ثُمَّ لَنَنْسِفَنَّهُ فِي الْيَمِّ نَسْفًا , نصف الحزب (32),الجزء السادس عشر
99,إِنَّمَا إِلَٰهُكُمُ اللَّهُ الَّذِي لَا إِلَٰهَ إِلَّا هُوَ ۚ وَسِعَ كُلَّ شَيْءٍ عِلْمًا , نصف الحزب (32),الجزء السادس عشر
100,كَذَٰلِكَ نَقُصُّ عَلَيْكَ مِنْ أَنْبَاءِ مَا قَدْ سَبَقَ ۚ وَقَدْ آتَيْنَاكَ مِنْ لَدُنَّا ذِكْرًا , نصف الحزب (32),الجزء السادس عشر
101,مَنْ أَعْرَضَ عَنْهُ فَإِنَّهُ يَحْمِلُ يَوْمَ الْقِيَامَةِ وِزْرًا, نصف الحزب (32),الجزء السادس عشر
102,خَالِدِينَ فِيهِ ۖ وَسَاءَ لَهُمْ يَوْمَ الْقِيَامَةِ حِمْلًا, نصف الحزب (32),الجزء السادس عشر
103,يَوْمَ يُنْفَخُ فِي الصُّورِ ۚ وَنَحْشُرُ الْمُجْرِمِينَ يَوْمَئِذٍ زُرْقًا, نصف الحزب (32),الجزء السادس عشر
104,يَتَخَافَتُونَ بَيْنَهُمْ إِنْ لَبِثْتُمْ إِلَّا عَشْرًا , نصف الحزب (32),الجزء السادس عشر
105,نَحْنُ أَعْلَمُ بِمَا يَقُولُونَ إِذْ يَقُولُ أَمْثَلُهُمْ طَرِيقَةً إِنْ لَبِثْتُمْ إِلَّا يَوْمًا , نصف الحزب (32),الجزء السادس عشر
106,وَيَسْأَلُونَكَ عَنِ الْجِبَالِ فَقُلْ يَنْسِفُهَا رَبِّي نَسْفًا , نصف الحزب (32),الجزء السادس عشر
107,فَيَذَرُهَا قَاعًا صَفْصَفًا, نصف الحزب (32),الجزء السادس عشر
108,لَا تَرَىٰ فِيهَا عِوَجًا وَلَا أَمْتًا, نصف الحزب (32),الجزء السادس عشر
109,يَوْمَئِذٍ يَتَّبِعُونَ الدَّاعِيَ لَا عِوَجَ لَهُ ۖ وَخَشَعَتِ الْأَصْوَاتُ لِلرَّحْمَٰنِ فَلَا تَسْمَعُ إِلَّا هَمْسًا, نصف الحزب (32),الجزء السادس عشر
110,يَوْمَئِذٍ لَا تَنْفَعُ الشَّفَاعَةُ إِلَّا مَنْ أَذِنَ لَهُ الرَّحْمَٰنُ وَرَضِيَ لَهُ قَوْلًا , نصف الحزب (32),الجزء السادس عشر
111,يَعْلَمُ مَا بَيْنَ أَيْدِيهِمْ وَمَا خَلْفَهُمْ وَلَا يُحِيطُونَ بِهِ عِلْمًا, نصف الحزب (32),الجزء السادس عشر
112,۞ وَعَنَتِ الْوُجُوهُ لِلْحَيِّ الْقَيُّومِ ۖ وَقَدْ خَابَ مَنْ حَمَلَ ظُلْمًا, ثلاثة أرباع الحزب (32),الجزء السادس عشر
113,وَمَنْ يَعْمَلْ مِنَ الصَّالِحَاتِ وَهُوَ مُؤْمِنٌ فَلَا يَخَافُ ظُلْمًا وَلَا هَضْمًا, ثلاثة أرباع الحزب (32),الجزء السادس عشر
114,وَكَذَٰلِكَ أَنْزَلْنَاهُ قُرْآنًا عَرَبِيًّا وَصَرَّفْنَا فِيهِ مِنَ الْوَعِيدِ لَعَلَّهُمْ يَتَّقُونَ أَوْ يُحْدِثُ لَهُمْ ذِكْرًا , ثلاثة أرباع الحزب (32),الجزء السادس عشر
115,فَتَعَالَى اللَّهُ الْمَلِكُ الْحَقُّ ۗ وَلَا تَعْجَلْ بِالْقُرْآنِ مِنْ قَبْلِ أَنْ يُقْضَىٰ إِلَيْكَ وَحْيُهُ ۖ وَقُلْ رَبِّ زِدْنِي عِلْمًا, ثلاثة أرباع الحزب (32),الجزء السادس عشر
116,وَلَقَدْ عَهِدْنَا إِلَىٰ آدَمَ مِنْ قَبْلُ فَنَسِيَ وَلَمْ نَجِدْ لَهُ عَزْمًا , ثلاثة أرباع الحزب (32),الجزء السادس عشر
117,وَإِذْ قُلْنَا لِلْمَلَائِكَةِ اسْجُدُوا لِآدَمَ فَسَجَدُوا إِلَّا إِبْلِيسَ أَبَىٰ , ثلاثة أرباع الحزب (32),الجزء السادس عشر
118,فَقُلْنَا يَا آدَمُ إِنَّ هَٰذَا عَدُوٌّ لَكَ وَلِزَوْجِكَ فَلَا يُخْرِجَنَّكُمَا مِنَ الْجَنَّةِ فَتَشْقَىٰ , ثلاثة أرباع الحزب (32),الجزء السادس عشر
119,إِنَّ لَكَ أَلَّا تَجُوعَ فِيهَا وَلَا تَعْرَىٰ , ثلاثة أرباع الحزب (32),الجزء السادس عشر
120,وَأَنَّكَ لَا تَظْمَأُ فِيهَا وَلَا تَضْحَىٰ, ثلاثة أرباع الحزب (32),الجزء السادس عشر
121,فَوَسْوَسَ إِلَيْهِ الشَّيْطَانُ قَالَ يَا آدَمُ هَلْ أَدُلُّكَ عَلَىٰ شَجَرَةِ الْخُلْدِ وَمُلْكٍ لَا يَبْلَىٰ, ثلاثة أرباع الحزب (32),الجزء السادس عشر
122,فَأَكَلَا مِنْهَا فَبَدَتْ لَهُمَا سَوْآتُهُمَا وَطَفِقَا يَخْصِفَانِ عَلَيْهِمَا مِنْ وَرَقِ الْجَنَّةِ ۚ وَعَصَىٰ آدَمُ رَبَّهُ فَغَوَىٰ, ثلاثة أرباع الحزب (32),الجزء السادس عشر
123,ثُمَّ اجْتَبَاهُ رَبُّهُ فَتَابَ عَلَيْهِ وَهَدَىٰ, ثلاثة أرباع الحزب (32),الجزء السادس عشر
124,قَالَ اهْبِطَا مِنْهَا جَمِيعًا ۖ بَعْضُكُمْ لِبَعْضٍ عَدُوٌّ ۖ فَإِمَّا يَأْتِيَنَّكُمْ مِنِّي هُدًى فَمَنِ اتَّبَعَ هُدَايَ فَلَا يَضِلُّ وَلَا يَشْقَىٰ , ثلاثة أرباع الحزب (32),الجزء السادس عشر
125,وَمَنْ أَعْرَضَ عَنْ ذِكْرِي فَإِنَّ لَهُ مَعِيشَةً ضَنْكًا وَنَحْشُرُهُ يَوْمَ الْقِيَامَةِ أَعْمَىٰ , ثلاثة أرباع الحزب (32),الجزء السادس عشر
126,قَالَ رَبِّ لِمَ حَشَرْتَنِي أَعْمَىٰ وَقَدْ كُنْتُ بَصِيرًا, ثلاثة أرباع الحزب (32),الجزء السادس عشر
127,قَالَ كَذَٰلِكَ أَتَتْكَ آيَاتُنَا فَنَسِيتَهَا ۖ وَكَذَٰلِكَ الْيَوْمَ تُنْسَىٰ , ثلاثة أرباع الحزب (32),الجزء السادس عشر
128,وَكَذَٰلِكَ نَجْزِي مَنْ أَسْرَفَ وَلَمْ يُؤْمِنْ بِآيَاتِ رَبِّهِ ۚ وَلَعَذَابُ الْآخِرَةِ أَشَدُّ وَأَبْقَىٰ, ثلاثة أرباع الحزب (32),الجزء السادس عشر
129,أَفَلَمْ يَهْدِ لَهُمْ كَمْ أَهْلَكْنَا قَبْلَهُمْ مِنَ الْقُرُونِ يَمْشُونَ فِي مَسَاكِنِهِمْ ۗ إِنَّ فِي ذَٰلِكَ لَآيَاتٍ لِأُولِي النُّهَىٰ , ثلاثة أرباع الحزب (32),الجزء السادس عشر
130,وَلَوْلَا كَلِمَةٌ سَبَقَتْ مِنْ رَبِّكَ لَكَانَ لِزَامًا وَأَجَلٌ مُسَمًّى, ثلاثة أرباع الحزب (32),الجزء السادس عشر
131,فَاصْبِرْ عَلَىٰ مَا يَقُولُونَ وَسَبِّحْ بِحَمْدِ رَبِّكَ قَبْلَ طُلُوعِ الشَّمْسِ وَقَبْلَ غُرُوبِهَا ۖ وَمِنْ آنَاءِ اللَّيْلِ فَسَبِّحْ وَأَطْرَافَ النَّهَارِ لَعَلَّكَ تَرْضَىٰ, ثلاثة أرباع الحزب (32),الجزء السادس عشر
132,وَلَا تَمُدَّنَّ عَيْنَيْكَ إِلَىٰ مَا مَتَّعْنَا بِهِ أَزْوَاجًا مِنْهُمْ زَهْرَةَ الْحَيَاةِ الدُّنْيَا لِنَفْتِنَهُمْ فِيهِ ۚ وَرِزْقُ رَبِّكَ خَيْرٌ وَأَبْقَىٰ , ثلاثة أرباع الحزب (32),الجزء السادس عشر
133,وَأْمُرْ أَهْلَكَ بِالصَّلَاةِ وَاصْطَبِرْ عَلَيْهَا ۖ لَا نَسْأَلُكَ رِزْقًا ۖ نَحْنُ نَرْزُقُكَ ۗ وَالْعَاقِبَةُ لِلتَّقْوَىٰ , ثلاثة أرباع الحزب (32),الجزء السادس عشر
134,وَقَالُوا لَوْلَا يَأْتِينَا بِآيَةٍ مِنْ رَبِّهِ ۚ أَوَلَمْ تَأْتِهِمْ بَيِّنَةُ مَا فِي الصُّحُفِ الْأُولَىٰ, ثلاثة أرباع الحزب (32),الجزء السادس عشر
135,وَلَوْ أَنَّا أَهْلَكْنَاهُمْ بِعَذَابٍ مِنْ قَبْلِهِ لَقَالُوا رَبَّنَا لَوْلَا أَرْسَلْتَ إِلَيْنَا رَسُولًا فَنَتَّبِعَ آيَاتِكَ مِنْ قَبْلِ أَنْ نَذِلَّ وَنَخْزَىٰ , ثلاثة أرباع الحزب (32),الجزء السادس عشر
136,قُلْ كُلٌّ مُتَرَبِّصٌ فَتَرَبَّصُوا ۖ فَسَتَعْلَمُونَ مَنْ أَصْحَابُ الصِّرَاطِ السَّوِيِّ وَمَنِ اهْتَدَىٰ, ثلاثة أرباع الحزب (32),الجزء السادس عشر
