﻿1,بِسْمِ اللَّهِ الرَّحْمَنِ الرَّحِيم, الحزب (33),الجزء السابع عشر
2,۞ اقْتَرَبَ لِلنَّاسِ حِسَابُهُمْ وَهُمْ فِي غَفْلَةٍ مُعْرِضُونَ , الحزب (33),الجزء السابع عشر
3,مَا يَأْتِيهِمْ مِنْ ذِكْرٍ مِنْ رَبِّهِمْ مُحْدَثٍ إِلَّا اسْتَمَعُوهُ وَهُمْ يَلْعَبُونَ , الحزب (33),الجزء السابع عشر
4,لَاهِيَةً قُلُوبُهُمْ ۗ وَأَسَرُّوا النَّجْوَى الَّذِينَ ظَلَمُوا هَلْ هَٰذَا إِلَّا بَشَرٌ مِثْلُكُمْ ۖ أَفَتَأْتُونَ السِّحْرَ وَأَنْتُمْ تُبْصِرُونَ, الحزب (33),الجزء السابع عشر
5,قَالَ رَبِّي يَعْلَمُ الْقَوْلَ فِي السَّمَاءِ وَالْأَرْضِ ۖ وَهُوَ السَّمِيعُ الْعَلِيمُ , الحزب (33),الجزء السابع عشر
6,بَلْ قَالُوا أَضْغَاثُ أَحْلَامٍ بَلِ افْتَرَاهُ بَلْ هُوَ شَاعِرٌ فَلْيَأْتِنَا بِآيَةٍ كَمَا أُرْسِلَ الْأَوَّلُونَ , الحزب (33),الجزء السابع عشر
7,مَا آمَنَتْ قَبْلَهُمْ مِنْ قَرْيَةٍ أَهْلَكْنَاهَا ۖ أَفَهُمْ يُؤْمِنُونَ , الحزب (33),الجزء السابع عشر
8,وَمَا أَرْسَلْنَا قَبْلَكَ إِلَّا رِجَالًا نُوحِي إِلَيْهِمْ ۖ فَاسْأَلُوا أَهْلَ الذِّكْرِ إِنْ كُنْتُمْ لَا تَعْلَمُونَ , الحزب (33),الجزء السابع عشر
9,وَمَا جَعَلْنَاهُمْ جَسَدًا لَا يَأْكُلُونَ الطَّعَامَ وَمَا كَانُوا خَالِدِينَ , الحزب (33),الجزء السابع عشر
10,ثُمَّ صَدَقْنَاهُمُ الْوَعْدَ فَأَنْجَيْنَاهُمْ وَمَنْ نَشَاءُ وَأَهْلَكْنَا الْمُسْرِفِينَ , الحزب (33),الجزء السابع عشر
11,لَقَدْ أَنْزَلْنَا إِلَيْكُمْ كِتَابًا فِيهِ ذِكْرُكُمْ ۖ أَفَلَا تَعْقِلُونَ , الحزب (33),الجزء السابع عشر
12,وَكَمْ قَصَمْنَا مِنْ قَرْيَةٍ كَانَتْ ظَالِمَةً وَأَنْشَأْنَا بَعْدَهَا قَوْمًا آخَرِينَ , الحزب (33),الجزء السابع عشر
13,فَلَمَّا أَحَسُّوا بَأْسَنَا إِذَا هُمْ مِنْهَا يَرْكُضُونَ, الحزب (33),الجزء السابع عشر
14,لَا تَرْكُضُوا وَارْجِعُوا إِلَىٰ مَا أُتْرِفْتُمْ فِيهِ وَمَسَاكِنِكُمْ لَعَلَّكُمْ تُسْأَلُونَ, الحزب (33),الجزء السابع عشر
15,قَالُوا يَا وَيْلَنَا إِنَّا كُنَّا ظَالِمِينَ , الحزب (33),الجزء السابع عشر
16,فَمَا زَالَتْ تِلْكَ دَعْوَاهُمْ حَتَّىٰ جَعَلْنَاهُمْ حَصِيدًا خَامِدِينَ, الحزب (33),الجزء السابع عشر
17,وَمَا خَلَقْنَا السَّمَاءَ وَالْأَرْضَ وَمَا بَيْنَهُمَا لَاعِبِينَ , الحزب (33),الجزء السابع عشر
18,لَوْ أَرَدْنَا أَنْ نَتَّخِذَ لَهْوًا لَاتَّخَذْنَاهُ مِنْ لَدُنَّا إِنْ كُنَّا فَاعِلِينَ, الحزب (33),الجزء السابع عشر
19,بَلْ نَقْذِفُ بِالْحَقِّ عَلَى الْبَاطِلِ فَيَدْمَغُهُ فَإِذَا هُوَ زَاهِقٌ ۚ وَلَكُمُ الْوَيْلُ مِمَّا تَصِفُونَ , الحزب (33),الجزء السابع عشر
20,وَلَهُ مَنْ فِي السَّمَاوَاتِ وَالْأَرْضِ ۚ وَمَنْ عِنْدَهُ لَا يَسْتَكْبِرُونَ عَنْ عِبَادَتِهِ وَلَا يَسْتَحْسِرُونَ , الحزب (33),الجزء السابع عشر
21,يُسَبِّحُونَ اللَّيْلَ وَالنَّهَارَ لَا يَفْتُرُونَ , الحزب (33),الجزء السابع عشر
22,أَمِ اتَّخَذُوا آلِهَةً مِنَ الْأَرْضِ هُمْ يُنْشِرُونَ, الحزب (33),الجزء السابع عشر
23,لَوْ كَانَ فِيهِمَا آلِهَةٌ إِلَّا اللَّهُ لَفَسَدَتَا ۚ فَسُبْحَانَ اللَّهِ رَبِّ الْعَرْشِ عَمَّا يَصِفُونَ , الحزب (33),الجزء السابع عشر
24,لَا يُسْأَلُ عَمَّا يَفْعَلُ وَهُمْ يُسْأَلُونَ, الحزب (33),الجزء السابع عشر
25,أَمِ اتَّخَذُوا مِنْ دُونِهِ آلِهَةً ۖ قُلْ هَاتُوا بُرْهَانَكُمْ ۖ هَٰذَا ذِكْرُ مَنْ مَعِيَ وَذِكْرُ مَنْ قَبْلِي ۗ بَلْ أَكْثَرُهُمْ لَا يَعْلَمُونَ الْحَقَّ ۖ فَهُمْ مُعْرِضُونَ , الحزب (33),الجزء السابع عشر
26,وَمَا أَرْسَلْنَا مِنْ قَبْلِكَ مِنْ رَسُولٍ إِلَّا نُوحِي إِلَيْهِ أَنَّهُ لَا إِلَٰهَ إِلَّا أَنَا فَاعْبُدُونِ , الحزب (33),الجزء السابع عشر
27,وَقَالُوا اتَّخَذَ الرَّحْمَٰنُ وَلَدًا ۗ سُبْحَانَهُ ۚ بَلْ عِبَادٌ مُكْرَمُونَ , الحزب (33),الجزء السابع عشر
28,لَا يَسْبِقُونَهُ بِالْقَوْلِ وَهُمْ بِأَمْرِهِ يَعْمَلُونَ, الحزب (33),الجزء السابع عشر
29,يَعْلَمُ مَا بَيْنَ أَيْدِيهِمْ وَمَا خَلْفَهُمْ وَلَا يَشْفَعُونَ إِلَّا لِمَنِ ارْتَضَىٰ وَهُمْ مِنْ خَشْيَتِهِ مُشْفِقُونَ , الحزب (33),الجزء السابع عشر
30,۞ وَمَنْ يَقُلْ مِنْهُمْ إِنِّي إِلَٰهٌ مِنْ دُونِهِ فَذَٰلِكَ نَجْزِيهِ جَهَنَّمَ ۚ كَذَٰلِكَ نَجْزِي الظَّالِمِينَ , ربع الحزب (33),الجزء السابع عشر
31,أَوَلَمْ يَرَ الَّذِينَ كَفَرُوا أَنَّ السَّمَاوَاتِ وَالْأَرْضَ كَانَتَا رَتْقًا فَفَتَقْنَاهُمَا ۖ وَجَعَلْنَا مِنَ الْمَاءِ كُلَّ شَيْءٍ حَيٍّ ۖ أَفَلَا يُؤْمِنُونَ , ربع الحزب (33),الجزء السابع عشر
32,وَجَعَلْنَا فِي الْأَرْضِ رَوَاسِيَ أَنْ تَمِيدَ بِهِمْ وَجَعَلْنَا فِيهَا فِجَاجًا سُبُلًا لَعَلَّهُمْ يَهْتَدُونَ , ربع الحزب (33),الجزء السابع عشر
33,وَجَعَلْنَا السَّمَاءَ سَقْفًا مَحْفُوظًا ۖ وَهُمْ عَنْ آيَاتِهَا مُعْرِضُونَ, ربع الحزب (33),الجزء السابع عشر
34,وَهُوَ الَّذِي خَلَقَ اللَّيْلَ وَالنَّهَارَ وَالشَّمْسَ وَالْقَمَرَ ۖ كُلٌّ فِي فَلَكٍ يَسْبَحُونَ , ربع الحزب (33),الجزء السابع عشر
35,وَمَا جَعَلْنَا لِبَشَرٍ مِنْ قَبْلِكَ الْخُلْدَ ۖ أَفَإِنْ مِتَّ فَهُمُ الْخَالِدُونَ , ربع الحزب (33),الجزء السابع عشر
36,كُلُّ نَفْسٍ ذَائِقَةُ الْمَوْتِ ۗ وَنَبْلُوكُمْ بِالشَّرِّ وَالْخَيْرِ فِتْنَةً ۖ وَإِلَيْنَا تُرْجَعُونَ , ربع الحزب (33),الجزء السابع عشر
37,وَإِذَا رَآكَ الَّذِينَ كَفَرُوا إِنْ يَتَّخِذُونَكَ إِلَّا هُزُوًا أَهَٰذَا الَّذِي يَذْكُرُ آلِهَتَكُمْ وَهُمْ بِذِكْرِ الرَّحْمَٰنِ هُمْ كَافِرُونَ , ربع الحزب (33),الجزء السابع عشر
38,خُلِقَ الْإِنْسَانُ مِنْ عَجَلٍ ۚ سَأُرِيكُمْ آيَاتِي فَلَا تَسْتَعْجِلُونِ , ربع الحزب (33),الجزء السابع عشر
39,وَيَقُولُونَ مَتَىٰ هَٰذَا الْوَعْدُ إِنْ كُنْتُمْ صَادِقِينَ , ربع الحزب (33),الجزء السابع عشر
40,لَوْ يَعْلَمُ الَّذِينَ كَفَرُوا حِينَ لَا يَكُفُّونَ عَنْ وُجُوهِهِمُ النَّارَ وَلَا عَنْ ظُهُورِهِمْ وَلَا هُمْ يُنْصَرُونَ , ربع الحزب (33),الجزء السابع عشر
41,بَلْ تَأْتِيهِمْ بَغْتَةً فَتَبْهَتُهُمْ فَلَا يَسْتَطِيعُونَ رَدَّهَا وَلَا هُمْ يُنْظَرُونَ , ربع الحزب (33),الجزء السابع عشر
42,وَلَقَدِ اسْتُهْزِئَ بِرُسُلٍ مِنْ قَبْلِكَ فَحَاقَ بِالَّذِينَ سَخِرُوا مِنْهُمْ مَا كَانُوا بِهِ يَسْتَهْزِئُونَ , ربع الحزب (33),الجزء السابع عشر
43,قُلْ مَنْ يَكْلَؤُكُمْ بِاللَّيْلِ وَالنَّهَارِ مِنَ الرَّحْمَٰنِ ۗ بَلْ هُمْ عَنْ ذِكْرِ رَبِّهِمْ مُعْرِضُونَ , ربع الحزب (33),الجزء السابع عشر
44,أَمْ لَهُمْ آلِهَةٌ تَمْنَعُهُمْ مِنْ دُونِنَا ۚ لَا يَسْتَطِيعُونَ نَصْرَ أَنْفُسِهِمْ وَلَا هُمْ مِنَّا يُصْحَبُونَ , ربع الحزب (33),الجزء السابع عشر
45,بَلْ مَتَّعْنَا هَٰؤُلَاءِ وَآبَاءَهُمْ حَتَّىٰ طَالَ عَلَيْهِمُ الْعُمُرُ ۗ أَفَلَا يَرَوْنَ أَنَّا نَأْتِي الْأَرْضَ نَنْقُصُهَا مِنْ أَطْرَافِهَا ۚ أَفَهُمُ الْغَالِبُونَ , ربع الحزب (33),الجزء السابع عشر
46,قُلْ إِنَّمَا أُنْذِرُكُمْ بِالْوَحْيِ ۚ وَلَا يَسْمَعُ الصُّمُّ الدُّعَاءَ إِذَا مَا يُنْذَرُونَ , ربع الحزب (33),الجزء السابع عشر
47,وَلَئِنْ مَسَّتْهُمْ نَفْحَةٌ مِنْ عَذَابِ رَبِّكَ لَيَقُولُنَّ يَا وَيْلَنَا إِنَّا كُنَّا ظَالِمِينَ, ربع الحزب (33),الجزء السابع عشر
48,وَنَضَعُ الْمَوَازِينَ الْقِسْطَ لِيَوْمِ الْقِيَامَةِ فَلَا تُظْلَمُ نَفْسٌ شَيْئًا ۖ وَإِنْ كَانَ مِثْقَالَ حَبَّةٍ مِنْ خَرْدَلٍ أَتَيْنَا بِهَا ۗ وَكَفَىٰ بِنَا حَاسِبِينَ , ربع الحزب (33),الجزء السابع عشر
49,وَلَقَدْ آتَيْنَا مُوسَىٰ وَهَارُونَ الْفُرْقَانَ وَضِيَاءً وَذِكْرًا لِلْمُتَّقِينَ, ربع الحزب (33),الجزء السابع عشر
50,الَّذِينَ يَخْشَوْنَ رَبَّهُمْ بِالْغَيْبِ وَهُمْ مِنَ السَّاعَةِ مُشْفِقُونَ, ربع الحزب (33),الجزء السابع عشر
51,وَهَٰذَا ذِكْرٌ مُبَارَكٌ أَنْزَلْنَاهُ ۚ أَفَأَنْتُمْ لَهُ مُنْكِرُونَ, ربع الحزب (33),الجزء السابع عشر
52,۞ وَلَقَدْ آتَيْنَا إِبْرَاهِيمَ رُشْدَهُ مِنْ قَبْلُ وَكُنَّا بِهِ عَالِمِينَ, نصف الحزب (33),الجزء السابع عشر
53,إِذْ قَالَ لِأَبِيهِ وَقَوْمِهِ مَا هَٰذِهِ التَّمَاثِيلُ الَّتِي أَنْتُمْ لَهَا عَاكِفُونَ , نصف الحزب (33),الجزء السابع عشر
54,قَالُوا وَجَدْنَا آبَاءَنَا لَهَا عَابِدِينَ , نصف الحزب (33),الجزء السابع عشر
55,قَالَ لَقَدْ كُنْتُمْ أَنْتُمْ وَآبَاؤُكُمْ فِي ضَلَالٍ مُبِينٍ, نصف الحزب (33),الجزء السابع عشر
56,قَالُوا أَجِئْتَنَا بِالْحَقِّ أَمْ أَنْتَ مِنَ اللَّاعِبِينَ, نصف الحزب (33),الجزء السابع عشر
57,قَالَ بَلْ رَبُّكُمْ رَبُّ السَّمَاوَاتِ وَالْأَرْضِ الَّذِي فَطَرَهُنَّ وَأَنَا عَلَىٰ ذَٰلِكُمْ مِنَ الشَّاهِدِينَ , نصف الحزب (33),الجزء السابع عشر
58,وَتَاللَّهِ لَأَكِيدَنَّ أَصْنَامَكُمْ بَعْدَ أَنْ تُوَلُّوا مُدْبِرِينَ , نصف الحزب (33),الجزء السابع عشر
59,فَجَعَلَهُمْ جُذَاذًا إِلَّا كَبِيرًا لَهُمْ لَعَلَّهُمْ إِلَيْهِ يَرْجِعُونَ, نصف الحزب (33),الجزء السابع عشر
60,قَالُوا مَنْ فَعَلَ هَٰذَا بِآلِهَتِنَا إِنَّهُ لَمِنَ الظَّالِمِينَ, نصف الحزب (33),الجزء السابع عشر
61,قَالُوا سَمِعْنَا فَتًى يَذْكُرُهُمْ يُقَالُ لَهُ إِبْرَاهِيمُ , نصف الحزب (33),الجزء السابع عشر
62,قَالُوا فَأْتُوا بِهِ عَلَىٰ أَعْيُنِ النَّاسِ لَعَلَّهُمْ يَشْهَدُونَ , نصف الحزب (33),الجزء السابع عشر
63,قَالُوا أَأَنْتَ فَعَلْتَ هَٰذَا بِآلِهَتِنَا يَا إِبْرَاهِيمُ , نصف الحزب (33),الجزء السابع عشر
64,قَالَ بَلْ فَعَلَهُ كَبِيرُهُمْ هَٰذَا فَاسْأَلُوهُمْ إِنْ كَانُوا يَنْطِقُونَ , نصف الحزب (33),الجزء السابع عشر
65,فَرَجَعُوا إِلَىٰ أَنْفُسِهِمْ فَقَالُوا إِنَّكُمْ أَنْتُمُ الظَّالِمُونَ, نصف الحزب (33),الجزء السابع عشر
66,ثُمَّ نُكِسُوا عَلَىٰ رُءُوسِهِمْ لَقَدْ عَلِمْتَ مَا هَٰؤُلَاءِ يَنْطِقُونَ , نصف الحزب (33),الجزء السابع عشر
67,قَالَ أَفَتَعْبُدُونَ مِنْ دُونِ اللَّهِ مَا لَا يَنْفَعُكُمْ شَيْئًا وَلَا يَضُرُّكُمْ , نصف الحزب (33),الجزء السابع عشر
68,أُفٍّ لَكُمْ وَلِمَا تَعْبُدُونَ مِنْ دُونِ اللَّهِ ۖ أَفَلَا تَعْقِلُونَ , نصف الحزب (33),الجزء السابع عشر
69,قَالُوا حَرِّقُوهُ وَانْصُرُوا آلِهَتَكُمْ إِنْ كُنْتُمْ فَاعِلِينَ , نصف الحزب (33),الجزء السابع عشر
70,قُلْنَا يَا نَارُ كُونِي بَرْدًا وَسَلَامًا عَلَىٰ إِبْرَاهِيمَ , نصف الحزب (33),الجزء السابع عشر
71,وَأَرَادُوا بِهِ كَيْدًا فَجَعَلْنَاهُمُ الْأَخْسَرِينَ , نصف الحزب (33),الجزء السابع عشر
72,وَنَجَّيْنَاهُ وَلُوطًا إِلَى الْأَرْضِ الَّتِي بَارَكْنَا فِيهَا لِلْعَالَمِينَ , نصف الحزب (33),الجزء السابع عشر
73,وَوَهَبْنَا لَهُ إِسْحَاقَ وَيَعْقُوبَ نَافِلَةً ۖ وَكُلًّا جَعَلْنَا صَالِحِينَ , نصف الحزب (33),الجزء السابع عشر
74,وَجَعَلْنَاهُمْ أَئِمَّةً يَهْدُونَ بِأَمْرِنَا وَأَوْحَيْنَا إِلَيْهِمْ فِعْلَ الْخَيْرَاتِ وَإِقَامَ الصَّلَاةِ وَإِيتَاءَ الزَّكَاةِ ۖ وَكَانُوا لَنَا عَابِدِينَ , نصف الحزب (33),الجزء السابع عشر
75,وَلُوطًا آتَيْنَاهُ حُكْمًا وَعِلْمًا وَنَجَّيْنَاهُ مِنَ الْقَرْيَةِ الَّتِي كَانَتْ تَعْمَلُ الْخَبَائِثَ ۗ إِنَّهُمْ كَانُوا قَوْمَ سَوْءٍ فَاسِقِينَ , نصف الحزب (33),الجزء السابع عشر
76,وَأَدْخَلْنَاهُ فِي رَحْمَتِنَا ۖ إِنَّهُ مِنَ الصَّالِحِينَ, نصف الحزب (33),الجزء السابع عشر
77,وَنُوحًا إِذْ نَادَىٰ مِنْ قَبْلُ فَاسْتَجَبْنَا لَهُ فَنَجَّيْنَاهُ وَأَهْلَهُ مِنَ الْكَرْبِ الْعَظِيمِ, نصف الحزب (33),الجزء السابع عشر
78,وَنَصَرْنَاهُ مِنَ الْقَوْمِ الَّذِينَ كَذَّبُوا بِآيَاتِنَا ۚ إِنَّهُمْ كَانُوا قَوْمَ سَوْءٍ فَأَغْرَقْنَاهُمْ أَجْمَعِينَ , نصف الحزب (33),الجزء السابع عشر
79,وَدَاوُودَ وَسُلَيْمَانَ إِذْ يَحْكُمَانِ فِي الْحَرْثِ إِذْ نَفَشَتْ فِيهِ غَنَمُ الْقَوْمِ وَكُنَّا لِحُكْمِهِمْ شَاهِدِينَ , نصف الحزب (33),الجزء السابع عشر
80,فَفَهَّمْنَاهَا سُلَيْمَانَ ۚ وَكُلًّا آتَيْنَا حُكْمًا وَعِلْمًا ۚ وَسَخَّرْنَا مَعَ دَاوُودَ الْجِبَالَ يُسَبِّحْنَ وَالطَّيْرَ ۚ وَكُنَّا فَاعِلِينَ , نصف الحزب (33),الجزء السابع عشر
81,وَعَلَّمْنَاهُ صَنْعَةَ لَبُوسٍ لَكُمْ لِتُحْصِنَكُمْ مِنْ بَأْسِكُمْ ۖ فَهَلْ أَنْتُمْ شَاكِرُونَ , نصف الحزب (33),الجزء السابع عشر
82,وَلِسُلَيْمَانَ الرِّيحَ عَاصِفَةً تَجْرِي بِأَمْرِهِ إِلَى الْأَرْضِ الَّتِي بَارَكْنَا فِيهَا ۚ وَكُنَّا بِكُلِّ شَيْءٍ عَالِمِينَ , نصف الحزب (33),الجزء السابع عشر
83,وَمِنَ الشَّيَاطِينِ مَنْ يَغُوصُونَ لَهُ وَيَعْمَلُونَ عَمَلًا دُونَ ذَٰلِكَ ۖ وَكُنَّا لَهُمْ حَافِظِينَ , ثلاثة أرباع الحزب (33),الجزء السابع عشر
84,وَأَيُّوبَ إِذْ نَادَىٰ رَبَّهُ أَنِّي مَسَّنِيَ الضُّرُّ وَأَنْتَ أَرْحَمُ الرَّاحِمِينَ ۞ , ثلاثة أرباع الحزب (33),الجزء السابع عشر
85,فَاسْتَجَبْنَا لَهُ فَكَشَفْنَا مَا بِهِ مِنْ ضُرٍّ ۖ وَآتَيْنَاهُ أَهْلَهُ وَمِثْلَهُمْ مَعَهُمْ رَحْمَةً مِنْ عِنْدِنَا وَذِكْرَىٰ لِلْعَابِدِينَ , ثلاثة أرباع الحزب (33),الجزء السابع عشر
86,وَإِسْمَاعِيلَ وَإِدْرِيسَ وَذَا الْكِفْلِ ۖ كُلٌّ مِنَ الصَّابِرِينَ, ثلاثة أرباع الحزب (33),الجزء السابع عشر
87,وَأَدْخَلْنَاهُمْ فِي رَحْمَتِنَا ۖ إِنَّهُمْ مِنَ الصَّالِحِينَ , ثلاثة أرباع الحزب (33),الجزء السابع عشر
88,وَذَا النُّونِ إِذْ ذَهَبَ مُغَاضِبًا فَظَنَّ أَنْ لَنْ نَقْدِرَ عَلَيْهِ فَنَادَىٰ فِي الظُّلُمَاتِ أَنْ لَا إِلَٰهَ إِلَّا أَنْتَ سُبْحَانَكَ إِنِّي كُنْتُ مِنَ الظَّالِمِينَ, ثلاثة أرباع الحزب (33),الجزء السابع عشر
89,فَاسْتَجَبْنَا لَهُ وَنَجَّيْنَاهُ مِنَ الْغَمِّ ۚ وَكَذَٰلِكَ نُنْجِي الْمُؤْمِنِينَ, ثلاثة أرباع الحزب (33),الجزء السابع عشر
90,وَزَكَرِيَّا إِذْ نَادَىٰ رَبَّهُ رَبِّ لَا تَذَرْنِي فَرْدًا وَأَنْتَ خَيْرُ الْوَارِثِينَ , ثلاثة أرباع الحزب (33),الجزء السابع عشر
91,فَاسْتَجَبْنَا لَهُ وَوَهَبْنَا لَهُ يَحْيَىٰ وَأَصْلَحْنَا لَهُ زَوْجَهُ ۚ إِنَّهُمْ كَانُوا يُسَارِعُونَ فِي الْخَيْرَاتِ وَيَدْعُونَنَا رَغَبًا وَرَهَبًا ۖ وَكَانُوا لَنَا خَاشِعِينَ, ثلاثة أرباع الحزب (33),الجزء السابع عشر
92,وَالَّتِي أَحْصَنَتْ فَرْجَهَا فَنَفَخْنَا فِيهَا مِنْ رُوحِنَا وَجَعَلْنَاهَا وَابْنَهَا آيَةً لِلْعَالَمِينَ , ثلاثة أرباع الحزب (33),الجزء السابع عشر
93,إِنَّ هَٰذِهِ أُمَّتُكُمْ أُمَّةً وَاحِدَةً وَأَنَا رَبُّكُمْ فَاعْبُدُونِ, ثلاثة أرباع الحزب (33),الجزء السابع عشر
94,وَتَقَطَّعُوا أَمْرَهُمْ بَيْنَهُمْ ۖ كُلٌّ إِلَيْنَا رَاجِعُونَ, ثلاثة أرباع الحزب (33),الجزء السابع عشر
95,فَمَنْ يَعْمَلْ مِنَ الصَّالِحَاتِ وَهُوَ مُؤْمِنٌ فَلَا كُفْرَانَ لِسَعْيِهِ وَإِنَّا لَهُ كَاتِبُونَ , ثلاثة أرباع الحزب (33),الجزء السابع عشر
96,وَحَرَامٌ عَلَىٰ قَرْيَةٍ أَهْلَكْنَاهَا أَنَّهُمْ لَا يَرْجِعُونَ , ثلاثة أرباع الحزب (33),الجزء السابع عشر
97,حَتَّىٰ إِذَا فُتِحَتْ يَأْجُوجُ وَمَأْجُوجُ وَهُمْ مِنْ كُلِّ حَدَبٍ يَنْسِلُونَ , ثلاثة أرباع الحزب (33),الجزء السابع عشر
98,وَاقْتَرَبَ الْوَعْدُ الْحَقُّ فَإِذَا هِيَ شَاخِصَةٌ أَبْصَارُ الَّذِينَ كَفَرُوا يَا وَيْلَنَا قَدْ كُنَّا فِي غَفْلَةٍ مِنْ هَٰذَا بَلْ كُنَّا ظَالِمِينَ , ثلاثة أرباع الحزب (33),الجزء السابع عشر
99,إِنَّكُمْ وَمَا تَعْبُدُونَ مِنْ دُونِ اللَّهِ حَصَبُ جَهَنَّمَ أَنْتُمْ لَهَا وَارِدُونَ , ثلاثة أرباع الحزب (33),الجزء السابع عشر
100,لَوْ كَانَ هَٰؤُلَاءِ آلِهَةً مَا وَرَدُوهَا ۖ وَكُلٌّ فِيهَا خَالِدُونَ , ثلاثة أرباع الحزب (33),الجزء السابع عشر
101,لَهُمْ فِيهَا زَفِيرٌ وَهُمْ فِيهَا لَا يَسْمَعُونَ , ثلاثة أرباع الحزب (33),الجزء السابع عشر
102,إِنَّ الَّذِينَ سَبَقَتْ لَهُمْ مِنَّا الْحُسْنَىٰ أُولَٰئِكَ عَنْهَا مُبْعَدُونَ , ثلاثة أرباع الحزب (33),الجزء السابع عشر
103,لَا يَسْمَعُونَ حَسِيسَهَا ۖ وَهُمْ فِي مَا اشْتَهَتْ أَنْفُسُهُمْ خَالِدُونَ , ثلاثة أرباع الحزب (33),الجزء السابع عشر
104,لَا يَحْزُنُهُمُ الْفَزَعُ الْأَكْبَرُ وَتَتَلَقَّاهُمُ الْمَلَائِكَةُ هَٰذَا يَوْمُكُمُ الَّذِي كُنْتُمْ تُوعَدُونَ, ثلاثة أرباع الحزب (33),الجزء السابع عشر
105,يَوْمَ نَطْوِي السَّمَاءَ كَطَيِّ السِّجِلِّ لِلْكُتُبِ ۚ كَمَا بَدَأْنَا أَوَّلَ خَلْقٍ نُعِيدُهُ ۚ وَعْدًا عَلَيْنَا ۚ إِنَّا كُنَّا فَاعِلِينَ , ثلاثة أرباع الحزب (33),الجزء السابع عشر
106,وَلَقَدْ كَتَبْنَا فِي الزَّبُورِ مِنْ بَعْدِ الذِّكْرِ أَنَّ الْأَرْضَ يَرِثُهَا عِبَادِيَ الصَّالِحُونَ, ثلاثة أرباع الحزب (33),الجزء السابع عشر
107,إِنَّ فِي هَٰذَا لَبَلَاغًا لِقَوْمٍ عَابِدِينَ , ثلاثة أرباع الحزب (33),الجزء السابع عشر
108,وَمَا أَرْسَلْنَاكَ إِلَّا رَحْمَةً لِلْعَالَمِينَ , ثلاثة أرباع الحزب (33),الجزء السابع عشر
109,قُلْ إِنَّمَا يُوحَىٰ إِلَيَّ أَنَّمَا إِلَٰهُكُمْ إِلَٰهٌ وَاحِدٌ ۖ فَهَلْ أَنْتُمْ مُسْلِمُونَ , ثلاثة أرباع الحزب (33),الجزء السابع عشر
110,فَإِنْ تَوَلَّوْا فَقُلْ آذَنْتُكُمْ عَلَىٰ سَوَاءٍ ۖ وَإِنْ أَدْرِي أَقَرِيبٌ أَمْ بَعِيدٌ مَا تُوعَدُونَ , ثلاثة أرباع الحزب (33),الجزء السابع عشر
111,إِنَّهُ يَعْلَمُ الْجَهْرَ مِنَ الْقَوْلِ وَيَعْلَمُ مَا تَكْتُمُونَ, ثلاثة أرباع الحزب (33),الجزء السابع عشر
112,وَإِنْ أَدْرِي لَعَلَّهُ فِتْنَةٌ لَكُمْ وَمَتَاعٌ إِلَىٰ حِينٍ , ثلاثة أرباع الحزب (33),الجزء السابع عشر
113,قَالَ رَبِّ احْكُمْ بِالْحَقِّ ۗ وَرَبُّنَا الرَّحْمَٰنُ الْمُسْتَعَانُ عَلَىٰ مَا تَصِفُونَ, ثلاثة أرباع الحزب (33),الجزء السابع عشر
