﻿1,بِسْمِ اللَّهِ الرَّحْمَنِ الرَّحِيم, الحزب (34),الجزء السابع عشر
2,۞ يَا أَيُّهَا النَّاسُ اتَّقُوا رَبَّكُمْ ۚ إِنَّ زَلْزَلَةَ السَّاعَةِ شَيْءٌ عَظِيمٌ , الحزب (34),الجزء السابع عشر
3,يَوْمَ تَرَوْنَهَا تَذْهَلُ كُلُّ مُرْضِعَةٍ عَمَّا أَرْضَعَتْ وَتَضَعُ كُلُّ ذَاتِ حَمْلٍ حَمْلَهَا وَتَرَى النَّاسَ سُكَارَىٰ وَمَا هُمْ بِسُكَارَىٰ وَلَٰكِنَّ عَذَابَ اللَّهِ شَدِيدٌ , الحزب (34),الجزء السابع عشر
4,وَمِنَ النَّاسِ مَنْ يُجَادِلُ فِي اللَّهِ بِغَيْرِ عِلْمٍ وَيَتَّبِعُ كُلَّ شَيْطَانٍ مَرِيدٍ , الحزب (34),الجزء السابع عشر
5,كُتِبَ عَلَيْهِ أَنَّهُ مَنْ تَوَلَّاهُ فَأَنَّهُ يُضِلُّهُ وَيَهْدِيهِ إِلَىٰ عَذَابِ السَّعِيرِ, الحزب (34),الجزء السابع عشر
6,يَا أَيُّهَا النَّاسُ إِنْ كُنْتُمْ فِي رَيْبٍ مِنَ الْبَعْثِ فَإِنَّا خَلَقْنَاكُمْ مِنْ تُرَابٍ ثُمَّ مِنْ نُطْفَةٍ ثُمَّ مِنْ عَلَقَةٍ ثُمَّ مِنْ مُضْغَةٍ مُخَلَّقَةٍ وَغَيْرِ مُخَلَّقَةٍ لِنُبَيِّنَ لَكُمْ ۚ وَنُقِرُّ فِي الْأَرْحَامِ مَا نَشَاءُ إِلَىٰ أَجَلٍ مُسَمًّى ثُمَّ نُخْرِجُكُمْ طِفْلًا ثُمَّ لِتَبْلُغُوا أَشُدَّكُمْ ۖ وَمِنْكُمْ مَنْ يُتَوَفَّىٰ وَمِنْكُمْ مَنْ يُرَدُّ إِلَىٰ أَرْذَلِ الْعُمُرِ لِكَيْلَا يَعْلَمَ مِنْ بَعْدِ عِلْمٍ شَيْئًا ۚ وَتَرَى الْأَرْضَ هَامِدَةً فَإِذَا أَنْزَلْنَا عَلَيْهَا الْمَاءَ اهْتَزَّتْ وَرَبَتْ وَأَنْبَتَتْ مِنْ كُلِّ زَوْجٍ بَهِيجٍ , الحزب (34),الجزء السابع عشر
7,ذَٰلِكَ بِأَنَّ اللَّهَ هُوَ الْحَقُّ وَأَنَّهُ يُحْيِي الْمَوْتَىٰ وَأَنَّهُ عَلَىٰ كُلِّ شَيْءٍ قَدِيرٌ , الحزب (34),الجزء السابع عشر
8,وَأَنَّ السَّاعَةَ آتِيَةٌ لَا رَيْبَ فِيهَا وَأَنَّ اللَّهَ يَبْعَثُ مَنْ فِي الْقُبُورِ , الحزب (34),الجزء السابع عشر
9,وَمِنَ النَّاسِ مَنْ يُجَادِلُ فِي اللَّهِ بِغَيْرِ عِلْمٍ وَلَا هُدًى وَلَا كِتَابٍ مُنِيرٍ, الحزب (34),الجزء السابع عشر
10,ثَانِيَ عِطْفِهِ لِيُضِلَّ عَنْ سَبِيلِ اللَّهِ ۖ لَهُ فِي الدُّنْيَا خِزْيٌ ۖ وَنُذِيقُهُ يَوْمَ الْقِيَامَةِ عَذَابَ الْحَرِيقِ, الحزب (34),الجزء السابع عشر
11,ذَٰلِكَ بِمَا قَدَّمَتْ يَدَاكَ وَأَنَّ اللَّهَ لَيْسَ بِظَلَّامٍ لِلْعَبِيدِ , الحزب (34),الجزء السابع عشر
12,وَمِنَ النَّاسِ مَنْ يَعْبُدُ اللَّهَ عَلَىٰ حَرْفٍ ۖ فَإِنْ أَصَابَهُ خَيْرٌ اطْمَأَنَّ بِهِ ۖ وَإِنْ أَصَابَتْهُ فِتْنَةٌ انْقَلَبَ عَلَىٰ وَجْهِهِ خَسِرَ الدُّنْيَا وَالْآخِرَةَ ۚ ذَٰلِكَ هُوَ الْخُسْرَانُ الْمُبِينُ, الحزب (34),الجزء السابع عشر
13,يَدْعُو مِنْ دُونِ اللَّهِ مَا لَا يَضُرُّهُ وَمَا لَا يَنْفَعُهُ ۚ ذَٰلِكَ هُوَ الضَّلَالُ الْبَعِيدُ, الحزب (34),الجزء السابع عشر
14,يَدْعُو لَمَنْ ضَرُّهُ أَقْرَبُ مِنْ نَفْعِهِ ۚ لَبِئْسَ الْمَوْلَىٰ وَلَبِئْسَ الْعَشِيرُ, الحزب (34),الجزء السابع عشر
15,إِنَّ اللَّهَ يُدْخِلُ الَّذِينَ آمَنُوا وَعَمِلُوا الصَّالِحَاتِ جَنَّاتٍ تَجْرِي مِنْ تَحْتِهَا الْأَنْهَارُ ۚ إِنَّ اللَّهَ يَفْعَلُ مَا يُرِيدُ, الحزب (34),الجزء السابع عشر
16,مَنْ كَانَ يَظُنُّ أَنْ لَنْ يَنْصُرَهُ اللَّهُ فِي الدُّنْيَا وَالْآخِرَةِ فَلْيَمْدُدْ بِسَبَبٍ إِلَى السَّمَاءِ ثُمَّ لْيَقْطَعْ فَلْيَنْظُرْ هَلْ يُذْهِبَنَّ كَيْدُهُ مَا يَغِيظُ , الحزب (34),الجزء السابع عشر
17,وَكَذَٰلِكَ أَنْزَلْنَاهُ آيَاتٍ بَيِّنَاتٍ وَأَنَّ اللَّهَ يَهْدِي مَنْ يُرِيدُ, الحزب (34),الجزء السابع عشر
18,إِنَّ الَّذِينَ آمَنُوا وَالَّذِينَ هَادُوا وَالصَّابِئِينَ وَالنَّصَارَىٰ وَالْمَجُوسَ وَالَّذِينَ أَشْرَكُوا إِنَّ اللَّهَ يَفْصِلُ بَيْنَهُمْ يَوْمَ الْقِيَامَةِ ۚ إِنَّ اللَّهَ عَلَىٰ كُلِّ شَيْءٍ شَهِيدٌ, الحزب (34),الجزء السابع عشر
19,أَلَمْ تَرَ أَنَّ اللَّهَ يَسْجُدُ لَهُ مَنْ فِي السَّمَاوَاتِ وَمَنْ فِي الْأَرْضِ وَالشَّمْسُ وَالْقَمَرُ وَالنُّجُومُ وَالْجِبَالُ وَالشَّجَرُ وَالدَّوَابُّ وَكَثِيرٌ مِنَ النَّاسِ ۖ وَكَثِيرٌ حَقَّ عَلَيْهِ الْعَذَابُ ۗ وَمَنْ يُهِنِ اللَّهُ فَمَا لَهُ مِنْ مُكْرِمٍ ۚ إِنَّ اللَّهَ يَفْعَلُ مَا يَشَاءُ ۩ , الحزب (34),الجزء السابع عشر
20,۞ هَٰذَانِ خَصْمَانِ اخْتَصَمُوا فِي رَبِّهِمْ ۖ فَالَّذِينَ كَفَرُوا قُطِّعَتْ لَهُمْ ثِيَابٌ مِنْ نَارٍ يُصَبُّ مِنْ فَوْقِ رُءُوسِهِمُ الْحَمِيمُ , ربع الحزب (34),الجزء السابع عشر
21,يُصْهَرُ بِهِ مَا فِي بُطُونِهِمْ وَالْجُلُودُ , ربع الحزب (34),الجزء السابع عشر
22,وَلَهُمْ مَقَامِعُ مِنْ حَدِيدٍ , ربع الحزب (34),الجزء السابع عشر
23,كُلَّمَا أَرَادُوا أَنْ يَخْرُجُوا مِنْهَا مِنْ غَمٍّ أُعِيدُوا فِيهَا وَذُوقُوا عَذَابَ الْحَرِيقِ , ربع الحزب (34),الجزء السابع عشر
24,إِنَّ اللَّهَ يُدْخِلُ الَّذِينَ آمَنُوا وَعَمِلُوا الصَّالِحَاتِ جَنَّاتٍ تَجْرِي مِنْ تَحْتِهَا الْأَنْهَارُ يُحَلَّوْنَ فِيهَا مِنْ أَسَاوِرَ مِنْ ذَهَبٍ وَلُؤْلُؤًا ۖ وَلِبَاسُهُمْ فِيهَا حَرِيرٌ , ربع الحزب (34),الجزء السابع عشر
25,وَهُدُوا إِلَى الطَّيِّبِ مِنَ الْقَوْلِ وَهُدُوا إِلَىٰ صِرَاطِ الْحَمِيدِ , ربع الحزب (34),الجزء السابع عشر
26,إِنَّ الَّذِينَ كَفَرُوا وَيَصُدُّونَ عَنْ سَبِيلِ اللَّهِ وَالْمَسْجِدِ الْحَرَامِ الَّذِي جَعَلْنَاهُ لِلنَّاسِ سَوَاءً الْعَاكِفُ فِيهِ وَالْبَادِ ۚ وَمَنْ يُرِدْ فِيهِ بِإِلْحَادٍ بِظُلْمٍ نُذِقْهُ مِنْ عَذَابٍ أَلِيمٍ , ربع الحزب (34),الجزء السابع عشر
27,وَإِذْ بَوَّأْنَا لِإِبْرَاهِيمَ مَكَانَ الْبَيْتِ أَنْ لَا تُشْرِكْ بِي شَيْئًا وَطَهِّرْ بَيْتِيَ لِلطَّائِفِينَ وَالْقَائِمِينَ وَالرُّكَّعِ السُّجُودِ , ربع الحزب (34),الجزء السابع عشر
28,وَأَذِّنْ فِي النَّاسِ بِالْحَجِّ يَأْتُوكَ رِجَالًا وَعَلَىٰ كُلِّ ضَامِرٍ يَأْتِينَ مِنْ كُلِّ فَجٍّ عَمِيقٍ , ربع الحزب (34),الجزء السابع عشر
29,لِيَشْهَدُوا مَنَافِعَ لَهُمْ وَيَذْكُرُوا اسْمَ اللَّهِ فِي أَيَّامٍ مَعْلُومَاتٍ عَلَىٰ مَا رَزَقَهُمْ مِنْ بَهِيمَةِ الْأَنْعَامِ ۖ فَكُلُوا مِنْهَا وَأَطْعِمُوا الْبَائِسَ الْفَقِيرَ , ربع الحزب (34),الجزء السابع عشر
30,ثُمَّ لْيَقْضُوا تَفَثَهُمْ وَلْيُوفُوا نُذُورَهُمْ وَلْيَطَّوَّفُوا بِالْبَيْتِ الْعَتِيقِ , ربع الحزب (34),الجزء السابع عشر
31,ذَٰلِكَ وَمَنْ يُعَظِّمْ حُرُمَاتِ اللَّهِ فَهُوَ خَيْرٌ لَهُ عِنْدَ رَبِّهِ ۗ وَأُحِلَّتْ لَكُمُ الْأَنْعَامُ إِلَّا مَا يُتْلَىٰ عَلَيْكُمْ ۖ فَاجْتَنِبُوا الرِّجْسَ مِنَ الْأَوْثَانِ وَاجْتَنِبُوا قَوْلَ الزُّورِ, ربع الحزب (34),الجزء السابع عشر
32,حُنَفَاءَ لِلَّهِ غَيْرَ مُشْرِكِينَ بِهِ ۚ وَمَنْ يُشْرِكْ بِاللَّهِ فَكَأَنَّمَا خَرَّ مِنَ السَّمَاءِ فَتَخْطَفُهُ الطَّيْرُ أَوْ تَهْوِي بِهِ الرِّيحُ فِي مَكَانٍ سَحِيقٍ , ربع الحزب (34),الجزء السابع عشر
33,ذَٰلِكَ وَمَنْ يُعَظِّمْ شَعَائِرَ اللَّهِ فَإِنَّهَا مِنْ تَقْوَى الْقُلُوبِ , ربع الحزب (34),الجزء السابع عشر
34,لَكُمْ فِيهَا مَنَافِعُ إِلَىٰ أَجَلٍ مُسَمًّى ثُمَّ مَحِلُّهَا إِلَى الْبَيْتِ الْعَتِيقِ , ربع الحزب (34),الجزء السابع عشر
35,وَلِكُلِّ أُمَّةٍ جَعَلْنَا مَنْسَكًا لِيَذْكُرُوا اسْمَ اللَّهِ عَلَىٰ مَا رَزَقَهُمْ مِنْ بَهِيمَةِ الْأَنْعَامِ ۗ فَإِلَٰهُكُمْ إِلَٰهٌ وَاحِدٌ فَلَهُ أَسْلِمُوا ۗ وَبَشِّرِ الْمُخْبِتِينَ, ربع الحزب (34),الجزء السابع عشر
36,الَّذِينَ إِذَا ذُكِرَ اللَّهُ وَجِلَتْ قُلُوبُهُمْ وَالصَّابِرِينَ عَلَىٰ مَا أَصَابَهُمْ وَالْمُقِيمِي الصَّلَاةِ وَمِمَّا رَزَقْنَاهُمْ يُنْفِقُونَ, ربع الحزب (34),الجزء السابع عشر
37,وَالْبُدْنَ جَعَلْنَاهَا لَكُمْ مِنْ شَعَائِرِ اللَّهِ لَكُمْ فِيهَا خَيْرٌ ۖ فَاذْكُرُوا اسْمَ اللَّهِ عَلَيْهَا صَوَافَّ ۖ فَإِذَا وَجَبَتْ جُنُوبُهَا فَكُلُوا مِنْهَا وَأَطْعِمُوا الْقَانِعَ وَالْمُعْتَرَّ ۚ كَذَٰلِكَ سَخَّرْنَاهَا لَكُمْ لَعَلَّكُمْ تَشْكُرُونَ , ربع الحزب (34),الجزء السابع عشر
38,لَنْ يَنَالَ اللَّهَ لُحُومُهَا وَلَا دِمَاؤُهَا وَلَٰكِنْ يَنَالُهُ التَّقْوَىٰ مِنْكُمْ ۚ كَذَٰلِكَ سَخَّرَهَا لَكُمْ لِتُكَبِّرُوا اللَّهَ عَلَىٰ مَا هَدَاكُمْ ۗ وَبَشِّرِ الْمُحْسِنِينَ , ربع الحزب (34),الجزء السابع عشر
39,إِنَّ اللَّهَ يُدَافِعُ عَنِ الَّذِينَ آمَنُوا ۗ إِنَّ اللَّهَ لَا يُحِبُّ كُلَّ خَوَّانٍ كَفُورٍ ۞ , نصف الحزب (34),الجزء السابع عشر
40,أُذِنَ لِلَّذِينَ يُقَاتَلُونَ بِأَنَّهُمْ ظُلِمُوا ۚ وَإِنَّ اللَّهَ عَلَىٰ نَصْرِهِمْ لَقَدِيرٌ, نصف الحزب (34),الجزء السابع عشر
41,الَّذِينَ أُخْرِجُوا مِنْ دِيَارِهِمْ بِغَيْرِ حَقٍّ إِلَّا أَنْ يَقُولُوا رَبُّنَا اللَّهُ ۗ وَلَوْلَا دَفْعُ اللَّهِ النَّاسَ بَعْضَهُمْ بِبَعْضٍ لَهُدِّمَتْ صَوَامِعُ وَبِيَعٌ وَصَلَوَاتٌ وَمَسَاجِدُ يُذْكَرُ فِيهَا اسْمُ اللَّهِ كَثِيرًا ۗ وَلَيَنْصُرَنَّ اللَّهُ مَنْ يَنْصُرُهُ ۗ إِنَّ اللَّهَ لَقَوِيٌّ عَزِيزٌ , نصف الحزب (34),الجزء السابع عشر
42,الَّذِينَ إِنْ مَكَّنَّاهُمْ فِي الْأَرْضِ أَقَامُوا الصَّلَاةَ وَآتَوُا الزَّكَاةَ وَأَمَرُوا بِالْمَعْرُوفِ وَنَهَوْا عَنِ الْمُنْكَرِ ۗ وَلِلَّهِ عَاقِبَةُ الْأُمُورِ , نصف الحزب (34),الجزء السابع عشر
43,وَإِنْ يُكَذِّبُوكَ فَقَدْ كَذَّبَتْ قَبْلَهُمْ قَوْمُ نُوحٍ وَعَادٌ وَثَمُودُ , نصف الحزب (34),الجزء السابع عشر
44,وَقَوْمُ إِبْرَاهِيمَ وَقَوْمُ لُوطٍ, نصف الحزب (34),الجزء السابع عشر
45,وَأَصْحَابُ مَدْيَنَ ۖ وَكُذِّبَ مُوسَىٰ فَأَمْلَيْتُ لِلْكَافِرِينَ ثُمَّ أَخَذْتُهُمْ ۖ فَكَيْفَ كَانَ نَكِيرِ, نصف الحزب (34),الجزء السابع عشر
46,فَكَأَيِّنْ مِنْ قَرْيَةٍ أَهْلَكْنَاهَا وَهِيَ ظَالِمَةٌ فَهِيَ خَاوِيَةٌ عَلَىٰ عُرُوشِهَا وَبِئْرٍ مُعَطَّلَةٍ وَقَصْرٍ مَشِيدٍ , نصف الحزب (34),الجزء السابع عشر
47,أَفَلَمْ يَسِيرُوا فِي الْأَرْضِ فَتَكُونَ لَهُمْ قُلُوبٌ يَعْقِلُونَ بِهَا أَوْ آذَانٌ يَسْمَعُونَ بِهَا ۖ فَإِنَّهَا لَا تَعْمَى الْأَبْصَارُ وَلَٰكِنْ تَعْمَى الْقُلُوبُ الَّتِي فِي الصُّدُورِ, نصف الحزب (34),الجزء السابع عشر
48,وَيَسْتَعْجِلُونَكَ بِالْعَذَابِ وَلَنْ يُخْلِفَ اللَّهُ وَعْدَهُ ۚ وَإِنَّ يَوْمًا عِنْدَ رَبِّكَ كَأَلْفِ سَنَةٍ مِمَّا تَعُدُّونَ, نصف الحزب (34),الجزء السابع عشر
49,وَكَأَيِّنْ مِنْ قَرْيَةٍ أَمْلَيْتُ لَهَا وَهِيَ ظَالِمَةٌ ثُمَّ أَخَذْتُهَا وَإِلَيَّ الْمَصِيرُ, نصف الحزب (34),الجزء السابع عشر
50,قُلْ يَا أَيُّهَا النَّاسُ إِنَّمَا أَنَا لَكُمْ نَذِيرٌ مُبِينٌ , نصف الحزب (34),الجزء السابع عشر
51,فَالَّذِينَ آمَنُوا وَعَمِلُوا الصَّالِحَاتِ لَهُمْ مَغْفِرَةٌ وَرِزْقٌ كَرِيمٌ, نصف الحزب (34),الجزء السابع عشر
52,وَالَّذِينَ سَعَوْا فِي آيَاتِنَا مُعَاجِزِينَ أُولَٰئِكَ أَصْحَابُ الْجَحِيمِ , نصف الحزب (34),الجزء السابع عشر
53,وَمَا أَرْسَلْنَا مِنْ قَبْلِكَ مِنْ رَسُولٍ وَلَا نَبِيٍّ إِلَّا إِذَا تَمَنَّىٰ أَلْقَى الشَّيْطَانُ فِي أُمْنِيَّتِهِ فَيَنْسَخُ اللَّهُ مَا يُلْقِي الشَّيْطَانُ ثُمَّ يُحْكِمُ اللَّهُ آيَاتِهِ ۗ وَاللَّهُ عَلِيمٌ حَكِيمٌ, نصف الحزب (34),الجزء السابع عشر
54,لِيَجْعَلَ مَا يُلْقِي الشَّيْطَانُ فِتْنَةً لِلَّذِينَ فِي قُلُوبِهِمْ مَرَضٌ وَالْقَاسِيَةِ قُلُوبُهُمْ ۗ وَإِنَّ الظَّالِمِينَ لَفِي شِقَاقٍ بَعِيدٍ , نصف الحزب (34),الجزء السابع عشر
55,وَلِيَعْلَمَ الَّذِينَ أُوتُوا الْعِلْمَ أَنَّهُ الْحَقُّ مِنْ رَبِّكَ فَيُؤْمِنُوا بِهِ فَتُخْبِتَ لَهُ قُلُوبُهُمْ ۗ وَإِنَّ اللَّهَ لَهَادِ الَّذِينَ آمَنُوا إِلَىٰ صِرَاطٍ مُسْتَقِيمٍ , نصف الحزب (34),الجزء السابع عشر
56,وَلَا يَزَالُ الَّذِينَ كَفَرُوا فِي مِرْيَةٍ مِنْهُ حَتَّىٰ تَأْتِيَهُمُ السَّاعَةُ بَغْتَةً أَوْ يَأْتِيَهُمْ عَذَابُ يَوْمٍ عَقِيمٍ , نصف الحزب (34),الجزء السابع عشر
57,الْمُلْكُ يَوْمَئِذٍ لِلَّهِ يَحْكُمُ بَيْنَهُمْ ۚ فَالَّذِينَ آمَنُوا وَعَمِلُوا الصَّالِحَاتِ فِي جَنَّاتِ النَّعِيمِ , نصف الحزب (34),الجزء السابع عشر
58,وَالَّذِينَ كَفَرُوا وَكَذَّبُوا بِآيَاتِنَا فَأُولَٰئِكَ لَهُمْ عَذَابٌ مُهِينٌ, نصف الحزب (34),الجزء السابع عشر
59,وَالَّذِينَ هَاجَرُوا فِي سَبِيلِ اللَّهِ ثُمَّ قُتِلُوا أَوْ مَاتُوا لَيَرْزُقَنَّهُمُ اللَّهُ رِزْقًا حَسَنًا ۚ وَإِنَّ اللَّهَ لَهُوَ خَيْرُ الرَّازِقِينَ , نصف الحزب (34),الجزء السابع عشر
60,لَيُدْخِلَنَّهُمْ مُدْخَلًا يَرْضَوْنَهُ ۗ وَإِنَّ اللَّهَ لَعَلِيمٌ حَلِيمٌ , نصف الحزب (34),الجزء السابع عشر
61,۞ ذَٰلِكَ وَمَنْ عَاقَبَ بِمِثْلِ مَا عُوقِبَ بِهِ ثُمَّ بُغِيَ عَلَيْهِ لَيَنْصُرَنَّهُ اللَّهُ ۗ إِنَّ اللَّهَ لَعَفُوٌّ غَفُورٌ, ثلاثة أرباع الحزب (34),الجزء السابع عشر
62,ذَٰلِكَ بِأَنَّ اللَّهَ يُولِجُ اللَّيْلَ فِي النَّهَارِ وَيُولِجُ النَّهَارَ فِي اللَّيْلِ وَأَنَّ اللَّهَ سَمِيعٌ بَصِيرٌ , ثلاثة أرباع الحزب (34),الجزء السابع عشر
63,ذَٰلِكَ بِأَنَّ اللَّهَ هُوَ الْحَقُّ وَأَنَّ مَا يَدْعُونَ مِنْ دُونِهِ هُوَ الْبَاطِلُ وَأَنَّ اللَّهَ هُوَ الْعَلِيُّ الْكَبِيرُ , ثلاثة أرباع الحزب (34),الجزء السابع عشر
64,أَلَمْ تَرَ أَنَّ اللَّهَ أَنْزَلَ مِنَ السَّمَاءِ مَاءً فَتُصْبِحُ الْأَرْضُ مُخْضَرَّةً ۗ إِنَّ اللَّهَ لَطِيفٌ خَبِيرٌ, ثلاثة أرباع الحزب (34),الجزء السابع عشر
65,لَهُ مَا فِي السَّمَاوَاتِ وَمَا فِي الْأَرْضِ ۗ وَإِنَّ اللَّهَ لَهُوَ الْغَنِيُّ الْحَمِيدُ , ثلاثة أرباع الحزب (34),الجزء السابع عشر
66,أَلَمْ تَرَ أَنَّ اللَّهَ سَخَّرَ لَكُمْ مَا فِي الْأَرْضِ وَالْفُلْكَ تَجْرِي فِي الْبَحْرِ بِأَمْرِهِ وَيُمْسِكُ السَّمَاءَ أَنْ تَقَعَ عَلَى الْأَرْضِ إِلَّا بِإِذْنِهِ ۗ إِنَّ اللَّهَ بِالنَّاسِ لَرَءُوفٌ رَحِيمٌ, ثلاثة أرباع الحزب (34),الجزء السابع عشر
67,وَهُوَ الَّذِي أَحْيَاكُمْ ثُمَّ يُمِيتُكُمْ ثُمَّ يُحْيِيكُمْ ۗ إِنَّ الْإِنْسَانَ لَكَفُورٌ, ثلاثة أرباع الحزب (34),الجزء السابع عشر
68,لِكُلِّ أُمَّةٍ جَعَلْنَا مَنْسَكًا هُمْ نَاسِكُوهُ ۖ فَلَا يُنَازِعُنَّكَ فِي الْأَمْرِ ۚ وَادْعُ إِلَىٰ رَبِّكَ ۖ إِنَّكَ لَعَلَىٰ هُدًى مُسْتَقِيمٍ , ثلاثة أرباع الحزب (34),الجزء السابع عشر
69,وَإِنْ جَادَلُوكَ فَقُلِ اللَّهُ أَعْلَمُ بِمَا تَعْمَلُونَ, ثلاثة أرباع الحزب (34),الجزء السابع عشر
70,اللَّهُ يَحْكُمُ بَيْنَكُمْ يَوْمَ الْقِيَامَةِ فِيمَا كُنْتُمْ فِيهِ تَخْتَلِفُونَ, ثلاثة أرباع الحزب (34),الجزء السابع عشر
71,أَلَمْ تَعْلَمْ أَنَّ اللَّهَ يَعْلَمُ مَا فِي السَّمَاءِ وَالْأَرْضِ ۗ إِنَّ ذَٰلِكَ فِي كِتَابٍ ۚ إِنَّ ذَٰلِكَ عَلَى اللَّهِ يَسِيرٌ , ثلاثة أرباع الحزب (34),الجزء السابع عشر
72,وَيَعْبُدُونَ مِنْ دُونِ اللَّهِ مَا لَمْ يُنَزِّلْ بِهِ سُلْطَانًا وَمَا لَيْسَ لَهُمْ بِهِ عِلْمٌ ۗ وَمَا لِلظَّالِمِينَ مِنْ نَصِيرٍ , ثلاثة أرباع الحزب (34),الجزء السابع عشر
73,وَإِذَا تُتْلَىٰ عَلَيْهِمْ آيَاتُنَا بَيِّنَاتٍ تَعْرِفُ فِي وُجُوهِ الَّذِينَ كَفَرُوا الْمُنْكَرَ ۖ يَكَادُونَ يَسْطُونَ بِالَّذِينَ يَتْلُونَ عَلَيْهِمْ آيَاتِنَا ۗ قُلْ أَفَأُنَبِّئُكُمْ بِشَرٍّ مِنْ ذَٰلِكُمُ ۗ النَّارُ وَعَدَهَا اللَّهُ الَّذِينَ كَفَرُوا ۖ وَبِئْسَ الْمَصِيرُ , ثلاثة أرباع الحزب (34),الجزء السابع عشر
74,يَا أَيُّهَا النَّاسُ ضُرِبَ مَثَلٌ فَاسْتَمِعُوا لَهُ ۚ إِنَّ الَّذِينَ تَدْعُونَ مِنْ دُونِ اللَّهِ لَنْ يَخْلُقُوا ذُبَابًا وَلَوِ اجْتَمَعُوا لَهُ ۖ وَإِنْ يَسْلُبْهُمُ الذُّبَابُ شَيْئًا لَا يَسْتَنْقِذُوهُ مِنْهُ ۚ ضَعُفَ الطَّالِبُ وَالْمَطْلُوبُ , ثلاثة أرباع الحزب (34),الجزء السابع عشر
75,مَا قَدَرُوا اللَّهَ حَقَّ قَدْرِهِ ۗ إِنَّ اللَّهَ لَقَوِيٌّ عَزِيزٌ , ثلاثة أرباع الحزب (34),الجزء السابع عشر
76,اللَّهُ يَصْطَفِي مِنَ الْمَلَائِكَةِ رُسُلًا وَمِنَ النَّاسِ ۚ إِنَّ اللَّهَ سَمِيعٌ بَصِيرٌ , ثلاثة أرباع الحزب (34),الجزء السابع عشر
77,يَعْلَمُ مَا بَيْنَ أَيْدِيهِمْ وَمَا خَلْفَهُمْ ۗ وَإِلَى اللَّهِ تُرْجَعُ الْأُمُورُ , ثلاثة أرباع الحزب (34),الجزء السابع عشر
78,يَا أَيُّهَا الَّذِينَ آمَنُوا ارْكَعُوا وَاسْجُدُوا وَاعْبُدُوا رَبَّكُمْ وَافْعَلُوا الْخَيْرَ لَعَلَّكُمْ تُفْلِحُونَ ۩, ثلاثة أرباع الحزب (34),الجزء السابع عشر
79,وَجَاهِدُوا فِي اللَّهِ حَقَّ جِهَادِهِ ۚ هُوَ اجْتَبَاكُمْ وَمَا جَعَلَ عَلَيْكُمْ فِي الدِّينِ مِنْ حَرَجٍ ۚ مِلَّةَ أَبِيكُمْ إِبْرَاهِيمَ ۚ هُوَ سَمَّاكُمُ الْمُسْلِمِينَ مِنْ قَبْلُ وَفِي هَٰذَا لِيَكُونَ الرَّسُولُ شَهِيدًا عَلَيْكُمْ وَتَكُونُوا شُهَدَاءَ عَلَى النَّاسِ ۚ فَأَقِيمُوا الصَّلَاةَ وَآتُوا الزَّكَاةَ وَاعْتَصِمُوا بِاللَّهِ هُوَ مَوْلَاكُمْ ۖ فَنِعْمَ الْمَوْلَىٰ وَنِعْمَ النَّصِيرُ, ثلاثة أرباع الحزب (34),الجزء السابع عشر
