﻿1,بِسْمِ اللَّهِ الرَّحْمَنِ الرَّحِيم, الحزب (35),الجزء الثامن عشر
2,۞ قَدْ أَفْلَحَ الْمُؤْمِنُونَ , الحزب (35),الجزء الثامن عشر
3,الَّذِينَ هُمْ فِي صَلَاتِهِمْ خَاشِعُونَ, الحزب (35),الجزء الثامن عشر
4,وَالَّذِينَ هُمْ عَنِ اللَّغْوِ مُعْرِضُونَ, الحزب (35),الجزء الثامن عشر
5,وَالَّذِينَ هُمْ لِلزَّكَاةِ فَاعِلُونَ, الحزب (35),الجزء الثامن عشر
6,وَالَّذِينَ هُمْ لِفُرُوجِهِمْ حَافِظُونَ, الحزب (35),الجزء الثامن عشر
7,إِلَّا عَلَىٰ أَزْوَاجِهِمْ أَوْ مَا مَلَكَتْ أَيْمَانُهُمْ فَإِنَّهُمْ غَيْرُ مَلُومِينَ, الحزب (35),الجزء الثامن عشر
8,فَمَنِ ابْتَغَىٰ وَرَاءَ ذَٰلِكَ فَأُولَٰئِكَ هُمُ الْعَادُونَ, الحزب (35),الجزء الثامن عشر
9,وَالَّذِينَ هُمْ لِأَمَانَاتِهِمْ وَعَهْدِهِمْ رَاعُونَ, الحزب (35),الجزء الثامن عشر
10,وَالَّذِينَ هُمْ عَلَىٰ صَلَوَاتِهِمْ يُحَافِظُونَ, الحزب (35),الجزء الثامن عشر
11,أُولَٰئِكَ هُمُ الْوَارِثُونَ , الحزب (35),الجزء الثامن عشر
12,الَّذِينَ يَرِثُونَ الْفِرْدَوْسَ هُمْ فِيهَا خَالِدُونَ, الحزب (35),الجزء الثامن عشر
13,وَلَقَدْ خَلَقْنَا الْإِنْسَانَ مِنْ سُلَالَةٍ مِنْ طِينٍ, الحزب (35),الجزء الثامن عشر
14,ثُمَّ جَعَلْنَاهُ نُطْفَةً فِي قَرَارٍ مَكِينٍ, الحزب (35),الجزء الثامن عشر
15,ثُمَّ خَلَقْنَا النُّطْفَةَ عَلَقَةً فَخَلَقْنَا الْعَلَقَةَ مُضْغَةً فَخَلَقْنَا الْمُضْغَةَ عِظَامًا فَكَسَوْنَا الْعِظَامَ لَحْمًا ثُمَّ أَنْشَأْنَاهُ خَلْقًا آخَرَ ۚ فَتَبَارَكَ اللَّهُ أَحْسَنُ الْخَالِقِينَ, الحزب (35),الجزء الثامن عشر
16,ثُمَّ إِنَّكُمْ بَعْدَ ذَٰلِكَ لَمَيِّتُونَ, الحزب (35),الجزء الثامن عشر
17,ثُمَّ إِنَّكُمْ يَوْمَ الْقِيَامَةِ تُبْعَثُونَ , الحزب (35),الجزء الثامن عشر
18,وَلَقَدْ خَلَقْنَا فَوْقَكُمْ سَبْعَ طَرَائِقَ وَمَا كُنَّا عَنِ الْخَلْقِ غَافِلِينَ, الحزب (35),الجزء الثامن عشر
19,وَأَنْزَلْنَا مِنَ السَّمَاءِ مَاءً بِقَدَرٍ فَأَسْكَنَّاهُ فِي الْأَرْضِ ۖ وَإِنَّا عَلَىٰ ذَهَابٍ بِهِ لَقَادِرُونَ, الحزب (35),الجزء الثامن عشر
20,فَأَنْشَأْنَا لَكُمْ بِهِ جَنَّاتٍ مِنْ نَخِيلٍ وَأَعْنَابٍ لَكُمْ فِيهَا فَوَاكِهُ كَثِيرَةٌ وَمِنْهَا تَأْكُلُونَ, الحزب (35),الجزء الثامن عشر
21,وَشَجَرَةً تَخْرُجُ مِنْ طُورِ سَيْنَاءَ تَنْبُتُ بِالدُّهْنِ وَصِبْغٍ لِلْآكِلِينَ, الحزب (35),الجزء الثامن عشر
22,وَإِنَّ لَكُمْ فِي الْأَنْعَامِ لَعِبْرَةً ۖ نُسْقِيكُمْ مِمَّا فِي بُطُونِهَا وَلَكُمْ فِيهَا مَنَافِعُ كَثِيرَةٌ وَمِنْهَا تَأْكُلُونَ, الحزب (35),الجزء الثامن عشر
23,وَعَلَيْهَا وَعَلَى الْفُلْكِ تُحْمَلُونَ, الحزب (35),الجزء الثامن عشر
24,وَلَقَدْ أَرْسَلْنَا نُوحًا إِلَىٰ قَوْمِهِ فَقَالَ يَا قَوْمِ اعْبُدُوا اللَّهَ مَا لَكُمْ مِنْ إِلَٰهٍ غَيْرُهُ ۖ أَفَلَا تَتَّقُونَ, الحزب (35),الجزء الثامن عشر
25,فَقَالَ الْمَلَأُ الَّذِينَ كَفَرُوا مِنْ قَوْمِهِ مَا هَٰذَا إِلَّا بَشَرٌ مِثْلُكُمْ يُرِيدُ أَنْ يَتَفَضَّلَ عَلَيْكُمْ وَلَوْ شَاءَ اللَّهُ لَأَنْزَلَ مَلَائِكَةً مَا سَمِعْنَا بِهَٰذَا فِي آبَائِنَا الْأَوَّلِينَ, الحزب (35),الجزء الثامن عشر
26,إِنْ هُوَ إِلَّا رَجُلٌ بِهِ جِنَّةٌ فَتَرَبَّصُوا بِهِ حَتَّىٰ حِينٍ, الحزب (35),الجزء الثامن عشر
27,قَالَ رَبِّ انْصُرْنِي بِمَا كَذَّبُونِ , الحزب (35),الجزء الثامن عشر
28,فَأَوْحَيْنَا إِلَيْهِ أَنِ اصْنَعِ الْفُلْكَ بِأَعْيُنِنَا وَوَحْيِنَا فَإِذَا جَاءَ أَمْرُنَا وَفَارَ التَّنُّورُ ۙ فَاسْلُكْ فِيهَا مِنْ كُلٍّ زَوْجَيْنِ اثْنَيْنِ وَأَهْلَكَ إِلَّا مَنْ سَبَقَ عَلَيْهِ الْقَوْلُ مِنْهُمْ ۖ وَلَا تُخَاطِبْنِي فِي الَّذِينَ ظَلَمُوا ۖ إِنَّهُمْ مُغْرَقُونَ , الحزب (35),الجزء الثامن عشر
29,فَإِذَا اسْتَوَيْتَ أَنْتَ وَمَنْ مَعَكَ عَلَى الْفُلْكِ فَقُلِ الْحَمْدُ لِلَّهِ الَّذِي نَجَّانَا مِنَ الْقَوْمِ الظَّالِمِينَ , الحزب (35),الجزء الثامن عشر
30,وَقُلْ رَبِّ أَنْزِلْنِي مُنْزَلًا مُبَارَكًا وَأَنْتَ خَيْرُ الْمُنْزِلِينَ, الحزب (35),الجزء الثامن عشر
31,إِنَّ فِي ذَٰلِكَ لَآيَاتٍ وَإِنْ كُنَّا لَمُبْتَلِينَ, الحزب (35),الجزء الثامن عشر
32,ثُمَّ أَنْشَأْنَا مِنْ بَعْدِهِمْ قَرْنًا آخَرِينَ, الحزب (35),الجزء الثامن عشر
33,فَأَرْسَلْنَا فِيهِمْ رَسُولًا مِنْهُمْ أَنِ اعْبُدُوا اللَّهَ مَا لَكُمْ مِنْ إِلَٰهٍ غَيْرُهُ ۖ أَفَلَا تَتَّقُونَ , الحزب (35),الجزء الثامن عشر
34,وَقَالَ الْمَلَأُ مِنْ قَوْمِهِ الَّذِينَ كَفَرُوا وَكَذَّبُوا بِلِقَاءِ الْآخِرَةِ وَأَتْرَفْنَاهُمْ فِي الْحَيَاةِ الدُّنْيَا مَا هَٰذَا إِلَّا بَشَرٌ مِثْلُكُمْ يَأْكُلُ مِمَّا تَأْكُلُونَ مِنْهُ وَيَشْرَبُ مِمَّا تَشْرَبُونَ, الحزب (35),الجزء الثامن عشر
35,وَلَئِنْ أَطَعْتُمْ بَشَرًا مِثْلَكُمْ إِنَّكُمْ إِذًا لَخَاسِرُونَ, الحزب (35),الجزء الثامن عشر
36,أَيَعِدُكُمْ أَنَّكُمْ إِذَا مِتُّمْ وَكُنْتُمْ تُرَابًا وَعِظَامًا أَنَّكُمْ مُخْرَجُونَ , الحزب (35),الجزء الثامن عشر
37,۞ هَيْهَاتَ هَيْهَاتَ لِمَا تُوعَدُونَ, ربع الحزب (35),الجزء الثامن عشر
38,إِنْ هِيَ إِلَّا حَيَاتُنَا الدُّنْيَا نَمُوتُ وَنَحْيَا وَمَا نَحْنُ بِمَبْعُوثِينَ, ربع الحزب (35),الجزء الثامن عشر
39,إِنْ هُوَ إِلَّا رَجُلٌ افْتَرَىٰ عَلَى اللَّهِ كَذِبًا وَمَا نَحْنُ لَهُ بِمُؤْمِنِينَ , ربع الحزب (35),الجزء الثامن عشر
40,قَالَ رَبِّ انْصُرْنِي بِمَا كَذَّبُونِ, ربع الحزب (35),الجزء الثامن عشر
41,قَالَ عَمَّا قَلِيلٍ لَيُصْبِحُنَّ نَادِمِينَ, ربع الحزب (35),الجزء الثامن عشر
42,فَأَخَذَتْهُمُ الصَّيْحَةُ بِالْحَقِّ فَجَعَلْنَاهُمْ غُثَاءً ۚ فَبُعْدًا لِلْقَوْمِ الظَّالِمِينَ, ربع الحزب (35),الجزء الثامن عشر
43,ثُمَّ أَنْشَأْنَا مِنْ بَعْدِهِمْ قُرُونًا آخَرِينَ, ربع الحزب (35),الجزء الثامن عشر
44,مَا تَسْبِقُ مِنْ أُمَّةٍ أَجَلَهَا وَمَا يَسْتَأْخِرُونَ, ربع الحزب (35),الجزء الثامن عشر
45,ثُمَّ أَرْسَلْنَا رُسُلَنَا تَتْرَىٰ ۖ كُلَّ مَا جَاءَ أُمَّةً رَسُولُهَا كَذَّبُوهُ ۚ فَأَتْبَعْنَا بَعْضَهُمْ بَعْضًا وَجَعَلْنَاهُمْ أَحَادِيثَ ۚ فَبُعْدًا لِقَوْمٍ لَا يُؤْمِنُونَ, ربع الحزب (35),الجزء الثامن عشر
46,ثُمَّ أَرْسَلْنَا مُوسَىٰ وَأَخَاهُ هَارُونَ بِآيَاتِنَا وَسُلْطَانٍ مُبِينٍ, ربع الحزب (35),الجزء الثامن عشر
47,إِلَىٰ فِرْعَوْنَ وَمَلَئِهِ فَاسْتَكْبَرُوا وَكَانُوا قَوْمًا عَالِينَ, ربع الحزب (35),الجزء الثامن عشر
48,فَقَالُوا أَنُؤْمِنُ لِبَشَرَيْنِ مِثْلِنَا وَقَوْمُهُمَا لَنَا عَابِدُونَ, ربع الحزب (35),الجزء الثامن عشر
49,فَكَذَّبُوهُمَا فَكَانُوا مِنَ الْمُهْلَكِينَ, ربع الحزب (35),الجزء الثامن عشر
50,وَلَقَدْ آتَيْنَا مُوسَى الْكِتَابَ لَعَلَّهُمْ يَهْتَدُونَ, ربع الحزب (35),الجزء الثامن عشر
51,وَجَعَلْنَا ابْنَ مَرْيَمَ وَأُمَّهُ آيَةً وَآوَيْنَاهُمَا إِلَىٰ رَبْوَةٍ ذَاتِ قَرَارٍ وَمَعِينٍ , ربع الحزب (35),الجزء الثامن عشر
52,يَا أَيُّهَا الرُّسُلُ كُلُوا مِنَ الطَّيِّبَاتِ وَاعْمَلُوا صَالِحًا ۖ إِنِّي بِمَا تَعْمَلُونَ عَلِيمٌ, ربع الحزب (35),الجزء الثامن عشر
53,وَإِنَّ هَٰذِهِ أُمَّتُكُمْ أُمَّةً وَاحِدَةً وَأَنَا رَبُّكُمْ فَاتَّقُونِ, ربع الحزب (35),الجزء الثامن عشر
54,فَتَقَطَّعُوا أَمْرَهُمْ بَيْنَهُمْ زُبُرًا ۖ كُلُّ حِزْبٍ بِمَا لَدَيْهِمْ فَرِحُونَ, ربع الحزب (35),الجزء الثامن عشر
55,فَذَرْهُمْ فِي غَمْرَتِهِمْ حَتَّىٰ حِينٍ , ربع الحزب (35),الجزء الثامن عشر
56,أَيَحْسَبُونَ أَنَّمَا نُمِدُّهُمْ بِهِ مِنْ مَالٍ وَبَنِينَ, ربع الحزب (35),الجزء الثامن عشر
57,نُسَارِعُ لَهُمْ فِي الْخَيْرَاتِ ۚ بَلْ لَا يَشْعُرُونَ , ربع الحزب (35),الجزء الثامن عشر
58,إِنَّ الَّذِينَ هُمْ مِنْ خَشْيَةِ رَبِّهِمْ مُشْفِقُونَ , ربع الحزب (35),الجزء الثامن عشر
59,وَالَّذِينَ هُمْ بِآيَاتِ رَبِّهِمْ يُؤْمِنُونَ, ربع الحزب (35),الجزء الثامن عشر
60,وَالَّذِينَ هُمْ بِرَبِّهِمْ لَا يُشْرِكُونَ, ربع الحزب (35),الجزء الثامن عشر
61,وَالَّذِينَ يُؤْتُونَ مَا آتَوْا وَقُلُوبُهُمْ وَجِلَةٌ أَنَّهُمْ إِلَىٰ رَبِّهِمْ رَاجِعُونَ, ربع الحزب (35),الجزء الثامن عشر
62,أُولَٰئِكَ يُسَارِعُونَ فِي الْخَيْرَاتِ وَهُمْ لَهَا سَابِقُونَ, ربع الحزب (35),الجزء الثامن عشر
63,وَلَا نُكَلِّفُ نَفْسًا إِلَّا وُسْعَهَا ۖ وَلَدَيْنَا كِتَابٌ يَنْطِقُ بِالْحَقِّ ۚ وَهُمْ لَا يُظْلَمُونَ, ربع الحزب (35),الجزء الثامن عشر
64,بَلْ قُلُوبُهُمْ فِي غَمْرَةٍ مِنْ هَٰذَا وَلَهُمْ أَعْمَالٌ مِنْ دُونِ ذَٰلِكَ هُمْ لَهَا عَامِلُونَ, ربع الحزب (35),الجزء الثامن عشر
65,حَتَّىٰ إِذَا أَخَذْنَا مُتْرَفِيهِمْ بِالْعَذَابِ إِذَا هُمْ يَجْأَرُونَ, ربع الحزب (35),الجزء الثامن عشر
66,لَا تَجْأَرُوا الْيَوْمَ ۖ إِنَّكُمْ مِنَّا لَا تُنْصَرُونَ, ربع الحزب (35),الجزء الثامن عشر
67,قَدْ كَانَتْ آيَاتِي تُتْلَىٰ عَلَيْكُمْ فَكُنْتُمْ عَلَىٰ أَعْقَابِكُمْ تَنْكِصُونَ , ربع الحزب (35),الجزء الثامن عشر
68,مُسْتَكْبِرِينَ بِهِ سَامِرًا تَهْجُرُونَ, ربع الحزب (35),الجزء الثامن عشر
69,أَفَلَمْ يَدَّبَّرُوا الْقَوْلَ أَمْ جَاءَهُمْ مَا لَمْ يَأْتِ آبَاءَهُمُ الْأَوَّلِينَ, ربع الحزب (35),الجزء الثامن عشر
70,أَمْ لَمْ يَعْرِفُوا رَسُولَهُمْ فَهُمْ لَهُ مُنْكِرُونَ , ربع الحزب (35),الجزء الثامن عشر
71,أَمْ يَقُولُونَ بِهِ جِنَّةٌ ۚ بَلْ جَاءَهُمْ بِالْحَقِّ وَأَكْثَرُهُمْ لِلْحَقِّ كَارِهُونَ , ربع الحزب (35),الجزء الثامن عشر
72,وَلَوِ اتَّبَعَ الْحَقُّ أَهْوَاءَهُمْ لَفَسَدَتِ السَّمَاوَاتُ وَالْأَرْضُ وَمَنْ فِيهِنَّ ۚ بَلْ أَتَيْنَاهُمْ بِذِكْرِهِمْ فَهُمْ عَنْ ذِكْرِهِمْ مُعْرِضُونَ, ربع الحزب (35),الجزء الثامن عشر
73,أَمْ تَسْأَلُهُمْ خَرْجًا فَخَرَاجُ رَبِّكَ خَيْرٌ ۖ وَهُوَ خَيْرُ الرَّازِقِينَ, ربع الحزب (35),الجزء الثامن عشر
74,وَإِنَّكَ لَتَدْعُوهُمْ إِلَىٰ صِرَاطٍ مُسْتَقِيمٍ, ربع الحزب (35),الجزء الثامن عشر
75,وَإِنَّ الَّذِينَ لَا يُؤْمِنُونَ بِالْآخِرَةِ عَنِ الصِّرَاطِ لَنَاكِبُونَ , ربع الحزب (35),الجزء الثامن عشر
76,۞ وَلَوْ رَحِمْنَاهُمْ وَكَشَفْنَا مَا بِهِمْ مِنْ ضُرٍّ لَلَجُّوا فِي طُغْيَانِهِمْ يَعْمَهُونَ, نصف الحزب (35),الجزء الثامن عشر
77,وَلَقَدْ أَخَذْنَاهُمْ بِالْعَذَابِ فَمَا اسْتَكَانُوا لِرَبِّهِمْ وَمَا يَتَضَرَّعُونَ, نصف الحزب (35),الجزء الثامن عشر
78,حَتَّىٰ إِذَا فَتَحْنَا عَلَيْهِمْ بَابًا ذَا عَذَابٍ شَدِيدٍ إِذَا هُمْ فِيهِ مُبْلِسُونَ, نصف الحزب (35),الجزء الثامن عشر
79,وَهُوَ الَّذِي أَنْشَأَ لَكُمُ السَّمْعَ وَالْأَبْصَارَ وَالْأَفْئِدَةَ ۚ قَلِيلًا مَا تَشْكُرُونَ, نصف الحزب (35),الجزء الثامن عشر
80,وَهُوَ الَّذِي ذَرَأَكُمْ فِي الْأَرْضِ وَإِلَيْهِ تُحْشَرُونَ , نصف الحزب (35),الجزء الثامن عشر
81,وَهُوَ الَّذِي يُحْيِي وَيُمِيتُ وَلَهُ اخْتِلَافُ اللَّيْلِ وَالنَّهَارِ ۚ أَفَلَا تَعْقِلُونَ , نصف الحزب (35),الجزء الثامن عشر
82,بَلْ قَالُوا مِثْلَ مَا قَالَ الْأَوَّلُونَ, نصف الحزب (35),الجزء الثامن عشر
83,قَالُوا أَإِذَا مِتْنَا وَكُنَّا تُرَابًا وَعِظَامًا أَإِنَّا لَمَبْعُوثُونَ, نصف الحزب (35),الجزء الثامن عشر
84,لَقَدْ وُعِدْنَا نَحْنُ وَآبَاؤُنَا هَٰذَا مِنْ قَبْلُ إِنْ هَٰذَا إِلَّا أَسَاطِيرُ الْأَوَّلِينَ, نصف الحزب (35),الجزء الثامن عشر
85,قُلْ لِمَنِ الْأَرْضُ وَمَنْ فِيهَا إِنْ كُنْتُمْ تَعْلَمُونَ, نصف الحزب (35),الجزء الثامن عشر
86,سَيَقُولُونَ لِلَّهِ ۚ قُلْ أَفَلَا تَذَكَّرُونَ, نصف الحزب (35),الجزء الثامن عشر
87,قُلْ مَنْ رَبُّ السَّمَاوَاتِ السَّبْعِ وَرَبُّ الْعَرْشِ الْعَظِيمِ, نصف الحزب (35),الجزء الثامن عشر
88,سَيَقُولُونَ لِلَّهِ ۚ قُلْ أَفَلَا تَتَّقُونَ, نصف الحزب (35),الجزء الثامن عشر
89,قُلْ مَنْ بِيَدِهِ مَلَكُوتُ كُلِّ شَيْءٍ وَهُوَ يُجِيرُ وَلَا يُجَارُ عَلَيْهِ إِنْ كُنْتُمْ تَعْلَمُونَ, نصف الحزب (35),الجزء الثامن عشر
90,سَيَقُولُونَ لِلَّهِ ۚ قُلْ فَأَنَّىٰ تُسْحَرُونَ, نصف الحزب (35),الجزء الثامن عشر
91,بَلْ أَتَيْنَاهُمْ بِالْحَقِّ وَإِنَّهُمْ لَكَاذِبُونَ, نصف الحزب (35),الجزء الثامن عشر
92,مَا اتَّخَذَ اللَّهُ مِنْ وَلَدٍ وَمَا كَانَ مَعَهُ مِنْ إِلَٰهٍ ۚ إِذًا لَذَهَبَ كُلُّ إِلَٰهٍ بِمَا خَلَقَ وَلَعَلَا بَعْضُهُمْ عَلَىٰ بَعْضٍ ۚ سُبْحَانَ اللَّهِ عَمَّا يَصِفُونَ, نصف الحزب (35),الجزء الثامن عشر
93,عَالِمِ الْغَيْبِ وَالشَّهَادَةِ فَتَعَالَىٰ عَمَّا يُشْرِكُونَ, نصف الحزب (35),الجزء الثامن عشر
94,قُلْ رَبِّ إِمَّا تُرِيَنِّي مَا يُوعَدُونَ, نصف الحزب (35),الجزء الثامن عشر
95,رَبِّ فَلَا تَجْعَلْنِي فِي الْقَوْمِ الظَّالِمِينَ, نصف الحزب (35),الجزء الثامن عشر
96,وَإِنَّا عَلَىٰ أَنْ نُرِيَكَ مَا نَعِدُهُمْ لَقَادِرُونَ, نصف الحزب (35),الجزء الثامن عشر
97,ادْفَعْ بِالَّتِي هِيَ أَحْسَنُ السَّيِّئَةَ ۚ نَحْنُ أَعْلَمُ بِمَا يَصِفُونَ, نصف الحزب (35),الجزء الثامن عشر
98,وَقُلْ رَبِّ أَعُوذُ بِكَ مِنْ هَمَزَاتِ الشَّيَاطِينِ, نصف الحزب (35),الجزء الثامن عشر
99,وَأَعُوذُ بِكَ رَبِّ أَنْ يَحْضُرُونِ, نصف الحزب (35),الجزء الثامن عشر
100,حَتَّىٰ إِذَا جَاءَ أَحَدَهُمُ الْمَوْتُ قَالَ رَبِّ ارْجِعُونِ, نصف الحزب (35),الجزء الثامن عشر
101,لَعَلِّي أَعْمَلُ صَالِحًا فِيمَا تَرَكْتُ ۚ كَلَّا ۚ إِنَّهَا كَلِمَةٌ هُوَ قَائِلُهَا ۖ وَمِنْ وَرَائِهِمْ بَرْزَخٌ إِلَىٰ يَوْمِ يُبْعَثُونَ, نصف الحزب (35),الجزء الثامن عشر
102,فَإِذَا نُفِخَ فِي الصُّورِ فَلَا أَنْسَابَ بَيْنَهُمْ يَوْمَئِذٍ وَلَا يَتَسَاءَلُونَ, نصف الحزب (35),الجزء الثامن عشر
103,فَمَنْ ثَقُلَتْ مَوَازِينُهُ فَأُولَٰئِكَ هُمُ الْمُفْلِحُونَ, نصف الحزب (35),الجزء الثامن عشر
104,وَمَنْ خَفَّتْ مَوَازِينُهُ فَأُولَٰئِكَ الَّذِينَ خَسِرُوا أَنْفُسَهُمْ فِي جَهَنَّمَ خَالِدُونَ, نصف الحزب (35),الجزء الثامن عشر
105,تَلْفَحُ وُجُوهَهُمُ النَّارُ وَهُمْ فِيهَا كَالِحُونَ, نصف الحزب (35),الجزء الثامن عشر
106,أَلَمْ تَكُنْ آيَاتِي تُتْلَىٰ عَلَيْكُمْ فَكُنْتُمْ بِهَا تُكَذِّبُونَ, نصف الحزب (35),الجزء الثامن عشر
107,قَالُوا رَبَّنَا غَلَبَتْ عَلَيْنَا شِقْوَتُنَا وَكُنَّا قَوْمًا ضَالِّينَ, نصف الحزب (35),الجزء الثامن عشر
108,رَبَّنَا أَخْرِجْنَا مِنْهَا فَإِنْ عُدْنَا فَإِنَّا ظَالِمُونَ, نصف الحزب (35),الجزء الثامن عشر
109,قَالَ اخْسَئُوا فِيهَا وَلَا تُكَلِّمُونِ, نصف الحزب (35),الجزء الثامن عشر
110,إِنَّهُ كَانَ فَرِيقٌ مِنْ عِبَادِي يَقُولُونَ رَبَّنَا آمَنَّا فَاغْفِرْ لَنَا وَارْحَمْنَا وَأَنْتَ خَيْرُ الرَّاحِمِينَ , نصف الحزب (35),الجزء الثامن عشر
111,فَاتَّخَذْتُمُوهُمْ سِخْرِيًّا حَتَّىٰ أَنْسَوْكُمْ ذِكْرِي وَكُنْتُمْ مِنْهُمْ تَضْحَكُونَ , نصف الحزب (35),الجزء الثامن عشر
112,إِنِّي جَزَيْتُهُمُ الْيَوْمَ بِمَا صَبَرُوا أَنَّهُمْ هُمُ الْفَائِزُونَ , نصف الحزب (35),الجزء الثامن عشر
113,قَالَ كَمْ لَبِثْتُمْ فِي الْأَرْضِ عَدَدَ سِنِينَ, نصف الحزب (35),الجزء الثامن عشر
114,قَالُوا لَبِثْنَا يَوْمًا أَوْ بَعْضَ يَوْمٍ فَاسْأَلِ الْعَادِّينَ, نصف الحزب (35),الجزء الثامن عشر
115,قَالَ إِنْ لَبِثْتُمْ إِلَّا قَلِيلًا ۖ لَوْ أَنَّكُمْ كُنْتُمْ تَعْلَمُونَ, نصف الحزب (35),الجزء الثامن عشر
116,أَفَحَسِبْتُمْ أَنَّمَا خَلَقْنَاكُمْ عَبَثًا وَأَنَّكُمْ إِلَيْنَا لَا تُرْجَعُونَ , نصف الحزب (35),الجزء الثامن عشر
117,فَتَعَالَى اللَّهُ الْمَلِكُ الْحَقُّ ۖ لَا إِلَٰهَ إِلَّا هُوَ رَبُّ الْعَرْشِ الْكَرِيمِ , نصف الحزب (35),الجزء الثامن عشر
118,وَمَنْ يَدْعُ مَعَ اللَّهِ إِلَٰهًا آخَرَ لَا بُرْهَانَ لَهُ بِهِ فَإِنَّمَا حِسَابُهُ عِنْدَ رَبِّهِ ۚ إِنَّهُ لَا يُفْلِحُ الْكَافِرُونَ, نصف الحزب (35),الجزء الثامن عشر
119,وَقُلْ رَبِّ اغْفِرْ وَارْحَمْ وَأَنْتَ خَيْرُ الرَّاحِمِينَ, نصف الحزب (35),الجزء الثامن عشر
