﻿1,بِسْمِ اللَّهِ الرَّحْمَنِ الرَّحِيم, نصف الحزب (37),الجزء التاسع عشر
2,۞ طسم , نصف الحزب (37),الجزء التاسع عشر
3,تِلْكَ آيَاتُ الْكِتَابِ الْمُبِينِ , نصف الحزب (37),الجزء التاسع عشر
4,لَعَلَّكَ بَاخِعٌ نَفْسَكَ أَلَّا يَكُونُوا مُؤْمِنِينَ, نصف الحزب (37),الجزء التاسع عشر
5,إِنْ نَشَأْ نُنَزِّلْ عَلَيْهِمْ مِنَ السَّمَاءِ آيَةً فَظَلَّتْ أَعْنَاقُهُمْ لَهَا خَاضِعِينَ, نصف الحزب (37),الجزء التاسع عشر
6,وَمَا يَأْتِيهِمْ مِنْ ذِكْرٍ مِنَ الرَّحْمَٰنِ مُحْدَثٍ إِلَّا كَانُوا عَنْهُ مُعْرِضِينَ, نصف الحزب (37),الجزء التاسع عشر
7,فَقَدْ كَذَّبُوا فَسَيَأْتِيهِمْ أَنْبَاءُ مَا كَانُوا بِهِ يَسْتَهْزِئُونَ, نصف الحزب (37),الجزء التاسع عشر
8,أَوَلَمْ يَرَوْا إِلَى الْأَرْضِ كَمْ أَنْبَتْنَا فِيهَا مِنْ كُلِّ زَوْجٍ كَرِيمٍ , نصف الحزب (37),الجزء التاسع عشر
9,إِنَّ فِي ذَٰلِكَ لَآيَةً ۖ وَمَا كَانَ أَكْثَرُهُمْ مُؤْمِنِينَ , نصف الحزب (37),الجزء التاسع عشر
10,وَإِنَّ رَبَّكَ لَهُوَ الْعَزِيزُ الرَّحِيمُ, نصف الحزب (37),الجزء التاسع عشر
11,وَإِذْ نَادَىٰ رَبُّكَ مُوسَىٰ أَنِ ائْتِ الْقَوْمَ الظَّالِمِينَ , نصف الحزب (37),الجزء التاسع عشر
12,قَوْمَ فِرْعَوْنَ ۚ أَلَا يَتَّقُونَ , نصف الحزب (37),الجزء التاسع عشر
13,قَالَ رَبِّ إِنِّي أَخَافُ أَنْ يُكَذِّبُونِ, نصف الحزب (37),الجزء التاسع عشر
14,وَيَضِيقُ صَدْرِي وَلَا يَنْطَلِقُ لِسَانِي فَأَرْسِلْ إِلَىٰ هَارُونَ , نصف الحزب (37),الجزء التاسع عشر
15,وَلَهُمْ عَلَيَّ ذَنْبٌ فَأَخَافُ أَنْ يَقْتُلُونِ, نصف الحزب (37),الجزء التاسع عشر
16,قَالَ كَلَّا ۖ فَاذْهَبَا بِآيَاتِنَا ۖ إِنَّا مَعَكُمْ مُسْتَمِعُونَ, نصف الحزب (37),الجزء التاسع عشر
17,فَأْتِيَا فِرْعَوْنَ فَقُولَا إِنَّا رَسُولُ رَبِّ الْعَالَمِينَ, نصف الحزب (37),الجزء التاسع عشر
18,أَنْ أَرْسِلْ مَعَنَا بَنِي إِسْرَائِيلَ, نصف الحزب (37),الجزء التاسع عشر
19,قَالَ أَلَمْ نُرَبِّكَ فِينَا وَلِيدًا وَلَبِثْتَ فِينَا مِنْ عُمُرِكَ سِنِينَ , نصف الحزب (37),الجزء التاسع عشر
20,وَفَعَلْتَ فَعْلَتَكَ الَّتِي فَعَلْتَ وَأَنْتَ مِنَ الْكَافِرِينَ, نصف الحزب (37),الجزء التاسع عشر
21,قَالَ فَعَلْتُهَا إِذًا وَأَنَا مِنَ الضَّالِّينَ , نصف الحزب (37),الجزء التاسع عشر
22,فَفَرَرْتُ مِنْكُمْ لَمَّا خِفْتُكُمْ فَوَهَبَ لِي رَبِّي حُكْمًا وَجَعَلَنِي مِنَ الْمُرْسَلِينَ , نصف الحزب (37),الجزء التاسع عشر
23,وَتِلْكَ نِعْمَةٌ تَمُنُّهَا عَلَيَّ أَنْ عَبَّدْتَ بَنِي إِسْرَائِيلَ, نصف الحزب (37),الجزء التاسع عشر
24,قَالَ فِرْعَوْنُ وَمَا رَبُّ الْعَالَمِينَ, نصف الحزب (37),الجزء التاسع عشر
25,قَالَ رَبُّ السَّمَاوَاتِ وَالْأَرْضِ وَمَا بَيْنَهُمَا ۖ إِنْ كُنْتُمْ مُوقِنِينَ, نصف الحزب (37),الجزء التاسع عشر
26,قَالَ لِمَنْ حَوْلَهُ أَلَا تَسْتَمِعُونَ, نصف الحزب (37),الجزء التاسع عشر
27,قَالَ رَبُّكُمْ وَرَبُّ آبَائِكُمُ الْأَوَّلِينَ, نصف الحزب (37),الجزء التاسع عشر
28,قَالَ إِنَّ رَسُولَكُمُ الَّذِي أُرْسِلَ إِلَيْكُمْ لَمَجْنُونٌ, نصف الحزب (37),الجزء التاسع عشر
29,قَالَ رَبُّ الْمَشْرِقِ وَالْمَغْرِبِ وَمَا بَيْنَهُمَا ۖ إِنْ كُنْتُمْ تَعْقِلُونَ, نصف الحزب (37),الجزء التاسع عشر
30,قَالَ لَئِنِ اتَّخَذْتَ إِلَٰهًا غَيْرِي لَأَجْعَلَنَّكَ مِنَ الْمَسْجُونِينَ , نصف الحزب (37),الجزء التاسع عشر
31,قَالَ أَوَلَوْ جِئْتُكَ بِشَيْءٍ مُبِينٍ, نصف الحزب (37),الجزء التاسع عشر
32,قَالَ فَأْتِ بِهِ إِنْ كُنْتَ مِنَ الصَّادِقِينَ , نصف الحزب (37),الجزء التاسع عشر
33,فَأَلْقَىٰ عَصَاهُ فَإِذَا هِيَ ثُعْبَانٌ مُبِينٌ, نصف الحزب (37),الجزء التاسع عشر
34,وَنَزَعَ يَدَهُ فَإِذَا هِيَ بَيْضَاءُ لِلنَّاظِرِينَ, نصف الحزب (37),الجزء التاسع عشر
35,قَالَ لِلْمَلَإِ حَوْلَهُ إِنَّ هَٰذَا لَسَاحِرٌ عَلِيمٌ, نصف الحزب (37),الجزء التاسع عشر
36,يُرِيدُ أَنْ يُخْرِجَكُمْ مِنْ أَرْضِكُمْ بِسِحْرِهِ فَمَاذَا تَأْمُرُونَ , نصف الحزب (37),الجزء التاسع عشر
37,قَالُوا أَرْجِهْ وَأَخَاهُ وَابْعَثْ فِي الْمَدَائِنِ حَاشِرِينَ, نصف الحزب (37),الجزء التاسع عشر
38,يَأْتُوكَ بِكُلِّ سَحَّارٍ عَلِيمٍ, نصف الحزب (37),الجزء التاسع عشر
39,فَجُمِعَ السَّحَرَةُ لِمِيقَاتِ يَوْمٍ مَعْلُومٍ, نصف الحزب (37),الجزء التاسع عشر
40,وَقِيلَ لِلنَّاسِ هَلْ أَنْتُمْ مُجْتَمِعُونَ , نصف الحزب (37),الجزء التاسع عشر
41,لَعَلَّنَا نَتَّبِعُ السَّحَرَةَ إِنْ كَانُوا هُمُ الْغَالِبِينَ, نصف الحزب (37),الجزء التاسع عشر
42,فَلَمَّا جَاءَ السَّحَرَةُ قَالُوا لِفِرْعَوْنَ أَئِنَّ لَنَا لَأَجْرًا إِنْ كُنَّا نَحْنُ الْغَالِبِينَ, نصف الحزب (37),الجزء التاسع عشر
43,قَالَ نَعَمْ وَإِنَّكُمْ إِذًا لَمِنَ الْمُقَرَّبِينَ, نصف الحزب (37),الجزء التاسع عشر
44,قَالَ لَهُمْ مُوسَىٰ أَلْقُوا مَا أَنْتُمْ مُلْقُونَ , نصف الحزب (37),الجزء التاسع عشر
45,فَأَلْقَوْا حِبَالَهُمْ وَعِصِيَّهُمْ وَقَالُوا بِعِزَّةِ فِرْعَوْنَ إِنَّا لَنَحْنُ الْغَالِبُونَ, نصف الحزب (37),الجزء التاسع عشر
46,فَأَلْقَىٰ مُوسَىٰ عَصَاهُ فَإِذَا هِيَ تَلْقَفُ مَا يَأْفِكُونَ, نصف الحزب (37),الجزء التاسع عشر
47,فَأُلْقِيَ السَّحَرَةُ سَاجِدِينَ, نصف الحزب (37),الجزء التاسع عشر
48,قَالُوا آمَنَّا بِرَبِّ الْعَالَمِينَ , نصف الحزب (37),الجزء التاسع عشر
49,رَبِّ مُوسَىٰ وَهَارُونَ, نصف الحزب (37),الجزء التاسع عشر
50,قَالَ آمَنْتُمْ لَهُ قَبْلَ أَنْ آذَنَ لَكُمْ ۖ إِنَّهُ لَكَبِيرُكُمُ الَّذِي عَلَّمَكُمُ السِّحْرَ فَلَسَوْفَ تَعْلَمُونَ ۚ لَأُقَطِّعَنَّ أَيْدِيَكُمْ وَأَرْجُلَكُمْ مِنْ خِلَافٍ وَلَأُصَلِّبَنَّكُمْ أَجْمَعِينَ, نصف الحزب (37),الجزء التاسع عشر
51,قَالُوا لَا ضَيْرَ ۖ إِنَّا إِلَىٰ رَبِّنَا مُنْقَلِبُونَ, نصف الحزب (37),الجزء التاسع عشر
52,إِنَّا نَطْمَعُ أَنْ يَغْفِرَ لَنَا رَبُّنَا خَطَايَانَا أَنْ كُنَّا أَوَّلَ الْمُؤْمِنِينَ, نصف الحزب (37),الجزء التاسع عشر
53,۞ وَأَوْحَيْنَا إِلَىٰ مُوسَىٰ أَنْ أَسْرِ بِعِبَادِي إِنَّكُمْ مُتَّبَعُونَ, ثلاثة أرباع الحزب (37),الجزء التاسع عشر
54,فَأَرْسَلَ فِرْعَوْنُ فِي الْمَدَائِنِ حَاشِرِينَ, ثلاثة أرباع الحزب (37),الجزء التاسع عشر
55,إِنَّ هَٰؤُلَاءِ لَشِرْذِمَةٌ قَلِيلُونَ, ثلاثة أرباع الحزب (37),الجزء التاسع عشر
56,وَإِنَّهُمْ لَنَا لَغَائِظُونَ, ثلاثة أرباع الحزب (37),الجزء التاسع عشر
57,وَإِنَّا لَجَمِيعٌ حَاذِرُونَ, ثلاثة أرباع الحزب (37),الجزء التاسع عشر
58,فَأَخْرَجْنَاهُمْ مِنْ جَنَّاتٍ وَعُيُونٍ, ثلاثة أرباع الحزب (37),الجزء التاسع عشر
59,وَكُنُوزٍ وَمَقَامٍ كَرِيمٍ, ثلاثة أرباع الحزب (37),الجزء التاسع عشر
60,كَذَٰلِكَ وَأَوْرَثْنَاهَا بَنِي إِسْرَائِيلَ , ثلاثة أرباع الحزب (37),الجزء التاسع عشر
61,فَأَتْبَعُوهُمْ مُشْرِقِينَ, ثلاثة أرباع الحزب (37),الجزء التاسع عشر
62,فَلَمَّا تَرَاءَى الْجَمْعَانِ قَالَ أَصْحَابُ مُوسَىٰ إِنَّا لَمُدْرَكُونَ, ثلاثة أرباع الحزب (37),الجزء التاسع عشر
63,قَالَ كَلَّا ۖ إِنَّ مَعِيَ رَبِّي سَيَهْدِينِ, ثلاثة أرباع الحزب (37),الجزء التاسع عشر
64,فَأَوْحَيْنَا إِلَىٰ مُوسَىٰ أَنِ اضْرِبْ بِعَصَاكَ الْبَحْرَ ۖ فَانْفَلَقَ فَكَانَ كُلُّ فِرْقٍ كَالطَّوْدِ الْعَظِيمِ , ثلاثة أرباع الحزب (37),الجزء التاسع عشر
65,وَأَزْلَفْنَا ثَمَّ الْآخَرِينَ, ثلاثة أرباع الحزب (37),الجزء التاسع عشر
66,وَأَنْجَيْنَا مُوسَىٰ وَمَنْ مَعَهُ أَجْمَعِينَ , ثلاثة أرباع الحزب (37),الجزء التاسع عشر
67,ثُمَّ أَغْرَقْنَا الْآخَرِينَ, ثلاثة أرباع الحزب (37),الجزء التاسع عشر
68,إِنَّ فِي ذَٰلِكَ لَآيَةً ۖ وَمَا كَانَ أَكْثَرُهُمْ مُؤْمِنِينَ, ثلاثة أرباع الحزب (37),الجزء التاسع عشر
69,وَإِنَّ رَبَّكَ لَهُوَ الْعَزِيزُ الرَّحِيمُ , ثلاثة أرباع الحزب (37),الجزء التاسع عشر
70,وَاتْلُ عَلَيْهِمْ نَبَأَ إِبْرَاهِيمَ, ثلاثة أرباع الحزب (37),الجزء التاسع عشر
71,إِذْ قَالَ لِأَبِيهِ وَقَوْمِهِ مَا تَعْبُدُونَ, ثلاثة أرباع الحزب (37),الجزء التاسع عشر
72,قَالُوا نَعْبُدُ أَصْنَامًا فَنَظَلُّ لَهَا عَاكِفِينَ, ثلاثة أرباع الحزب (37),الجزء التاسع عشر
73,قَالَ هَلْ يَسْمَعُونَكُمْ إِذْ تَدْعُونَ, ثلاثة أرباع الحزب (37),الجزء التاسع عشر
74,أَوْ يَنْفَعُونَكُمْ أَوْ يَضُرُّونَ, ثلاثة أرباع الحزب (37),الجزء التاسع عشر
75,قَالُوا بَلْ وَجَدْنَا آبَاءَنَا كَذَٰلِكَ يَفْعَلُونَ , ثلاثة أرباع الحزب (37),الجزء التاسع عشر
76,قَالَ أَفَرَأَيْتُمْ مَا كُنْتُمْ تَعْبُدُونَ, ثلاثة أرباع الحزب (37),الجزء التاسع عشر
77,أَنْتُمْ وَآبَاؤُكُمُ الْأَقْدَمُونَ , ثلاثة أرباع الحزب (37),الجزء التاسع عشر
78,فَإِنَّهُمْ عَدُوٌّ لِي إِلَّا رَبَّ الْعَالَمِينَ, ثلاثة أرباع الحزب (37),الجزء التاسع عشر
79,الَّذِي خَلَقَنِي فَهُوَ يَهْدِينِ, ثلاثة أرباع الحزب (37),الجزء التاسع عشر
80,وَالَّذِي هُوَ يُطْعِمُنِي وَيَسْقِينِ, ثلاثة أرباع الحزب (37),الجزء التاسع عشر
81,وَإِذَا مَرِضْتُ فَهُوَ يَشْفِينِ , ثلاثة أرباع الحزب (37),الجزء التاسع عشر
82,وَالَّذِي يُمِيتُنِي ثُمَّ يُحْيِينِ, ثلاثة أرباع الحزب (37),الجزء التاسع عشر
83,وَالَّذِي أَطْمَعُ أَنْ يَغْفِرَ لِي خَطِيئَتِي يَوْمَ الدِّينِ, ثلاثة أرباع الحزب (37),الجزء التاسع عشر
84,رَبِّ هَبْ لِي حُكْمًا وَأَلْحِقْنِي بِالصَّالِحِينَ, ثلاثة أرباع الحزب (37),الجزء التاسع عشر
85,وَاجْعَلْ لِي لِسَانَ صِدْقٍ فِي الْآخِرِينَ, ثلاثة أرباع الحزب (37),الجزء التاسع عشر
86,وَاجْعَلْنِي مِنْ وَرَثَةِ جَنَّةِ النَّعِيمِ, ثلاثة أرباع الحزب (37),الجزء التاسع عشر
87,وَاغْفِرْ لِأَبِي إِنَّهُ كَانَ مِنَ الضَّالِّينَ , ثلاثة أرباع الحزب (37),الجزء التاسع عشر
88,وَلَا تُخْزِنِي يَوْمَ يُبْعَثُونَ, ثلاثة أرباع الحزب (37),الجزء التاسع عشر
89,يَوْمَ لَا يَنْفَعُ مَالٌ وَلَا بَنُونَ, ثلاثة أرباع الحزب (37),الجزء التاسع عشر
90,إِلَّا مَنْ أَتَى اللَّهَ بِقَلْبٍ سَلِيمٍ , ثلاثة أرباع الحزب (37),الجزء التاسع عشر
91,وَأُزْلِفَتِ الْجَنَّةُ لِلْمُتَّقِينَ, ثلاثة أرباع الحزب (37),الجزء التاسع عشر
92,وَبُرِّزَتِ الْجَحِيمُ لِلْغَاوِينَ, ثلاثة أرباع الحزب (37),الجزء التاسع عشر
93,وَقِيلَ لَهُمْ أَيْنَ مَا كُنْتُمْ تَعْبُدُونَ, ثلاثة أرباع الحزب (37),الجزء التاسع عشر
94,مِنْ دُونِ اللَّهِ هَلْ يَنْصُرُونَكُمْ أَوْ يَنْتَصِرُونَ , ثلاثة أرباع الحزب (37),الجزء التاسع عشر
95,فَكُبْكِبُوا فِيهَا هُمْ وَالْغَاوُونَ, ثلاثة أرباع الحزب (37),الجزء التاسع عشر
96,وَجُنُودُ إِبْلِيسَ أَجْمَعُونَ, ثلاثة أرباع الحزب (37),الجزء التاسع عشر
97,قَالُوا وَهُمْ فِيهَا يَخْتَصِمُونَ , ثلاثة أرباع الحزب (37),الجزء التاسع عشر
98,تَاللَّهِ إِنْ كُنَّا لَفِي ضَلَالٍ مُبِينٍ , ثلاثة أرباع الحزب (37),الجزء التاسع عشر
99,إِذْ نُسَوِّيكُمْ بِرَبِّ الْعَالَمِينَ, ثلاثة أرباع الحزب (37),الجزء التاسع عشر
100,وَمَا أَضَلَّنَا إِلَّا الْمُجْرِمُونَ, ثلاثة أرباع الحزب (37),الجزء التاسع عشر
101,فَمَا لَنَا مِنْ شَافِعِينَ, ثلاثة أرباع الحزب (37),الجزء التاسع عشر
102,وَلَا صَدِيقٍ حَمِيمٍ, ثلاثة أرباع الحزب (37),الجزء التاسع عشر
103,فَلَوْ أَنَّ لَنَا كَرَّةً فَنَكُونَ مِنَ الْمُؤْمِنِينَ, ثلاثة أرباع الحزب (37),الجزء التاسع عشر
104,إِنَّ فِي ذَٰلِكَ لَآيَةً ۖ وَمَا كَانَ أَكْثَرُهُمْ مُؤْمِنِينَ, ثلاثة أرباع الحزب (37),الجزء التاسع عشر
105,وَإِنَّ رَبَّكَ لَهُوَ الْعَزِيزُ الرَّحِيمُ, ثلاثة أرباع الحزب (37),الجزء التاسع عشر
106,كَذَّبَتْ قَوْمُ نُوحٍ الْمُرْسَلِينَ, ثلاثة أرباع الحزب (37),الجزء التاسع عشر
107,إِذْ قَالَ لَهُمْ أَخُوهُمْ نُوحٌ أَلَا تَتَّقُونَ , ثلاثة أرباع الحزب (37),الجزء التاسع عشر
108,إِنِّي لَكُمْ رَسُولٌ أَمِينٌ, ثلاثة أرباع الحزب (37),الجزء التاسع عشر
109,فَاتَّقُوا اللَّهَ وَأَطِيعُونِ, ثلاثة أرباع الحزب (37),الجزء التاسع عشر
110,وَمَا أَسْأَلُكُمْ عَلَيْهِ مِنْ أَجْرٍ ۖ إِنْ أَجْرِيَ إِلَّا عَلَىٰ رَبِّ الْعَالَمِينَ, ثلاثة أرباع الحزب (37),الجزء التاسع عشر
111,فَاتَّقُوا اللَّهَ وَأَطِيعُونِ, ثلاثة أرباع الحزب (37),الجزء التاسع عشر
112,قَالُوا أَنُؤْمِنُ لَكَ وَاتَّبَعَكَ الْأَرْذَلُونَ ۞, الحزب (38),الجزء التاسع عشر
113,قَالَ وَمَا عِلْمِي بِمَا كَانُوا يَعْمَلُونَ, الحزب (38),الجزء التاسع عشر
114,إِنْ حِسَابُهُمْ إِلَّا عَلَىٰ رَبِّي ۖ لَوْ تَشْعُرُونَ, الحزب (38),الجزء التاسع عشر
115,وَمَا أَنَا بِطَارِدِ الْمُؤْمِنِينَ, الحزب (38),الجزء التاسع عشر
116,إِنْ أَنَا إِلَّا نَذِيرٌ مُبِينٌ, الحزب (38),الجزء التاسع عشر
117,قَالُوا لَئِنْ لَمْ تَنْتَهِ يَا نُوحُ لَتَكُونَنَّ مِنَ الْمَرْجُومِينَ , الحزب (38),الجزء التاسع عشر
118,قَالَ رَبِّ إِنَّ قَوْمِي كَذَّبُونِ, الحزب (38),الجزء التاسع عشر
119,فَافْتَحْ بَيْنِي وَبَيْنَهُمْ فَتْحًا وَنَجِّنِي وَمَنْ مَعِيَ مِنَ الْمُؤْمِنِينَ, الحزب (38),الجزء التاسع عشر
120,فَأَنْجَيْنَاهُ وَمَنْ مَعَهُ فِي الْفُلْكِ الْمَشْحُونِ, الحزب (38),الجزء التاسع عشر
121,ثُمَّ أَغْرَقْنَا بَعْدُ الْبَاقِينَ , الحزب (38),الجزء التاسع عشر
122,إِنَّ فِي ذَٰلِكَ لَآيَةً ۖ وَمَا كَانَ أَكْثَرُهُمْ مُؤْمِنِينَ, الحزب (38),الجزء التاسع عشر
123,وَإِنَّ رَبَّكَ لَهُوَ الْعَزِيزُ الرَّحِيمُ, الحزب (38),الجزء التاسع عشر
124,كَذَّبَتْ عَادٌ الْمُرْسَلِينَ, الحزب (38),الجزء التاسع عشر
125,إِذْ قَالَ لَهُمْ أَخُوهُمْ هُودٌ أَلَا تَتَّقُونَ, الحزب (38),الجزء التاسع عشر
126,إِنِّي لَكُمْ رَسُولٌ أَمِينٌ, الحزب (38),الجزء التاسع عشر
127,فَاتَّقُوا اللَّهَ وَأَطِيعُونِ, الحزب (38),الجزء التاسع عشر
128,وَمَا أَسْأَلُكُمْ عَلَيْهِ مِنْ أَجْرٍ ۖ إِنْ أَجْرِيَ إِلَّا عَلَىٰ رَبِّ الْعَالَمِينَ, الحزب (38),الجزء التاسع عشر
129,أَتَبْنُونَ بِكُلِّ رِيعٍ آيَةً تَعْبَثُونَ, الحزب (38),الجزء التاسع عشر
130,وَتَتَّخِذُونَ مَصَانِعَ لَعَلَّكُمْ تَخْلُدُونَ, الحزب (38),الجزء التاسع عشر
131,وَإِذَا بَطَشْتُمْ بَطَشْتُمْ جَبَّارِينَ, الحزب (38),الجزء التاسع عشر
132,فَاتَّقُوا اللَّهَ وَأَطِيعُونِ, الحزب (38),الجزء التاسع عشر
133,وَاتَّقُوا الَّذِي أَمَدَّكُمْ بِمَا تَعْلَمُونَ , الحزب (38),الجزء التاسع عشر
134,أَمَدَّكُمْ بِأَنْعَامٍ وَبَنِينَ, الحزب (38),الجزء التاسع عشر
135,وَجَنَّاتٍ وَعُيُونٍ, الحزب (38),الجزء التاسع عشر
136,إِنِّي أَخَافُ عَلَيْكُمْ عَذَابَ يَوْمٍ عَظِيمٍ, الحزب (38),الجزء التاسع عشر
137,قَالُوا سَوَاءٌ عَلَيْنَا أَوَعَظْتَ أَمْ لَمْ تَكُنْ مِنَ الْوَاعِظِينَ, الحزب (38),الجزء التاسع عشر
138,إِنْ هَٰذَا إِلَّا خُلُقُ الْأَوَّلِينَ , الحزب (38),الجزء التاسع عشر
139,وَمَا نَحْنُ بِمُعَذَّبِينَ , الحزب (38),الجزء التاسع عشر
140,فَكَذَّبُوهُ فَأَهْلَكْنَاهُمْ ۗ إِنَّ فِي ذَٰلِكَ لَآيَةً ۖ وَمَا كَانَ أَكْثَرُهُمْ مُؤْمِنِينَ, الحزب (38),الجزء التاسع عشر
141,وَإِنَّ رَبَّكَ لَهُوَ الْعَزِيزُ الرَّحِيمُ , الحزب (38),الجزء التاسع عشر
142,كَذَّبَتْ ثَمُودُ الْمُرْسَلِينَ, الحزب (38),الجزء التاسع عشر
143,إِذْ قَالَ لَهُمْ أَخُوهُمْ صَالِحٌ أَلَا تَتَّقُونَ, الحزب (38),الجزء التاسع عشر
144,إِنِّي لَكُمْ رَسُولٌ أَمِينٌ, الحزب (38),الجزء التاسع عشر
145,فَاتَّقُوا اللَّهَ وَأَطِيعُونِ, الحزب (38),الجزء التاسع عشر
146,وَمَا أَسْأَلُكُمْ عَلَيْهِ مِنْ أَجْرٍ ۖ إِنْ أَجْرِيَ إِلَّا عَلَىٰ رَبِّ الْعَالَمِينَ , الحزب (38),الجزء التاسع عشر
147,أَتُتْرَكُونَ فِي مَا هَاهُنَا آمِنِينَ, الحزب (38),الجزء التاسع عشر
148,فِي جَنَّاتٍ وَعُيُونٍ, الحزب (38),الجزء التاسع عشر
149,وَزُرُوعٍ وَنَخْلٍ طَلْعُهَا هَضِيمٌ, الحزب (38),الجزء التاسع عشر
150,وَتَنْحِتُونَ مِنَ الْجِبَالِ بُيُوتًا فَارِهِينَ, الحزب (38),الجزء التاسع عشر
151,فَاتَّقُوا اللَّهَ وَأَطِيعُونِ, الحزب (38),الجزء التاسع عشر
152,وَلَا تُطِيعُوا أَمْرَ الْمُسْرِفِينَ, الحزب (38),الجزء التاسع عشر
153,الَّذِينَ يُفْسِدُونَ فِي الْأَرْضِ وَلَا يُصْلِحُونَ, الحزب (38),الجزء التاسع عشر
154,قَالُوا إِنَّمَا أَنْتَ مِنَ الْمُسَحَّرِينَ, الحزب (38),الجزء التاسع عشر
155,مَا أَنْتَ إِلَّا بَشَرٌ مِثْلُنَا فَأْتِ بِآيَةٍ إِنْ كُنْتَ مِنَ الصَّادِقِينَ , الحزب (38),الجزء التاسع عشر
156,قَالَ هَٰذِهِ نَاقَةٌ لَهَا شِرْبٌ وَلَكُمْ شِرْبُ يَوْمٍ مَعْلُومٍ, الحزب (38),الجزء التاسع عشر
157,وَلَا تَمَسُّوهَا بِسُوءٍ فَيَأْخُذَكُمْ عَذَابُ يَوْمٍ عَظِيمٍ, الحزب (38),الجزء التاسع عشر
158,فَعَقَرُوهَا فَأَصْبَحُوا نَادِمِينَ, الحزب (38),الجزء التاسع عشر
159,فَأَخَذَهُمُ الْعَذَابُ ۗ إِنَّ فِي ذَٰلِكَ لَآيَةً ۖ وَمَا كَانَ أَكْثَرُهُمْ مُؤْمِنِينَ, الحزب (38),الجزء التاسع عشر
160,وَإِنَّ رَبَّكَ لَهُوَ الْعَزِيزُ الرَّحِيمُ, الحزب (38),الجزء التاسع عشر
161,كَذَّبَتْ قَوْمُ لُوطٍ الْمُرْسَلِينَ, الحزب (38),الجزء التاسع عشر
162,إِذْ قَالَ لَهُمْ أَخُوهُمْ لُوطٌ أَلَا تَتَّقُونَ, الحزب (38),الجزء التاسع عشر
163,إِنِّي لَكُمْ رَسُولٌ أَمِينٌ , الحزب (38),الجزء التاسع عشر
164,فَاتَّقُوا اللَّهَ وَأَطِيعُونِ, الحزب (38),الجزء التاسع عشر
165,وَمَا أَسْأَلُكُمْ عَلَيْهِ مِنْ أَجْرٍ ۖ إِنْ أَجْرِيَ إِلَّا عَلَىٰ رَبِّ الْعَالَمِينَ , الحزب (38),الجزء التاسع عشر
166,أَتَأْتُونَ الذُّكْرَانَ مِنَ الْعَالَمِينَ , الحزب (38),الجزء التاسع عشر
167,وَتَذَرُونَ مَا خَلَقَ لَكُمْ رَبُّكُمْ مِنْ أَزْوَاجِكُمْ ۚ بَلْ أَنْتُمْ قَوْمٌ عَادُونَ, الحزب (38),الجزء التاسع عشر
168,قَالُوا لَئِنْ لَمْ تَنْتَهِ يَا لُوطُ لَتَكُونَنَّ مِنَ الْمُخْرَجِينَ, الحزب (38),الجزء التاسع عشر
169,قَالَ إِنِّي لِعَمَلِكُمْ مِنَ الْقَالِينَ, الحزب (38),الجزء التاسع عشر
170,رَبِّ نَجِّنِي وَأَهْلِي مِمَّا يَعْمَلُونَ, الحزب (38),الجزء التاسع عشر
171,فَنَجَّيْنَاهُ وَأَهْلَهُ أَجْمَعِينَ, الحزب (38),الجزء التاسع عشر
172,إِلَّا عَجُوزًا فِي الْغَابِرِينَ, الحزب (38),الجزء التاسع عشر
173,ثُمَّ دَمَّرْنَا الْآخَرِينَ, الحزب (38),الجزء التاسع عشر
174,وَأَمْطَرْنَا عَلَيْهِمْ مَطَرًا ۖ فَسَاءَ مَطَرُ الْمُنْذَرِينَ , الحزب (38),الجزء التاسع عشر
175,إِنَّ فِي ذَٰلِكَ لَآيَةً ۖ وَمَا كَانَ أَكْثَرُهُمْ مُؤْمِنِينَ, الحزب (38),الجزء التاسع عشر
176,وَإِنَّ رَبَّكَ لَهُوَ الْعَزِيزُ الرَّحِيمُ, الحزب (38),الجزء التاسع عشر
177,كَذَّبَ أَصْحَابُ الْأَيْكَةِ الْمُرْسَلِينَ, الحزب (38),الجزء التاسع عشر
178,إِذْ قَالَ لَهُمْ شُعَيْبٌ أَلَا تَتَّقُونَ , الحزب (38),الجزء التاسع عشر
179,إِنِّي لَكُمْ رَسُولٌ أَمِينٌ , الحزب (38),الجزء التاسع عشر
180,فَاتَّقُوا اللَّهَ وَأَطِيعُونِ, الحزب (38),الجزء التاسع عشر
181,وَمَا أَسْأَلُكُمْ عَلَيْهِ مِنْ أَجْرٍ ۖ إِنْ أَجْرِيَ إِلَّا عَلَىٰ رَبِّ الْعَالَمِينَ , الحزب (38),الجزء التاسع عشر
182,۞ أَوْفُوا الْكَيْلَ وَلَا تَكُونُوا مِنَ الْمُخْسِرِينَ, ربع الحزب (38),الجزء التاسع عشر
183,وَزِنُوا بِالْقِسْطَاسِ الْمُسْتَقِيمِ, ربع الحزب (38),الجزء التاسع عشر
184,وَلَا تَبْخَسُوا النَّاسَ أَشْيَاءَهُمْ وَلَا تَعْثَوْا فِي الْأَرْضِ مُفْسِدِينَ , ربع الحزب (38),الجزء التاسع عشر
185,وَاتَّقُوا الَّذِي خَلَقَكُمْ وَالْجِبِلَّةَ الْأَوَّلِينَ, ربع الحزب (38),الجزء التاسع عشر
186,قَالُوا إِنَّمَا أَنْتَ مِنَ الْمُسَحَّرِينَ , ربع الحزب (38),الجزء التاسع عشر
187,وَمَا أَنْتَ إِلَّا بَشَرٌ مِثْلُنَا وَإِنْ نَظُنُّكَ لَمِنَ الْكَاذِبِينَ, ربع الحزب (38),الجزء التاسع عشر
188,فَأَسْقِطْ عَلَيْنَا كِسَفًا مِنَ السَّمَاءِ إِنْ كُنْتَ مِنَ الصَّادِقِينَ, ربع الحزب (38),الجزء التاسع عشر
189,قَالَ رَبِّي أَعْلَمُ بِمَا تَعْمَلُونَ, ربع الحزب (38),الجزء التاسع عشر
190,فَكَذَّبُوهُ فَأَخَذَهُمْ عَذَابُ يَوْمِ الظُّلَّةِ ۚ إِنَّهُ كَانَ عَذَابَ يَوْمٍ عَظِيمٍ , ربع الحزب (38),الجزء التاسع عشر
191,إِنَّ فِي ذَٰلِكَ لَآيَةً ۖ وَمَا كَانَ أَكْثَرُهُمْ مُؤْمِنِينَ, ربع الحزب (38),الجزء التاسع عشر
192,وَإِنَّ رَبَّكَ لَهُوَ الْعَزِيزُ الرَّحِيمُ, ربع الحزب (38),الجزء التاسع عشر
193,وَإِنَّهُ لَتَنْزِيلُ رَبِّ الْعَالَمِينَ, ربع الحزب (38),الجزء التاسع عشر
194,نَزَلَ بِهِ الرُّوحُ الْأَمِينُ , ربع الحزب (38),الجزء التاسع عشر
195,عَلَىٰ قَلْبِكَ لِتَكُونَ مِنَ الْمُنْذِرِينَ, ربع الحزب (38),الجزء التاسع عشر
196,بِلِسَانٍ عَرَبِيٍّ مُبِينٍ , ربع الحزب (38),الجزء التاسع عشر
197,وَإِنَّهُ لَفِي زُبُرِ الْأَوَّلِينَ, ربع الحزب (38),الجزء التاسع عشر
198,أَوَلَمْ يَكُنْ لَهُمْ آيَةً أَنْ يَعْلَمَهُ عُلَمَاءُ بَنِي إِسْرَائِيلَ, ربع الحزب (38),الجزء التاسع عشر
199,وَلَوْ نَزَّلْنَاهُ عَلَىٰ بَعْضِ الْأَعْجَمِينَ, ربع الحزب (38),الجزء التاسع عشر
200,فَقَرَأَهُ عَلَيْهِمْ مَا كَانُوا بِهِ مُؤْمِنِينَ , ربع الحزب (38),الجزء التاسع عشر
201,كَذَٰلِكَ سَلَكْنَاهُ فِي قُلُوبِ الْمُجْرِمِينَ, ربع الحزب (38),الجزء التاسع عشر
202,لَا يُؤْمِنُونَ بِهِ حَتَّىٰ يَرَوُا الْعَذَابَ الْأَلِيمَ, ربع الحزب (38),الجزء التاسع عشر
203,فَيَأْتِيَهُمْ بَغْتَةً وَهُمْ لَا يَشْعُرُونَ, ربع الحزب (38),الجزء التاسع عشر
204,فَيَقُولُوا هَلْ نَحْنُ مُنْظَرُونَ, ربع الحزب (38),الجزء التاسع عشر
205,أَفَبِعَذَابِنَا يَسْتَعْجِلُونَ, ربع الحزب (38),الجزء التاسع عشر
206,أَفَرَأَيْتَ إِنْ مَتَّعْنَاهُمْ سِنِينَ, ربع الحزب (38),الجزء التاسع عشر
207,ثُمَّ جَاءَهُمْ مَا كَانُوا يُوعَدُونَ, ربع الحزب (38),الجزء التاسع عشر
208,مَا أَغْنَىٰ عَنْهُمْ مَا كَانُوا يُمَتَّعُونَ, ربع الحزب (38),الجزء التاسع عشر
209,وَمَا أَهْلَكْنَا مِنْ قَرْيَةٍ إِلَّا لَهَا مُنْذِرُونَ , ربع الحزب (38),الجزء التاسع عشر
210,ذِكْرَىٰ وَمَا كُنَّا ظَالِمِينَ, ربع الحزب (38),الجزء التاسع عشر
211,وَمَا تَنَزَّلَتْ بِهِ الشَّيَاطِينُ , ربع الحزب (38),الجزء التاسع عشر
212,وَمَا يَنْبَغِي لَهُمْ وَمَا يَسْتَطِيعُونَ, ربع الحزب (38),الجزء التاسع عشر
213,إِنَّهُمْ عَنِ السَّمْعِ لَمَعْزُولُونَ, ربع الحزب (38),الجزء التاسع عشر
214,فَلَا تَدْعُ مَعَ اللَّهِ إِلَٰهًا آخَرَ فَتَكُونَ مِنَ الْمُعَذَّبِينَ, ربع الحزب (38),الجزء التاسع عشر
215,وَأَنْذِرْ عَشِيرَتَكَ الْأَقْرَبِينَ, ربع الحزب (38),الجزء التاسع عشر
216,وَاخْفِضْ جَنَاحَكَ لِمَنِ اتَّبَعَكَ مِنَ الْمُؤْمِنِينَ, ربع الحزب (38),الجزء التاسع عشر
217,فَإِنْ عَصَوْكَ فَقُلْ إِنِّي بَرِيءٌ مِمَّا تَعْمَلُونَ, ربع الحزب (38),الجزء التاسع عشر
218,وَتَوَكَّلْ عَلَى الْعَزِيزِ الرَّحِيمِ, ربع الحزب (38),الجزء التاسع عشر
219,الَّذِي يَرَاكَ حِينَ تَقُومُ, ربع الحزب (38),الجزء التاسع عشر
220,وَتَقَلُّبَكَ فِي السَّاجِدِينَ, ربع الحزب (38),الجزء التاسع عشر
221,إِنَّهُ هُوَ السَّمِيعُ الْعَلِيمُ, ربع الحزب (38),الجزء التاسع عشر
222,هَلْ أُنَبِّئُكُمْ عَلَىٰ مَنْ تَنَزَّلُ الشَّيَاطِينُ , ربع الحزب (38),الجزء التاسع عشر
223,تَنَزَّلُ عَلَىٰ كُلِّ أَفَّاكٍ أَثِيمٍ, ربع الحزب (38),الجزء التاسع عشر
224,يُلْقُونَ السَّمْعَ وَأَكْثَرُهُمْ كَاذِبُونَ, ربع الحزب (38),الجزء التاسع عشر
225,وَالشُّعَرَاءُ يَتَّبِعُهُمُ الْغَاوُونَ, ربع الحزب (38),الجزء التاسع عشر
226,أَلَمْ تَرَ أَنَّهُمْ فِي كُلِّ وَادٍ يَهِيمُونَ, ربع الحزب (38),الجزء التاسع عشر
227,وَأَنَّهُمْ يَقُولُونَ مَا لَا يَفْعَلُونَ, ربع الحزب (38),الجزء التاسع عشر
228,إِلَّا الَّذِينَ آمَنُوا وَعَمِلُوا الصَّالِحَاتِ وَذَكَرُوا اللَّهَ كَثِيرًا وَانْتَصَرُوا مِنْ بَعْدِ مَا ظُلِمُوا ۗ وَسَيَعْلَمُ الَّذِينَ ظَلَمُوا أَيَّ مُنْقَلَبٍ يَنْقَلِبُونَ, ربع الحزب (38),الجزء التاسع عشر
