﻿1,بِسْمِ اللَّهِ الرَّحْمَنِ الرَّحِيم, نصف الحزب (38),الجزء التاسع عشر
2,۞ طس ۚ تِلْكَ آيَاتُ الْقُرْآنِ وَكِتَابٍ مُبِينٍ , نصف الحزب (38),الجزء التاسع عشر
3,هُدًى وَبُشْرَىٰ لِلْمُؤْمِنِينَ, نصف الحزب (38),الجزء التاسع عشر
4,الَّذِينَ يُقِيمُونَ الصَّلَاةَ وَيُؤْتُونَ الزَّكَاةَ وَهُمْ بِالْآخِرَةِ هُمْ يُوقِنُونَ, نصف الحزب (38),الجزء التاسع عشر
5,إِنَّ الَّذِينَ لَا يُؤْمِنُونَ بِالْآخِرَةِ زَيَّنَّا لَهُمْ أَعْمَالَهُمْ فَهُمْ يَعْمَهُونَ , نصف الحزب (38),الجزء التاسع عشر
6,أُولَٰئِكَ الَّذِينَ لَهُمْ سُوءُ الْعَذَابِ وَهُمْ فِي الْآخِرَةِ هُمُ الْأَخْسَرُونَ, نصف الحزب (38),الجزء التاسع عشر
7,وَإِنَّكَ لَتُلَقَّى الْقُرْآنَ مِنْ لَدُنْ حَكِيمٍ عَلِيمٍ, نصف الحزب (38),الجزء التاسع عشر
8,إِذْ قَالَ مُوسَىٰ لِأَهْلِهِ إِنِّي آنَسْتُ نَارًا سَآتِيكُمْ مِنْهَا بِخَبَرٍ أَوْ آتِيكُمْ بِشِهَابٍ قَبَسٍ لَعَلَّكُمْ تَصْطَلُونَ, نصف الحزب (38),الجزء التاسع عشر
9,فَلَمَّا جَاءَهَا نُودِيَ أَنْ بُورِكَ مَنْ فِي النَّارِ وَمَنْ حَوْلَهَا وَسُبْحَانَ اللَّهِ رَبِّ الْعَالَمِينَ , نصف الحزب (38),الجزء التاسع عشر
10,يَا مُوسَىٰ إِنَّهُ أَنَا اللَّهُ الْعَزِيزُ الْحَكِيمُ , نصف الحزب (38),الجزء التاسع عشر
11,وَأَلْقِ عَصَاكَ ۚ فَلَمَّا رَآهَا تَهْتَزُّ كَأَنَّهَا جَانٌّ وَلَّىٰ مُدْبِرًا وَلَمْ يُعَقِّبْ ۚ يَا مُوسَىٰ لَا تَخَفْ إِنِّي لَا يَخَافُ لَدَيَّ الْمُرْسَلُونَ, نصف الحزب (38),الجزء التاسع عشر
12,إِلَّا مَنْ ظَلَمَ ثُمَّ بَدَّلَ حُسْنًا بَعْدَ سُوءٍ فَإِنِّي غَفُورٌ رَحِيمٌ, نصف الحزب (38),الجزء التاسع عشر
13,وَأَدْخِلْ يَدَكَ فِي جَيْبِكَ تَخْرُجْ بَيْضَاءَ مِنْ غَيْرِ سُوءٍ ۖ فِي تِسْعِ آيَاتٍ إِلَىٰ فِرْعَوْنَ وَقَوْمِهِ ۚ إِنَّهُمْ كَانُوا قَوْمًا فَاسِقِينَ , نصف الحزب (38),الجزء التاسع عشر
14,فَلَمَّا جَاءَتْهُمْ آيَاتُنَا مُبْصِرَةً قَالُوا هَٰذَا سِحْرٌ مُبِينٌ , نصف الحزب (38),الجزء التاسع عشر
15,وَجَحَدُوا بِهَا وَاسْتَيْقَنَتْهَا أَنْفُسُهُمْ ظُلْمًا وَعُلُوًّا ۚ فَانْظُرْ كَيْفَ كَانَ عَاقِبَةُ الْمُفْسِدِينَ, نصف الحزب (38),الجزء التاسع عشر
16,وَلَقَدْ آتَيْنَا دَاوُودَ وَسُلَيْمَانَ عِلْمًا ۖ وَقَالَا الْحَمْدُ لِلَّهِ الَّذِي فَضَّلَنَا عَلَىٰ كَثِيرٍ مِنْ عِبَادِهِ الْمُؤْمِنِينَ, نصف الحزب (38),الجزء التاسع عشر
17,وَوَرِثَ سُلَيْمَانُ دَاوُودَ ۖ وَقَالَ يَا أَيُّهَا النَّاسُ عُلِّمْنَا مَنْطِقَ الطَّيْرِ وَأُوتِينَا مِنْ كُلِّ شَيْءٍ ۖ إِنَّ هَٰذَا لَهُوَ الْفَضْلُ الْمُبِينُ, نصف الحزب (38),الجزء التاسع عشر
18,وَحُشِرَ لِسُلَيْمَانَ جُنُودُهُ مِنَ الْجِنِّ وَالْإِنْسِ وَالطَّيْرِ فَهُمْ يُوزَعُونَ , نصف الحزب (38),الجزء التاسع عشر
19,حَتَّىٰ إِذَا أَتَوْا عَلَىٰ وَادِ النَّمْلِ قَالَتْ نَمْلَةٌ يَا أَيُّهَا النَّمْلُ ادْخُلُوا مَسَاكِنَكُمْ لَا يَحْطِمَنَّكُمْ سُلَيْمَانُ وَجُنُودُهُ وَهُمْ لَا يَشْعُرُونَ , نصف الحزب (38),الجزء التاسع عشر
20,فَتَبَسَّمَ ضَاحِكًا مِنْ قَوْلِهَا وَقَالَ رَبِّ أَوْزِعْنِي أَنْ أَشْكُرَ نِعْمَتَكَ الَّتِي أَنْعَمْتَ عَلَيَّ وَعَلَىٰ وَالِدَيَّ وَأَنْ أَعْمَلَ صَالِحًا تَرْضَاهُ وَأَدْخِلْنِي بِرَحْمَتِكَ فِي عِبَادِكَ الصَّالِحِينَ , نصف الحزب (38),الجزء التاسع عشر
21,وَتَفَقَّدَ الطَّيْرَ فَقَالَ مَا لِيَ لَا أَرَى الْهُدْهُدَ أَمْ كَانَ مِنَ الْغَائِبِينَ, نصف الحزب (38),الجزء التاسع عشر
22,لَأُعَذِّبَنَّهُ عَذَابًا شَدِيدًا أَوْ لَأَذْبَحَنَّهُ أَوْ لَيَأْتِيَنِّي بِسُلْطَانٍ مُبِينٍ, نصف الحزب (38),الجزء التاسع عشر
23,فَمَكَثَ غَيْرَ بَعِيدٍ فَقَالَ أَحَطْتُ بِمَا لَمْ تُحِطْ بِهِ وَجِئْتُكَ مِنْ سَبَإٍ بِنَبَإٍ يَقِينٍ , نصف الحزب (38),الجزء التاسع عشر
24,إِنِّي وَجَدْتُ امْرَأَةً تَمْلِكُهُمْ وَأُوتِيَتْ مِنْ كُلِّ شَيْءٍ وَلَهَا عَرْشٌ عَظِيمٌ, نصف الحزب (38),الجزء التاسع عشر
25,وَجَدْتُهَا وَقَوْمَهَا يَسْجُدُونَ لِلشَّمْسِ مِنْ دُونِ اللَّهِ وَزَيَّنَ لَهُمُ الشَّيْطَانُ أَعْمَالَهُمْ فَصَدَّهُمْ عَنِ السَّبِيلِ فَهُمْ لَا يَهْتَدُونَ , نصف الحزب (38),الجزء التاسع عشر
26,أَلَّا يَسْجُدُوا لِلَّهِ الَّذِي يُخْرِجُ الْخَبْءَ فِي السَّمَاوَاتِ وَالْأَرْضِ وَيَعْلَمُ مَا تُخْفُونَ وَمَا تُعْلِنُونَ , نصف الحزب (38),الجزء التاسع عشر
27,اللَّهُ لَا إِلَٰهَ إِلَّا هُوَ رَبُّ الْعَرْشِ الْعَظِيمِ ۩, نصف الحزب (38),الجزء التاسع عشر
28,قَالَ سَنَنْظُرُ أَصَدَقْتَ أَمْ كُنْتَ مِنَ الْكَاذِبِينَ ۞, ثلاثة أرباع الحزب (38),الجزء التاسع عشر
29,اذْهَبْ بِكِتَابِي هَٰذَا فَأَلْقِهْ إِلَيْهِمْ ثُمَّ تَوَلَّ عَنْهُمْ فَانْظُرْ مَاذَا يَرْجِعُونَ, ثلاثة أرباع الحزب (38),الجزء التاسع عشر
30,قَالَتْ يَا أَيُّهَا الْمَلَأُ إِنِّي أُلْقِيَ إِلَيَّ كِتَابٌ كَرِيمٌ , ثلاثة أرباع الحزب (38),الجزء التاسع عشر
31,إِنَّهُ مِنْ سُلَيْمَانَ وَإِنَّهُ بِسْمِ اللَّهِ الرَّحْمَٰنِ الرَّحِيمِ, ثلاثة أرباع الحزب (38),الجزء التاسع عشر
32,أَلَّا تَعْلُوا عَلَيَّ وَأْتُونِي مُسْلِمِينَ, ثلاثة أرباع الحزب (38),الجزء التاسع عشر
33,قَالَتْ يَا أَيُّهَا الْمَلَأُ أَفْتُونِي فِي أَمْرِي مَا كُنْتُ قَاطِعَةً أَمْرًا حَتَّىٰ تَشْهَدُونِ , ثلاثة أرباع الحزب (38),الجزء التاسع عشر
34,قَالُوا نَحْنُ أُولُو قُوَّةٍ وَأُولُو بَأْسٍ شَدِيدٍ وَالْأَمْرُ إِلَيْكِ فَانْظُرِي مَاذَا تَأْمُرِينَ , ثلاثة أرباع الحزب (38),الجزء التاسع عشر
35,قَالَتْ إِنَّ الْمُلُوكَ إِذَا دَخَلُوا قَرْيَةً أَفْسَدُوهَا وَجَعَلُوا أَعِزَّةَ أَهْلِهَا أَذِلَّةً ۖ وَكَذَٰلِكَ يَفْعَلُونَ, ثلاثة أرباع الحزب (38),الجزء التاسع عشر
36,وَإِنِّي مُرْسِلَةٌ إِلَيْهِمْ بِهَدِيَّةٍ فَنَاظِرَةٌ بِمَ يَرْجِعُ الْمُرْسَلُونَ , ثلاثة أرباع الحزب (38),الجزء التاسع عشر
37,فَلَمَّا جَاءَ سُلَيْمَانَ قَالَ أَتُمِدُّونَنِ بِمَالٍ فَمَا آتَانِيَ اللَّهُ خَيْرٌ مِمَّا آتَاكُمْ بَلْ أَنْتُمْ بِهَدِيَّتِكُمْ تَفْرَحُونَ , ثلاثة أرباع الحزب (38),الجزء التاسع عشر
38,ارْجِعْ إِلَيْهِمْ فَلَنَأْتِيَنَّهُمْ بِجُنُودٍ لَا قِبَلَ لَهُمْ بِهَا وَلَنُخْرِجَنَّهُمْ مِنْهَا أَذِلَّةً وَهُمْ صَاغِرُونَ , ثلاثة أرباع الحزب (38),الجزء التاسع عشر
39,قَالَ يَا أَيُّهَا الْمَلَأُ أَيُّكُمْ يَأْتِينِي بِعَرْشِهَا قَبْلَ أَنْ يَأْتُونِي مُسْلِمِينَ , ثلاثة أرباع الحزب (38),الجزء التاسع عشر
40,قَالَ عِفْرِيتٌ مِنَ الْجِنِّ أَنَا آتِيكَ بِهِ قَبْلَ أَنْ تَقُومَ مِنْ مَقَامِكَ ۖ وَإِنِّي عَلَيْهِ لَقَوِيٌّ أَمِينٌ, ثلاثة أرباع الحزب (38),الجزء التاسع عشر
41,قَالَ الَّذِي عِنْدَهُ عِلْمٌ مِنَ الْكِتَابِ أَنَا آتِيكَ بِهِ قَبْلَ أَنْ يَرْتَدَّ إِلَيْكَ طَرْفُكَ ۚ فَلَمَّا رَآهُ مُسْتَقِرًّا عِنْدَهُ قَالَ هَٰذَا مِنْ فَضْلِ رَبِّي لِيَبْلُوَنِي أَأَشْكُرُ أَمْ أَكْفُرُ ۖ وَمَنْ شَكَرَ فَإِنَّمَا يَشْكُرُ لِنَفْسِهِ ۖ وَمَنْ كَفَرَ فَإِنَّ رَبِّي غَنِيٌّ كَرِيمٌ , ثلاثة أرباع الحزب (38),الجزء التاسع عشر
42,قَالَ نَكِّرُوا لَهَا عَرْشَهَا نَنْظُرْ أَتَهْتَدِي أَمْ تَكُونُ مِنَ الَّذِينَ لَا يَهْتَدُونَ, ثلاثة أرباع الحزب (38),الجزء التاسع عشر
43,فَلَمَّا جَاءَتْ قِيلَ أَهَٰكَذَا عَرْشُكِ ۖ قَالَتْ كَأَنَّهُ هُوَ ۚ وَأُوتِينَا الْعِلْمَ مِنْ قَبْلِهَا وَكُنَّا مُسْلِمِينَ, ثلاثة أرباع الحزب (38),الجزء التاسع عشر
44,وَصَدَّهَا مَا كَانَتْ تَعْبُدُ مِنْ دُونِ اللَّهِ ۖ إِنَّهَا كَانَتْ مِنْ قَوْمٍ كَافِرِينَ, ثلاثة أرباع الحزب (38),الجزء التاسع عشر
45,قِيلَ لَهَا ادْخُلِي الصَّرْحَ ۖ فَلَمَّا رَأَتْهُ حَسِبَتْهُ لُجَّةً وَكَشَفَتْ عَنْ سَاقَيْهَا ۚ قَالَ إِنَّهُ صَرْحٌ مُمَرَّدٌ مِنْ قَوَارِيرَ ۗ قَالَتْ رَبِّ إِنِّي ظَلَمْتُ نَفْسِي وَأَسْلَمْتُ مَعَ سُلَيْمَانَ لِلَّهِ رَبِّ الْعَالَمِينَ , ثلاثة أرباع الحزب (38),الجزء التاسع عشر
46,وَلَقَدْ أَرْسَلْنَا إِلَىٰ ثَمُودَ أَخَاهُمْ صَالِحًا أَنِ اعْبُدُوا اللَّهَ فَإِذَا هُمْ فَرِيقَانِ يَخْتَصِمُونَ , ثلاثة أرباع الحزب (38),الجزء التاسع عشر
47,قَالَ يَا قَوْمِ لِمَ تَسْتَعْجِلُونَ بِالسَّيِّئَةِ قَبْلَ الْحَسَنَةِ ۖ لَوْلَا تَسْتَغْفِرُونَ اللَّهَ لَعَلَّكُمْ تُرْحَمُونَ , ثلاثة أرباع الحزب (38),الجزء التاسع عشر
48,قَالُوا اطَّيَّرْنَا بِكَ وَبِمَنْ مَعَكَ ۚ قَالَ طَائِرُكُمْ عِنْدَ اللَّهِ ۖ بَلْ أَنْتُمْ قَوْمٌ تُفْتَنُونَ, ثلاثة أرباع الحزب (38),الجزء التاسع عشر
49,وَكَانَ فِي الْمَدِينَةِ تِسْعَةُ رَهْطٍ يُفْسِدُونَ فِي الْأَرْضِ وَلَا يُصْلِحُونَ , ثلاثة أرباع الحزب (38),الجزء التاسع عشر
50,قَالُوا تَقَاسَمُوا بِاللَّهِ لَنُبَيِّتَنَّهُ وَأَهْلَهُ ثُمَّ لَنَقُولَنَّ لِوَلِيِّهِ مَا شَهِدْنَا مَهْلِكَ أَهْلِهِ وَإِنَّا لَصَادِقُونَ , ثلاثة أرباع الحزب (38),الجزء التاسع عشر
51,وَمَكَرُوا مَكْرًا وَمَكَرْنَا مَكْرًا وَهُمْ لَا يَشْعُرُونَ , ثلاثة أرباع الحزب (38),الجزء التاسع عشر
52,فَانْظُرْ كَيْفَ كَانَ عَاقِبَةُ مَكْرِهِمْ أَنَّا دَمَّرْنَاهُمْ وَقَوْمَهُمْ أَجْمَعِينَ , ثلاثة أرباع الحزب (38),الجزء التاسع عشر
53,فَتِلْكَ بُيُوتُهُمْ خَاوِيَةً بِمَا ظَلَمُوا ۗ إِنَّ فِي ذَٰلِكَ لَآيَةً لِقَوْمٍ يَعْلَمُونَ , ثلاثة أرباع الحزب (38),الجزء التاسع عشر
54,وَأَنْجَيْنَا الَّذِينَ آمَنُوا وَكَانُوا يَتَّقُونَ, ثلاثة أرباع الحزب (38),الجزء التاسع عشر
55,وَلُوطًا إِذْ قَالَ لِقَوْمِهِ أَتَأْتُونَ الْفَاحِشَةَ وَأَنْتُمْ تُبْصِرُونَ , ثلاثة أرباع الحزب (38),الجزء التاسع عشر
56,أَئِنَّكُمْ لَتَأْتُونَ الرِّجَالَ شَهْوَةً مِنْ دُونِ النِّسَاءِ ۚ بَلْ أَنْتُمْ قَوْمٌ تَجْهَلُونَ, ثلاثة أرباع الحزب (38),الجزء التاسع عشر
57,فَمَا كَانَ جَوَابَ قَوْمِهِ إِلَّا أَنْ قَالُوا أَخْرِجُوا آلَ لُوطٍ مِنْ قَرْيَتِكُمْ ۖ إِنَّهُمْ أُنَاسٌ يَتَطَهَّرُونَ ۞ , الحزب (39),الجزء العشرون
58,فَأَنْجَيْنَاهُ وَأَهْلَهُ إِلَّا امْرَأَتَهُ قَدَّرْنَاهَا مِنَ الْغَابِرِينَ , الحزب (39),الجزء العشرون
59,وَأَمْطَرْنَا عَلَيْهِمْ مَطَرًا ۖ فَسَاءَ مَطَرُ الْمُنْذَرِينَ, الحزب (39),الجزء العشرون
60,قُلِ الْحَمْدُ لِلَّهِ وَسَلَامٌ عَلَىٰ عِبَادِهِ الَّذِينَ اصْطَفَىٰ ۗ آللَّهُ خَيْرٌ أَمَّا يُشْرِكُونَ, الحزب (39),الجزء العشرون
61,أَمَّنْ خَلَقَ السَّمَاوَاتِ وَالْأَرْضَ وَأَنْزَلَ لَكُمْ مِنَ السَّمَاءِ مَاءً فَأَنْبَتْنَا بِهِ حَدَائِقَ ذَاتَ بَهْجَةٍ مَا كَانَ لَكُمْ أَنْ تُنْبِتُوا شَجَرَهَا ۗ أَإِلَٰهٌ مَعَ اللَّهِ ۚ بَلْ هُمْ قَوْمٌ يَعْدِلُونَ, الحزب (39),الجزء العشرون
62,أَمَّنْ جَعَلَ الْأَرْضَ قَرَارًا وَجَعَلَ خِلَالَهَا أَنْهَارًا وَجَعَلَ لَهَا رَوَاسِيَ وَجَعَلَ بَيْنَ الْبَحْرَيْنِ حَاجِزًا ۗ أَإِلَٰهٌ مَعَ اللَّهِ ۚ بَلْ أَكْثَرُهُمْ لَا يَعْلَمُونَ , الحزب (39),الجزء العشرون
63,أَمَّنْ يُجِيبُ الْمُضْطَرَّ إِذَا دَعَاهُ وَيَكْشِفُ السُّوءَ وَيَجْعَلُكُمْ خُلَفَاءَ الْأَرْضِ ۗ أَإِلَٰهٌ مَعَ اللَّهِ ۚ قَلِيلًا مَا تَذَكَّرُونَ, الحزب (39),الجزء العشرون
64,أَمَّنْ يَهْدِيكُمْ فِي ظُلُمَاتِ الْبَرِّ وَالْبَحْرِ وَمَنْ يُرْسِلُ الرِّيَاحَ بُشْرًا بَيْنَ يَدَيْ رَحْمَتِهِ ۗ أَإِلَٰهٌ مَعَ اللَّهِ ۚ تَعَالَى اللَّهُ عَمَّا يُشْرِكُونَ , الحزب (39),الجزء العشرون
65,أَمَّنْ يَبْدَأُ الْخَلْقَ ثُمَّ يُعِيدُهُ وَمَنْ يَرْزُقُكُمْ مِنَ السَّمَاءِ وَالْأَرْضِ ۗ أَإِلَٰهٌ مَعَ اللَّهِ ۚ قُلْ هَاتُوا بُرْهَانَكُمْ إِنْ كُنْتُمْ صَادِقِينَ, الحزب (39),الجزء العشرون
66,قُلْ لَا يَعْلَمُ مَنْ فِي السَّمَاوَاتِ وَالْأَرْضِ الْغَيْبَ إِلَّا اللَّهُ ۚ وَمَا يَشْعُرُونَ أَيَّانَ يُبْعَثُونَ , الحزب (39),الجزء العشرون
67,بَلِ ادَّارَكَ عِلْمُهُمْ فِي الْآخِرَةِ ۚ بَلْ هُمْ فِي شَكٍّ مِنْهَا ۖ بَلْ هُمْ مِنْهَا عَمُونَ , الحزب (39),الجزء العشرون
68,وَقَالَ الَّذِينَ كَفَرُوا أَإِذَا كُنَّا تُرَابًا وَآبَاؤُنَا أَئِنَّا لَمُخْرَجُونَ , الحزب (39),الجزء العشرون
69,لَقَدْ وُعِدْنَا هَٰذَا نَحْنُ وَآبَاؤُنَا مِنْ قَبْلُ إِنْ هَٰذَا إِلَّا أَسَاطِيرُ الْأَوَّلِينَ , الحزب (39),الجزء العشرون
70,قُلْ سِيرُوا فِي الْأَرْضِ فَانْظُرُوا كَيْفَ كَانَ عَاقِبَةُ الْمُجْرِمِينَ, الحزب (39),الجزء العشرون
71,وَلَا تَحْزَنْ عَلَيْهِمْ وَلَا تَكُنْ فِي ضَيْقٍ مِمَّا يَمْكُرُونَ, الحزب (39),الجزء العشرون
72,وَيَقُولُونَ مَتَىٰ هَٰذَا الْوَعْدُ إِنْ كُنْتُمْ صَادِقِينَ , الحزب (39),الجزء العشرون
73,قُلْ عَسَىٰ أَنْ يَكُونَ رَدِفَ لَكُمْ بَعْضُ الَّذِي تَسْتَعْجِلُونَ , الحزب (39),الجزء العشرون
74,وَإِنَّ رَبَّكَ لَذُو فَضْلٍ عَلَى النَّاسِ وَلَٰكِنَّ أَكْثَرَهُمْ لَا يَشْكُرُونَ , الحزب (39),الجزء العشرون
75,وَإِنَّ رَبَّكَ لَيَعْلَمُ مَا تُكِنُّ صُدُورُهُمْ وَمَا يُعْلِنُونَ , الحزب (39),الجزء العشرون
76,وَمَا مِنْ غَائِبَةٍ فِي السَّمَاءِ وَالْأَرْضِ إِلَّا فِي كِتَابٍ مُبِينٍ, الحزب (39),الجزء العشرون
77,إِنَّ هَٰذَا الْقُرْآنَ يَقُصُّ عَلَىٰ بَنِي إِسْرَائِيلَ أَكْثَرَ الَّذِي هُمْ فِيهِ يَخْتَلِفُونَ , الحزب (39),الجزء العشرون
78,وَإِنَّهُ لَهُدًى وَرَحْمَةٌ لِلْمُؤْمِنِينَ , الحزب (39),الجزء العشرون
79,إِنَّ رَبَّكَ يَقْضِي بَيْنَهُمْ بِحُكْمِهِ ۚ وَهُوَ الْعَزِيزُ الْعَلِيمُ, الحزب (39),الجزء العشرون
80,فَتَوَكَّلْ عَلَى اللَّهِ ۖ إِنَّكَ عَلَى الْحَقِّ الْمُبِينِ , الحزب (39),الجزء العشرون
81,إِنَّكَ لَا تُسْمِعُ الْمَوْتَىٰ وَلَا تُسْمِعُ الصُّمَّ الدُّعَاءَ إِذَا وَلَّوْا مُدْبِرِينَ , الحزب (39),الجزء العشرون
82,وَمَا أَنْتَ بِهَادِي الْعُمْيِ عَنْ ضَلَالَتِهِمْ ۖ إِنْ تُسْمِعُ إِلَّا مَنْ يُؤْمِنُ بِآيَاتِنَا فَهُمْ مُسْلِمُونَ , الحزب (39),الجزء العشرون
83,۞ وَإِذَا وَقَعَ الْقَوْلُ عَلَيْهِمْ أَخْرَجْنَا لَهُمْ دَابَّةً مِنَ الْأَرْضِ تُكَلِّمُهُمْ أَنَّ النَّاسَ كَانُوا بِآيَاتِنَا لَا يُوقِنُونَ , ربع الحزب (39),الجزء العشرون
84,وَيَوْمَ نَحْشُرُ مِنْ كُلِّ أُمَّةٍ فَوْجًا مِمَّنْ يُكَذِّبُ بِآيَاتِنَا فَهُمْ يُوزَعُونَ, ربع الحزب (39),الجزء العشرون
85,حَتَّىٰ إِذَا جَاءُوا قَالَ أَكَذَّبْتُمْ بِآيَاتِي وَلَمْ تُحِيطُوا بِهَا عِلْمًا أَمَّاذَا كُنْتُمْ تَعْمَلُونَ , ربع الحزب (39),الجزء العشرون
86,وَوَقَعَ الْقَوْلُ عَلَيْهِمْ بِمَا ظَلَمُوا فَهُمْ لَا يَنْطِقُونَ , ربع الحزب (39),الجزء العشرون
87,أَلَمْ يَرَوْا أَنَّا جَعَلْنَا اللَّيْلَ لِيَسْكُنُوا فِيهِ وَالنَّهَارَ مُبْصِرًا ۚ إِنَّ فِي ذَٰلِكَ لَآيَاتٍ لِقَوْمٍ يُؤْمِنُونَ, ربع الحزب (39),الجزء العشرون
88,وَيَوْمَ يُنْفَخُ فِي الصُّورِ فَفَزِعَ مَنْ فِي السَّمَاوَاتِ وَمَنْ فِي الْأَرْضِ إِلَّا مَنْ شَاءَ اللَّهُ ۚ وَكُلٌّ أَتَوْهُ دَاخِرِينَ , ربع الحزب (39),الجزء العشرون
89,وَتَرَى الْجِبَالَ تَحْسَبُهَا جَامِدَةً وَهِيَ تَمُرُّ مَرَّ السَّحَابِ ۚ صُنْعَ اللَّهِ الَّذِي أَتْقَنَ كُلَّ شَيْءٍ ۚ إِنَّهُ خَبِيرٌ بِمَا تَفْعَلُونَ , ربع الحزب (39),الجزء العشرون
90,مَنْ جَاءَ بِالْحَسَنَةِ فَلَهُ خَيْرٌ مِنْهَا وَهُمْ مِنْ فَزَعٍ يَوْمَئِذٍ آمِنُونَ, ربع الحزب (39),الجزء العشرون
91,وَمَنْ جَاءَ بِالسَّيِّئَةِ فَكُبَّتْ وُجُوهُهُمْ فِي النَّارِ هَلْ تُجْزَوْنَ إِلَّا مَا كُنْتُمْ تَعْمَلُونَ, ربع الحزب (39),الجزء العشرون
92,إِنَّمَا أُمِرْتُ أَنْ أَعْبُدَ رَبَّ هَٰذِهِ الْبَلْدَةِ الَّذِي حَرَّمَهَا وَلَهُ كُلُّ شَيْءٍ ۖ وَأُمِرْتُ أَنْ أَكُونَ مِنَ الْمُسْلِمِينَ , ربع الحزب (39),الجزء العشرون
93,وَأَنْ أَتْلُوَ الْقُرْآنَ ۖ فَمَنِ اهْتَدَىٰ فَإِنَّمَا يَهْتَدِي لِنَفْسِهِ ۖ وَمَنْ ضَلَّ فَقُلْ إِنَّمَا أَنَا مِنَ الْمُنْذِرِينَ , ربع الحزب (39),الجزء العشرون
94,وَقُلِ الْحَمْدُ لِلَّهِ سَيُرِيكُمْ آيَاتِهِ فَتَعْرِفُونَهَا ۚ وَمَا رَبُّكَ بِغَافِلٍ عَمَّا تَعْمَلُونَ, ربع الحزب (39),الجزء العشرون
