﻿1,بِسْمِ اللَّهِ الرَّحْمَنِ الرَّحِيم, ربع الحزب (39),الجزء العشرون
2,طسم , ربع الحزب (39),الجزء العشرون
3,تِلْكَ آيَاتُ الْكِتَابِ الْمُبِينِ , ربع الحزب (39),الجزء العشرون
4,نَتْلُو عَلَيْكَ مِنْ نَبَإِ مُوسَىٰ وَفِرْعَوْنَ بِالْحَقِّ لِقَوْمٍ يُؤْمِنُونَ, ربع الحزب (39),الجزء العشرون
5,إِنَّ فِرْعَوْنَ عَلَا فِي الْأَرْضِ وَجَعَلَ أَهْلَهَا شِيَعًا يَسْتَضْعِفُ طَائِفَةً مِنْهُمْ يُذَبِّحُ أَبْنَاءَهُمْ وَيَسْتَحْيِي نِسَاءَهُمْ ۚ إِنَّهُ كَانَ مِنَ الْمُفْسِدِينَ , ربع الحزب (39),الجزء العشرون
6,وَنُرِيدُ أَنْ نَمُنَّ عَلَى الَّذِينَ اسْتُضْعِفُوا فِي الْأَرْضِ وَنَجْعَلَهُمْ أَئِمَّةً وَنَجْعَلَهُمُ الْوَارِثِينَ , ربع الحزب (39),الجزء العشرون
7,وَنُمَكِّنَ لَهُمْ فِي الْأَرْضِ وَنُرِيَ فِرْعَوْنَ وَهَامَانَ وَجُنُودَهُمَا مِنْهُمْ مَا كَانُوا يَحْذَرُونَ , ربع الحزب (39),الجزء العشرون
8,وَأَوْحَيْنَا إِلَىٰ أُمِّ مُوسَىٰ أَنْ أَرْضِعِيهِ ۖ فَإِذَا خِفْتِ عَلَيْهِ فَأَلْقِيهِ فِي الْيَمِّ وَلَا تَخَافِي وَلَا تَحْزَنِي ۖ إِنَّا رَادُّوهُ إِلَيْكِ وَجَاعِلُوهُ مِنَ الْمُرْسَلِينَ, ربع الحزب (39),الجزء العشرون
9,فَالْتَقَطَهُ آلُ فِرْعَوْنَ لِيَكُونَ لَهُمْ عَدُوًّا وَحَزَنًا ۗ إِنَّ فِرْعَوْنَ وَهَامَانَ وَجُنُودَهُمَا كَانُوا خَاطِئِينَ, ربع الحزب (39),الجزء العشرون
10,وَقَالَتِ امْرَأَتُ فِرْعَوْنَ قُرَّتُ عَيْنٍ لِي وَلَكَ ۖ لَا تَقْتُلُوهُ عَسَىٰ أَنْ يَنْفَعَنَا أَوْ نَتَّخِذَهُ وَلَدًا وَهُمْ لَا يَشْعُرُونَ , ربع الحزب (39),الجزء العشرون
11,وَأَصْبَحَ فُؤَادُ أُمِّ مُوسَىٰ فَارِغًا ۖ إِنْ كَادَتْ لَتُبْدِي بِهِ لَوْلَا أَنْ رَبَطْنَا عَلَىٰ قَلْبِهَا لِتَكُونَ مِنَ الْمُؤْمِنِينَ, ربع الحزب (39),الجزء العشرون
12,وَقَالَتْ لِأُخْتِهِ قُصِّيهِ ۖ فَبَصُرَتْ بِهِ عَنْ جُنُبٍ وَهُمْ لَا يَشْعُرُونَ , ربع الحزب (39),الجزء العشرون
13,وَحَرَّمْنَا عَلَيْهِ الْمَرَاضِعَ مِنْ قَبْلُ فَقَالَتْ هَلْ أَدُلُّكُمْ عَلَىٰ أَهْلِ بَيْتٍ يَكْفُلُونَهُ لَكُمْ وَهُمْ لَهُ نَاصِحُونَ ۞, نصف الحزب (39),الجزء العشرون
14,فَرَدَدْنَاهُ إِلَىٰ أُمِّهِ كَيْ تَقَرَّ عَيْنُهَا وَلَا تَحْزَنَ وَلِتَعْلَمَ أَنَّ وَعْدَ اللَّهِ حَقٌّ وَلَٰكِنَّ أَكْثَرَهُمْ لَا يَعْلَمُونَ , نصف الحزب (39),الجزء العشرون
15,وَلَمَّا بَلَغَ أَشُدَّهُ وَاسْتَوَىٰ آتَيْنَاهُ حُكْمًا وَعِلْمًا ۚ وَكَذَٰلِكَ نَجْزِي الْمُحْسِنِينَ , نصف الحزب (39),الجزء العشرون
16,وَدَخَلَ الْمَدِينَةَ عَلَىٰ حِينِ غَفْلَةٍ مِنْ أَهْلِهَا فَوَجَدَ فِيهَا رَجُلَيْنِ يَقْتَتِلَانِ هَٰذَا مِنْ شِيعَتِهِ وَهَٰذَا مِنْ عَدُوِّهِ ۖ فَاسْتَغَاثَهُ الَّذِي مِنْ شِيعَتِهِ عَلَى الَّذِي مِنْ عَدُوِّهِ فَوَكَزَهُ مُوسَىٰ فَقَضَىٰ عَلَيْهِ ۖ قَالَ هَٰذَا مِنْ عَمَلِ الشَّيْطَانِ ۖ إِنَّهُ عَدُوٌّ مُضِلٌّ مُبِينٌ , نصف الحزب (39),الجزء العشرون
17,قَالَ رَبِّ إِنِّي ظَلَمْتُ نَفْسِي فَاغْفِرْ لِي فَغَفَرَ لَهُ ۚ إِنَّهُ هُوَ الْغَفُورُ الرَّحِيمُ , نصف الحزب (39),الجزء العشرون
18,قَالَ رَبِّ بِمَا أَنْعَمْتَ عَلَيَّ فَلَنْ أَكُونَ ظَهِيرًا لِلْمُجْرِمِينَ , نصف الحزب (39),الجزء العشرون
19,فَأَصْبَحَ فِي الْمَدِينَةِ خَائِفًا يَتَرَقَّبُ فَإِذَا الَّذِي اسْتَنْصَرَهُ بِالْأَمْسِ يَسْتَصْرِخُهُ ۚ قَالَ لَهُ مُوسَىٰ إِنَّكَ لَغَوِيٌّ مُبِينٌ, نصف الحزب (39),الجزء العشرون
20,فَلَمَّا أَنْ أَرَادَ أَنْ يَبْطِشَ بِالَّذِي هُوَ عَدُوٌّ لَهُمَا قَالَ يَا مُوسَىٰ أَتُرِيدُ أَنْ تَقْتُلَنِي كَمَا قَتَلْتَ نَفْسًا بِالْأَمْسِ ۖ إِنْ تُرِيدُ إِلَّا أَنْ تَكُونَ جَبَّارًا فِي الْأَرْضِ وَمَا تُرِيدُ أَنْ تَكُونَ مِنَ الْمُصْلِحِينَ, نصف الحزب (39),الجزء العشرون
21,وَجَاءَ رَجُلٌ مِنْ أَقْصَى الْمَدِينَةِ يَسْعَىٰ قَالَ يَا مُوسَىٰ إِنَّ الْمَلَأَ يَأْتَمِرُونَ بِكَ لِيَقْتُلُوكَ فَاخْرُجْ إِنِّي لَكَ مِنَ النَّاصِحِينَ , نصف الحزب (39),الجزء العشرون
22,فَخَرَجَ مِنْهَا خَائِفًا يَتَرَقَّبُ ۖ قَالَ رَبِّ نَجِّنِي مِنَ الْقَوْمِ الظَّالِمِينَ , نصف الحزب (39),الجزء العشرون
23,وَلَمَّا تَوَجَّهَ تِلْقَاءَ مَدْيَنَ قَالَ عَسَىٰ رَبِّي أَنْ يَهْدِيَنِي سَوَاءَ السَّبِيلِ , نصف الحزب (39),الجزء العشرون
24,وَلَمَّا وَرَدَ مَاءَ مَدْيَنَ وَجَدَ عَلَيْهِ أُمَّةً مِنَ النَّاسِ يَسْقُونَ وَوَجَدَ مِنْ دُونِهِمُ امْرَأَتَيْنِ تَذُودَانِ ۖ قَالَ مَا خَطْبُكُمَا ۖ قَالَتَا لَا نَسْقِي حَتَّىٰ يُصْدِرَ الرِّعَاءُ ۖ وَأَبُونَا شَيْخٌ كَبِيرٌ, نصف الحزب (39),الجزء العشرون
25,فَسَقَىٰ لَهُمَا ثُمَّ تَوَلَّىٰ إِلَى الظِّلِّ فَقَالَ رَبِّ إِنِّي لِمَا أَنْزَلْتَ إِلَيَّ مِنْ خَيْرٍ فَقِيرٌ , نصف الحزب (39),الجزء العشرون
26,فَجَاءَتْهُ إِحْدَاهُمَا تَمْشِي عَلَى اسْتِحْيَاءٍ قَالَتْ إِنَّ أَبِي يَدْعُوكَ لِيَجْزِيَكَ أَجْرَ مَا سَقَيْتَ لَنَا ۚ فَلَمَّا جَاءَهُ وَقَصَّ عَلَيْهِ الْقَصَصَ قَالَ لَا تَخَفْ ۖ نَجَوْتَ مِنَ الْقَوْمِ الظَّالِمِينَ, نصف الحزب (39),الجزء العشرون
27,قَالَتْ إِحْدَاهُمَا يَا أَبَتِ اسْتَأْجِرْهُ ۖ إِنَّ خَيْرَ مَنِ اسْتَأْجَرْتَ الْقَوِيُّ الْأَمِينُ , نصف الحزب (39),الجزء العشرون
28,قَالَ إِنِّي أُرِيدُ أَنْ أُنْكِحَكَ إِحْدَى ابْنَتَيَّ هَاتَيْنِ عَلَىٰ أَنْ تَأْجُرَنِي ثَمَانِيَ حِجَجٍ ۖ فَإِنْ أَتْمَمْتَ عَشْرًا فَمِنْ عِنْدِكَ ۖ وَمَا أُرِيدُ أَنْ أَشُقَّ عَلَيْكَ ۚ سَتَجِدُنِي إِنْ شَاءَ اللَّهُ مِنَ الصَّالِحِينَ , نصف الحزب (39),الجزء العشرون
29,قَالَ ذَٰلِكَ بَيْنِي وَبَيْنَكَ ۖ أَيَّمَا الْأَجَلَيْنِ قَضَيْتُ فَلَا عُدْوَانَ عَلَيَّ ۖ وَاللَّهُ عَلَىٰ مَا نَقُولُ وَكِيلٌ , نصف الحزب (39),الجزء العشرون
30,۞ فَلَمَّا قَضَىٰ مُوسَى الْأَجَلَ وَسَارَ بِأَهْلِهِ آنَسَ مِنْ جَانِبِ الطُّورِ نَارًا قَالَ لِأَهْلِهِ امْكُثُوا إِنِّي آنَسْتُ نَارًا لَعَلِّي آتِيكُمْ مِنْهَا بِخَبَرٍ أَوْ جَذْوَةٍ مِنَ النَّارِ لَعَلَّكُمْ تَصْطَلُونَ, ثلاثة أرباع الحزب (39),الجزء العشرون
31,فَلَمَّا أَتَاهَا نُودِيَ مِنْ شَاطِئِ الْوَادِ الْأَيْمَنِ فِي الْبُقْعَةِ الْمُبَارَكَةِ مِنَ الشَّجَرَةِ أَنْ يَا مُوسَىٰ إِنِّي أَنَا اللَّهُ رَبُّ الْعَالَمِينَ, ثلاثة أرباع الحزب (39),الجزء العشرون
32,وَأَنْ أَلْقِ عَصَاكَ ۖ فَلَمَّا رَآهَا تَهْتَزُّ كَأَنَّهَا جَانٌّ وَلَّىٰ مُدْبِرًا وَلَمْ يُعَقِّبْ ۚ يَا مُوسَىٰ أَقْبِلْ وَلَا تَخَفْ ۖ إِنَّكَ مِنَ الْآمِنِينَ , ثلاثة أرباع الحزب (39),الجزء العشرون
33,اسْلُكْ يَدَكَ فِي جَيْبِكَ تَخْرُجْ بَيْضَاءَ مِنْ غَيْرِ سُوءٍ وَاضْمُمْ إِلَيْكَ جَنَاحَكَ مِنَ الرَّهْبِ ۖ فَذَانِكَ بُرْهَانَانِ مِنْ رَبِّكَ إِلَىٰ فِرْعَوْنَ وَمَلَئِهِ ۚ إِنَّهُمْ كَانُوا قَوْمًا فَاسِقِينَ, ثلاثة أرباع الحزب (39),الجزء العشرون
34,قَالَ رَبِّ إِنِّي قَتَلْتُ مِنْهُمْ نَفْسًا فَأَخَافُ أَنْ يَقْتُلُونِ, ثلاثة أرباع الحزب (39),الجزء العشرون
35,وَأَخِي هَارُونُ هُوَ أَفْصَحُ مِنِّي لِسَانًا فَأَرْسِلْهُ مَعِيَ رِدْءًا يُصَدِّقُنِي ۖ إِنِّي أَخَافُ أَنْ يُكَذِّبُونِ , ثلاثة أرباع الحزب (39),الجزء العشرون
36,قَالَ سَنَشُدُّ عَضُدَكَ بِأَخِيكَ وَنَجْعَلُ لَكُمَا سُلْطَانًا فَلَا يَصِلُونَ إِلَيْكُمَا ۚ بِآيَاتِنَا أَنْتُمَا وَمَنِ اتَّبَعَكُمَا الْغَالِبُونَ , ثلاثة أرباع الحزب (39),الجزء العشرون
37,فَلَمَّا جَاءَهُمْ مُوسَىٰ بِآيَاتِنَا بَيِّنَاتٍ قَالُوا مَا هَٰذَا إِلَّا سِحْرٌ مُفْتَرًى وَمَا سَمِعْنَا بِهَٰذَا فِي آبَائِنَا الْأَوَّلِينَ , ثلاثة أرباع الحزب (39),الجزء العشرون
38,وَقَالَ مُوسَىٰ رَبِّي أَعْلَمُ بِمَنْ جَاءَ بِالْهُدَىٰ مِنْ عِنْدِهِ وَمَنْ تَكُونُ لَهُ عَاقِبَةُ الدَّارِ ۖ إِنَّهُ لَا يُفْلِحُ الظَّالِمُونَ , ثلاثة أرباع الحزب (39),الجزء العشرون
39,وَقَالَ فِرْعَوْنُ يَا أَيُّهَا الْمَلَأُ مَا عَلِمْتُ لَكُمْ مِنْ إِلَٰهٍ غَيْرِي فَأَوْقِدْ لِي يَا هَامَانُ عَلَى الطِّينِ فَاجْعَلْ لِي صَرْحًا لَعَلِّي أَطَّلِعُ إِلَىٰ إِلَٰهِ مُوسَىٰ وَإِنِّي لَأَظُنُّهُ مِنَ الْكَاذِبِينَ, ثلاثة أرباع الحزب (39),الجزء العشرون
40,وَاسْتَكْبَرَ هُوَ وَجُنُودُهُ فِي الْأَرْضِ بِغَيْرِ الْحَقِّ وَظَنُّوا أَنَّهُمْ إِلَيْنَا لَا يُرْجَعُونَ , ثلاثة أرباع الحزب (39),الجزء العشرون
41,فَأَخَذْنَاهُ وَجُنُودَهُ فَنَبَذْنَاهُمْ فِي الْيَمِّ ۖ فَانْظُرْ كَيْفَ كَانَ عَاقِبَةُ الظَّالِمِينَ, ثلاثة أرباع الحزب (39),الجزء العشرون
42,وَجَعَلْنَاهُمْ أَئِمَّةً يَدْعُونَ إِلَى النَّارِ ۖ وَيَوْمَ الْقِيَامَةِ لَا يُنْصَرُونَ, ثلاثة أرباع الحزب (39),الجزء العشرون
43,وَأَتْبَعْنَاهُمْ فِي هَٰذِهِ الدُّنْيَا لَعْنَةً ۖ وَيَوْمَ الْقِيَامَةِ هُمْ مِنَ الْمَقْبُوحِينَ, ثلاثة أرباع الحزب (39),الجزء العشرون
44,وَلَقَدْ آتَيْنَا مُوسَى الْكِتَابَ مِنْ بَعْدِ مَا أَهْلَكْنَا الْقُرُونَ الْأُولَىٰ بَصَائِرَ لِلنَّاسِ وَهُدًى وَرَحْمَةً لَعَلَّهُمْ يَتَذَكَّرُونَ , ثلاثة أرباع الحزب (39),الجزء العشرون
45,وَمَا كُنْتَ بِجَانِبِ الْغَرْبِيِّ إِذْ قَضَيْنَا إِلَىٰ مُوسَى الْأَمْرَ وَمَا كُنْتَ مِنَ الشَّاهِدِينَ , ثلاثة أرباع الحزب (39),الجزء العشرون
46,وَلَٰكِنَّا أَنْشَأْنَا قُرُونًا فَتَطَاوَلَ عَلَيْهِمُ الْعُمُرُ ۚ وَمَا كُنْتَ ثَاوِيًا فِي أَهْلِ مَدْيَنَ تَتْلُو عَلَيْهِمْ آيَاتِنَا وَلَٰكِنَّا كُنَّا مُرْسِلِينَ, ثلاثة أرباع الحزب (39),الجزء العشرون
47,وَمَا كُنْتَ بِجَانِبِ الطُّورِ إِذْ نَادَيْنَا وَلَٰكِنْ رَحْمَةً مِنْ رَبِّكَ لِتُنْذِرَ قَوْمًا مَا أَتَاهُمْ مِنْ نَذِيرٍ مِنْ قَبْلِكَ لَعَلَّهُمْ يَتَذَكَّرُونَ , ثلاثة أرباع الحزب (39),الجزء العشرون
48,وَلَوْلَا أَنْ تُصِيبَهُمْ مُصِيبَةٌ بِمَا قَدَّمَتْ أَيْدِيهِمْ فَيَقُولُوا رَبَّنَا لَوْلَا أَرْسَلْتَ إِلَيْنَا رَسُولًا فَنَتَّبِعَ آيَاتِكَ وَنَكُونَ مِنَ الْمُؤْمِنِينَ , ثلاثة أرباع الحزب (39),الجزء العشرون
49,فَلَمَّا جَاءَهُمُ الْحَقُّ مِنْ عِنْدِنَا قَالُوا لَوْلَا أُوتِيَ مِثْلَ مَا أُوتِيَ مُوسَىٰ ۚ أَوَلَمْ يَكْفُرُوا بِمَا أُوتِيَ مُوسَىٰ مِنْ قَبْلُ ۖ قَالُوا سِحْرَانِ تَظَاهَرَا وَقَالُوا إِنَّا بِكُلٍّ كَافِرُونَ, ثلاثة أرباع الحزب (39),الجزء العشرون
50,قُلْ فَأْتُوا بِكِتَابٍ مِنْ عِنْدِ اللَّهِ هُوَ أَهْدَىٰ مِنْهُمَا أَتَّبِعْهُ إِنْ كُنْتُمْ صَادِقِينَ , ثلاثة أرباع الحزب (39),الجزء العشرون
51,فَإِنْ لَمْ يَسْتَجِيبُوا لَكَ فَاعْلَمْ أَنَّمَا يَتَّبِعُونَ أَهْوَاءَهُمْ ۚ وَمَنْ أَضَلُّ مِمَّنِ اتَّبَعَ هَوَاهُ بِغَيْرِ هُدًى مِنَ اللَّهِ ۚ إِنَّ اللَّهَ لَا يَهْدِي الْقَوْمَ الظَّالِمِينَ, ثلاثة أرباع الحزب (39),الجزء العشرون
52,۞ وَلَقَدْ وَصَّلْنَا لَهُمُ الْقَوْلَ لَعَلَّهُمْ يَتَذَكَّرُونَ , الحزب (40),الجزء العشرون
53,الَّذِينَ آتَيْنَاهُمُ الْكِتَابَ مِنْ قَبْلِهِ هُمْ بِهِ يُؤْمِنُونَ , الحزب (40),الجزء العشرون
54,وَإِذَا يُتْلَىٰ عَلَيْهِمْ قَالُوا آمَنَّا بِهِ إِنَّهُ الْحَقُّ مِنْ رَبِّنَا إِنَّا كُنَّا مِنْ قَبْلِهِ مُسْلِمِينَ, الحزب (40),الجزء العشرون
55,أُولَٰئِكَ يُؤْتَوْنَ أَجْرَهُمْ مَرَّتَيْنِ بِمَا صَبَرُوا وَيَدْرَءُونَ بِالْحَسَنَةِ السَّيِّئَةَ وَمِمَّا رَزَقْنَاهُمْ يُنْفِقُونَ , الحزب (40),الجزء العشرون
56,وَإِذَا سَمِعُوا اللَّغْوَ أَعْرَضُوا عَنْهُ وَقَالُوا لَنَا أَعْمَالُنَا وَلَكُمْ أَعْمَالُكُمْ سَلَامٌ عَلَيْكُمْ لَا نَبْتَغِي الْجَاهِلِينَ, الحزب (40),الجزء العشرون
57,إِنَّكَ لَا تَهْدِي مَنْ أَحْبَبْتَ وَلَٰكِنَّ اللَّهَ يَهْدِي مَنْ يَشَاءُ ۚ وَهُوَ أَعْلَمُ بِالْمُهْتَدِينَ, الحزب (40),الجزء العشرون
58,وَقَالُوا إِنْ نَتَّبِعِ الْهُدَىٰ مَعَكَ نُتَخَطَّفْ مِنْ أَرْضِنَا ۚ أَوَلَمْ نُمَكِّنْ لَهُمْ حَرَمًا آمِنًا يُجْبَىٰ إِلَيْهِ ثَمَرَاتُ كُلِّ شَيْءٍ رِزْقًا مِنْ لَدُنَّا وَلَٰكِنَّ أَكْثَرَهُمْ لَا يَعْلَمُونَ , الحزب (40),الجزء العشرون
59,وَكَمْ أَهْلَكْنَا مِنْ قَرْيَةٍ بَطِرَتْ مَعِيشَتَهَا ۖ فَتِلْكَ مَسَاكِنُهُمْ لَمْ تُسْكَنْ مِنْ بَعْدِهِمْ إِلَّا قَلِيلًا ۖ وَكُنَّا نَحْنُ الْوَارِثِينَ , الحزب (40),الجزء العشرون
60,وَمَا كَانَ رَبُّكَ مُهْلِكَ الْقُرَىٰ حَتَّىٰ يَبْعَثَ فِي أُمِّهَا رَسُولًا يَتْلُو عَلَيْهِمْ آيَاتِنَا ۚ وَمَا كُنَّا مُهْلِكِي الْقُرَىٰ إِلَّا وَأَهْلُهَا ظَالِمُونَ , الحزب (40),الجزء العشرون
61,وَمَا أُوتِيتُمْ مِنْ شَيْءٍ فَمَتَاعُ الْحَيَاةِ الدُّنْيَا وَزِينَتُهَا ۚ وَمَا عِنْدَ اللَّهِ خَيْرٌ وَأَبْقَىٰ ۚ أَفَلَا تَعْقِلُونَ, الحزب (40),الجزء العشرون
62,أَفَمَنْ وَعَدْنَاهُ وَعْدًا حَسَنًا فَهُوَ لَاقِيهِ كَمَنْ مَتَّعْنَاهُ مَتَاعَ الْحَيَاةِ الدُّنْيَا ثُمَّ هُوَ يَوْمَ الْقِيَامَةِ مِنَ الْمُحْضَرِينَ, الحزب (40),الجزء العشرون
63,وَيَوْمَ يُنَادِيهِمْ فَيَقُولُ أَيْنَ شُرَكَائِيَ الَّذِينَ كُنْتُمْ تَزْعُمُونَ, الحزب (40),الجزء العشرون
64,قَالَ الَّذِينَ حَقَّ عَلَيْهِمُ الْقَوْلُ رَبَّنَا هَٰؤُلَاءِ الَّذِينَ أَغْوَيْنَا أَغْوَيْنَاهُمْ كَمَا غَوَيْنَا ۖ تَبَرَّأْنَا إِلَيْكَ ۖ مَا كَانُوا إِيَّانَا يَعْبُدُونَ , الحزب (40),الجزء العشرون
65,وَقِيلَ ادْعُوا شُرَكَاءَكُمْ فَدَعَوْهُمْ فَلَمْ يَسْتَجِيبُوا لَهُمْ وَرَأَوُا الْعَذَابَ ۚ لَوْ أَنَّهُمْ كَانُوا يَهْتَدُونَ, الحزب (40),الجزء العشرون
66,وَيَوْمَ يُنَادِيهِمْ فَيَقُولُ مَاذَا أَجَبْتُمُ الْمُرْسَلِينَ , الحزب (40),الجزء العشرون
67,فَعَمِيَتْ عَلَيْهِمُ الْأَنْبَاءُ يَوْمَئِذٍ فَهُمْ لَا يَتَسَاءَلُونَ, الحزب (40),الجزء العشرون
68,فَأَمَّا مَنْ تَابَ وَآمَنَ وَعَمِلَ صَالِحًا فَعَسَىٰ أَنْ يَكُونَ مِنَ الْمُفْلِحِينَ , الحزب (40),الجزء العشرون
69,وَرَبُّكَ يَخْلُقُ مَا يَشَاءُ وَيَخْتَارُ ۗ مَا كَانَ لَهُمُ الْخِيَرَةُ ۚ سُبْحَانَ اللَّهِ وَتَعَالَىٰ عَمَّا يُشْرِكُونَ , الحزب (40),الجزء العشرون
70,وَرَبُّكَ يَعْلَمُ مَا تُكِنُّ صُدُورُهُمْ وَمَا يُعْلِنُونَ , الحزب (40),الجزء العشرون
71,وَهُوَ اللَّهُ لَا إِلَٰهَ إِلَّا هُوَ ۖ لَهُ الْحَمْدُ فِي الْأُولَىٰ وَالْآخِرَةِ ۖ وَلَهُ الْحُكْمُ وَإِلَيْهِ تُرْجَعُونَ , الحزب (40),الجزء العشرون
72,قُلْ أَرَأَيْتُمْ إِنْ جَعَلَ اللَّهُ عَلَيْكُمُ اللَّيْلَ سَرْمَدًا إِلَىٰ يَوْمِ الْقِيَامَةِ مَنْ إِلَٰهٌ غَيْرُ اللَّهِ يَأْتِيكُمْ بِضِيَاءٍ ۖ أَفَلَا تَسْمَعُونَ , الحزب (40),الجزء العشرون
73,قُلْ أَرَأَيْتُمْ إِنْ جَعَلَ اللَّهُ عَلَيْكُمُ النَّهَارَ سَرْمَدًا إِلَىٰ يَوْمِ الْقِيَامَةِ مَنْ إِلَٰهٌ غَيْرُ اللَّهِ يَأْتِيكُمْ بِلَيْلٍ تَسْكُنُونَ فِيهِ ۖ أَفَلَا تُبْصِرُونَ , الحزب (40),الجزء العشرون
74,وَمِنْ رَحْمَتِهِ جَعَلَ لَكُمُ اللَّيْلَ وَالنَّهَارَ لِتَسْكُنُوا فِيهِ وَلِتَبْتَغُوا مِنْ فَضْلِهِ وَلَعَلَّكُمْ تَشْكُرُونَ, الحزب (40),الجزء العشرون
75,وَيَوْمَ يُنَادِيهِمْ فَيَقُولُ أَيْنَ شُرَكَائِيَ الَّذِينَ كُنْتُمْ تَزْعُمُونَ , الحزب (40),الجزء العشرون
76,وَنَزَعْنَا مِنْ كُلِّ أُمَّةٍ شَهِيدًا فَقُلْنَا هَاتُوا بُرْهَانَكُمْ فَعَلِمُوا أَنَّ الْحَقَّ لِلَّهِ وَضَلَّ عَنْهُمْ مَا كَانُوا يَفْتَرُونَ , الحزب (40),الجزء العشرون
77,۞ إِنَّ قَارُونَ كَانَ مِنْ قَوْمِ مُوسَىٰ فَبَغَىٰ عَلَيْهِمْ ۖ وَآتَيْنَاهُ مِنَ الْكُنُوزِ مَا إِنَّ مَفَاتِحَهُ لَتَنُوءُ بِالْعُصْبَةِ أُولِي الْقُوَّةِ إِذْ قَالَ لَهُ قَوْمُهُ لَا تَفْرَحْ ۖ إِنَّ اللَّهَ لَا يُحِبُّ الْفَرِحِينَ, ربع الحزب (40),الجزء العشرون
78,وَابْتَغِ فِيمَا آتَاكَ اللَّهُ الدَّارَ الْآخِرَةَ ۖ وَلَا تَنْسَ نَصِيبَكَ مِنَ الدُّنْيَا ۖ وَأَحْسِنْ كَمَا أَحْسَنَ اللَّهُ إِلَيْكَ ۖ وَلَا تَبْغِ الْفَسَادَ فِي الْأَرْضِ ۖ إِنَّ اللَّهَ لَا يُحِبُّ الْمُفْسِدِينَ , ربع الحزب (40),الجزء العشرون
79,قَالَ إِنَّمَا أُوتِيتُهُ عَلَىٰ عِلْمٍ عِنْدِي ۚ أَوَلَمْ يَعْلَمْ أَنَّ اللَّهَ قَدْ أَهْلَكَ مِنْ قَبْلِهِ مِنَ الْقُرُونِ مَنْ هُوَ أَشَدُّ مِنْهُ قُوَّةً وَأَكْثَرُ جَمْعًا ۚ وَلَا يُسْأَلُ عَنْ ذُنُوبِهِمُ الْمُجْرِمُونَ , ربع الحزب (40),الجزء العشرون
80,فَخَرَجَ عَلَىٰ قَوْمِهِ فِي زِينَتِهِ ۖ قَالَ الَّذِينَ يُرِيدُونَ الْحَيَاةَ الدُّنْيَا يَا لَيْتَ لَنَا مِثْلَ مَا أُوتِيَ قَارُونُ إِنَّهُ لَذُو حَظٍّ عَظِيمٍ, ربع الحزب (40),الجزء العشرون
81,وَقَالَ الَّذِينَ أُوتُوا الْعِلْمَ وَيْلَكُمْ ثَوَابُ اللَّهِ خَيْرٌ لِمَنْ آمَنَ وَعَمِلَ صَالِحًا وَلَا يُلَقَّاهَا إِلَّا الصَّابِرُونَ, ربع الحزب (40),الجزء العشرون
82,فَخَسَفْنَا بِهِ وَبِدَارِهِ الْأَرْضَ فَمَا كَانَ لَهُ مِنْ فِئَةٍ يَنْصُرُونَهُ مِنْ دُونِ اللَّهِ وَمَا كَانَ مِنَ الْمُنْتَصِرِينَ , ربع الحزب (40),الجزء العشرون
83,وَأَصْبَحَ الَّذِينَ تَمَنَّوْا مَكَانَهُ بِالْأَمْسِ يَقُولُونَ وَيْكَأَنَّ اللَّهَ يَبْسُطُ الرِّزْقَ لِمَنْ يَشَاءُ مِنْ عِبَادِهِ وَيَقْدِرُ ۖ لَوْلَا أَنْ مَنَّ اللَّهُ عَلَيْنَا لَخَسَفَ بِنَا ۖ وَيْكَأَنَّهُ لَا يُفْلِحُ الْكَافِرُونَ , ربع الحزب (40),الجزء العشرون
84,تِلْكَ الدَّارُ الْآخِرَةُ نَجْعَلُهَا لِلَّذِينَ لَا يُرِيدُونَ عُلُوًّا فِي الْأَرْضِ وَلَا فَسَادًا ۚ وَالْعَاقِبَةُ لِلْمُتَّقِينَ, ربع الحزب (40),الجزء العشرون
85,مَنْ جَاءَ بِالْحَسَنَةِ فَلَهُ خَيْرٌ مِنْهَا ۖ وَمَنْ جَاءَ بِالسَّيِّئَةِ فَلَا يُجْزَى الَّذِينَ عَمِلُوا السَّيِّئَاتِ إِلَّا مَا كَانُوا يَعْمَلُونَ , ربع الحزب (40),الجزء العشرون
86,إِنَّ الَّذِي فَرَضَ عَلَيْكَ الْقُرْآنَ لَرَادُّكَ إِلَىٰ مَعَادٍ ۚ قُلْ رَبِّي أَعْلَمُ مَنْ جَاءَ بِالْهُدَىٰ وَمَنْ هُوَ فِي ضَلَالٍ مُبِينٍ , ربع الحزب (40),الجزء العشرون
87,وَمَا كُنْتَ تَرْجُو أَنْ يُلْقَىٰ إِلَيْكَ الْكِتَابُ إِلَّا رَحْمَةً مِنْ رَبِّكَ ۖ فَلَا تَكُونَنَّ ظَهِيرًا لِلْكَافِرِينَ , ربع الحزب (40),الجزء العشرون
88,وَلَا يَصُدُّنَّكَ عَنْ آيَاتِ اللَّهِ بَعْدَ إِذْ أُنْزِلَتْ إِلَيْكَ ۖ وَادْعُ إِلَىٰ رَبِّكَ ۖ وَلَا تَكُونَنَّ مِنَ الْمُشْرِكِينَ , ربع الحزب (40),الجزء العشرون
89,وَلَا تَدْعُ مَعَ اللَّهِ إِلَٰهًا آخَرَ ۘ لَا إِلَٰهَ إِلَّا هُوَ ۚ كُلُّ شَيْءٍ هَالِكٌ إِلَّا وَجْهَهُ ۚ لَهُ الْحُكْمُ وَإِلَيْهِ تُرْجَعُونَ, ربع الحزب (40),الجزء العشرون
