﻿1,بِسْمِ اللَّهِ الرَّحْمَنِ الرَّحِيم, نصف الحزب (40),الجزء العشرون
2,الم ۞ , نصف الحزب (40),الجزء العشرون
3,أَحَسِبَ النَّاسُ أَنْ يُتْرَكُوا أَنْ يَقُولُوا آمَنَّا وَهُمْ لَا يُفْتَنُونَ , نصف الحزب (40),الجزء العشرون
4,وَلَقَدْ فَتَنَّا الَّذِينَ مِنْ قَبْلِهِمْ ۖ فَلَيَعْلَمَنَّ اللَّهُ الَّذِينَ صَدَقُوا وَلَيَعْلَمَنَّ الْكَاذِبِينَ , نصف الحزب (40),الجزء العشرون
5,أَمْ حَسِبَ الَّذِينَ يَعْمَلُونَ السَّيِّئَاتِ أَنْ يَسْبِقُونَا ۚ سَاءَ مَا يَحْكُمُونَ, نصف الحزب (40),الجزء العشرون
6,مَنْ كَانَ يَرْجُو لِقَاءَ اللَّهِ فَإِنَّ أَجَلَ اللَّهِ لَآتٍ ۚ وَهُوَ السَّمِيعُ الْعَلِيمُ , نصف الحزب (40),الجزء العشرون
7,وَمَنْ جَاهَدَ فَإِنَّمَا يُجَاهِدُ لِنَفْسِهِ ۚ إِنَّ اللَّهَ لَغَنِيٌّ عَنِ الْعَالَمِينَ, نصف الحزب (40),الجزء العشرون
8,وَالَّذِينَ آمَنُوا وَعَمِلُوا الصَّالِحَاتِ لَنُكَفِّرَنَّ عَنْهُمْ سَيِّئَاتِهِمْ وَلَنَجْزِيَنَّهُمْ أَحْسَنَ الَّذِي كَانُوا يَعْمَلُونَ , نصف الحزب (40),الجزء العشرون
9,وَوَصَّيْنَا الْإِنْسَانَ بِوَالِدَيْهِ حُسْنًا ۖ وَإِنْ جَاهَدَاكَ لِتُشْرِكَ بِي مَا لَيْسَ لَكَ بِهِ عِلْمٌ فَلَا تُطِعْهُمَا ۚ إِلَيَّ مَرْجِعُكُمْ فَأُنَبِّئُكُمْ بِمَا كُنْتُمْ تَعْمَلُونَ , نصف الحزب (40),الجزء العشرون
10,وَالَّذِينَ آمَنُوا وَعَمِلُوا الصَّالِحَاتِ لَنُدْخِلَنَّهُمْ فِي الصَّالِحِينَ , نصف الحزب (40),الجزء العشرون
11,وَمِنَ النَّاسِ مَنْ يَقُولُ آمَنَّا بِاللَّهِ فَإِذَا أُوذِيَ فِي اللَّهِ جَعَلَ فِتْنَةَ النَّاسِ كَعَذَابِ اللَّهِ وَلَئِنْ جَاءَ نَصْرٌ مِنْ رَبِّكَ لَيَقُولُنَّ إِنَّا كُنَّا مَعَكُمْ ۚ أَوَلَيْسَ اللَّهُ بِأَعْلَمَ بِمَا فِي صُدُورِ الْعَالَمِينَ , نصف الحزب (40),الجزء العشرون
12,وَلَيَعْلَمَنَّ اللَّهُ الَّذِينَ آمَنُوا وَلَيَعْلَمَنَّ الْمُنَافِقِينَ , نصف الحزب (40),الجزء العشرون
13,وَقَالَ الَّذِينَ كَفَرُوا لِلَّذِينَ آمَنُوا اتَّبِعُوا سَبِيلَنَا وَلْنَحْمِلْ خَطَايَاكُمْ وَمَا هُمْ بِحَامِلِينَ مِنْ خَطَايَاهُمْ مِنْ شَيْءٍ ۖ إِنَّهُمْ لَكَاذِبُونَ , نصف الحزب (40),الجزء العشرون
14,وَلَيَحْمِلُنَّ أَثْقَالَهُمْ وَأَثْقَالًا مَعَ أَثْقَالِهِمْ ۖ وَلَيُسْأَلُنَّ يَوْمَ الْقِيَامَةِ عَمَّا كَانُوا يَفْتَرُونَ , نصف الحزب (40),الجزء العشرون
15,وَلَقَدْ أَرْسَلْنَا نُوحًا إِلَىٰ قَوْمِهِ فَلَبِثَ فِيهِمْ أَلْفَ سَنَةٍ إِلَّا خَمْسِينَ عَامًا فَأَخَذَهُمُ الطُّوفَانُ وَهُمْ ظَالِمُونَ, نصف الحزب (40),الجزء العشرون
16,فَأَنْجَيْنَاهُ وَأَصْحَابَ السَّفِينَةِ وَجَعَلْنَاهَا آيَةً لِلْعَالَمِينَ , نصف الحزب (40),الجزء العشرون
17,وَإِبْرَاهِيمَ إِذْ قَالَ لِقَوْمِهِ اعْبُدُوا اللَّهَ وَاتَّقُوهُ ۖ ذَٰلِكُمْ خَيْرٌ لَكُمْ إِنْ كُنْتُمْ تَعْلَمُونَ , نصف الحزب (40),الجزء العشرون
18,إِنَّمَا تَعْبُدُونَ مِنْ دُونِ اللَّهِ أَوْثَانًا وَتَخْلُقُونَ إِفْكًا ۚ إِنَّ الَّذِينَ تَعْبُدُونَ مِنْ دُونِ اللَّهِ لَا يَمْلِكُونَ لَكُمْ رِزْقًا فَابْتَغُوا عِنْدَ اللَّهِ الرِّزْقَ وَاعْبُدُوهُ وَاشْكُرُوا لَهُ ۖ إِلَيْهِ تُرْجَعُونَ , نصف الحزب (40),الجزء العشرون
19,وَإِنْ تُكَذِّبُوا فَقَدْ كَذَّبَ أُمَمٌ مِنْ قَبْلِكُمْ ۖ وَمَا عَلَى الرَّسُولِ إِلَّا الْبَلَاغُ الْمُبِينُ, نصف الحزب (40),الجزء العشرون
20,أَوَلَمْ يَرَوْا كَيْفَ يُبْدِئُ اللَّهُ الْخَلْقَ ثُمَّ يُعِيدُهُ ۚ إِنَّ ذَٰلِكَ عَلَى اللَّهِ يَسِيرٌ , نصف الحزب (40),الجزء العشرون
21,قُلْ سِيرُوا فِي الْأَرْضِ فَانْظُرُوا كَيْفَ بَدَأَ الْخَلْقَ ۚ ثُمَّ اللَّهُ يُنْشِئُ النَّشْأَةَ الْآخِرَةَ ۚ إِنَّ اللَّهَ عَلَىٰ كُلِّ شَيْءٍ قَدِيرٌ , نصف الحزب (40),الجزء العشرون
22,يُعَذِّبُ مَنْ يَشَاءُ وَيَرْحَمُ مَنْ يَشَاءُ ۖ وَإِلَيْهِ تُقْلَبُونَ , نصف الحزب (40),الجزء العشرون
23,وَمَا أَنْتُمْ بِمُعْجِزِينَ فِي الْأَرْضِ وَلَا فِي السَّمَاءِ ۖ وَمَا لَكُمْ مِنْ دُونِ اللَّهِ مِنْ وَلِيٍّ وَلَا نَصِيرٍ, نصف الحزب (40),الجزء العشرون
24,وَالَّذِينَ كَفَرُوا بِآيَاتِ اللَّهِ وَلِقَائِهِ أُولَٰئِكَ يَئِسُوا مِنْ رَحْمَتِي وَأُولَٰئِكَ لَهُمْ عَذَابٌ أَلِيمٌ, نصف الحزب (40),الجزء العشرون
25,فَمَا كَانَ جَوَابَ قَوْمِهِ إِلَّا أَنْ قَالُوا اقْتُلُوهُ أَوْ حَرِّقُوهُ فَأَنْجَاهُ اللَّهُ مِنَ النَّارِ ۚ إِنَّ فِي ذَٰلِكَ لَآيَاتٍ لِقَوْمٍ يُؤْمِنُونَ, نصف الحزب (40),الجزء العشرون
26,وَقَالَ إِنَّمَا اتَّخَذْتُمْ مِنْ دُونِ اللَّهِ أَوْثَانًا مَوَدَّةَ بَيْنِكُمْ فِي الْحَيَاةِ الدُّنْيَا ۖ ثُمَّ يَوْمَ الْقِيَامَةِ يَكْفُرُ بَعْضُكُمْ بِبَعْضٍ وَيَلْعَنُ بَعْضُكُمْ بَعْضًا وَمَأْوَاكُمُ النَّارُ وَمَا لَكُمْ مِنْ نَاصِرِينَ , نصف الحزب (40),الجزء العشرون
27,۞ فَآمَنَ لَهُ لُوطٌ ۘ وَقَالَ إِنِّي مُهَاجِرٌ إِلَىٰ رَبِّي ۖ إِنَّهُ هُوَ الْعَزِيزُ الْحَكِيمُ , ثلاثة أرباع الحزب (40),الجزء العشرون
28,وَوَهَبْنَا لَهُ إِسْحَاقَ وَيَعْقُوبَ وَجَعَلْنَا فِي ذُرِّيَّتِهِ النُّبُوَّةَ وَالْكِتَابَ وَآتَيْنَاهُ أَجْرَهُ فِي الدُّنْيَا ۖ وَإِنَّهُ فِي الْآخِرَةِ لَمِنَ الصَّالِحِينَ, ثلاثة أرباع الحزب (40),الجزء العشرون
29,وَلُوطًا إِذْ قَالَ لِقَوْمِهِ إِنَّكُمْ لَتَأْتُونَ الْفَاحِشَةَ مَا سَبَقَكُمْ بِهَا مِنْ أَحَدٍ مِنَ الْعَالَمِينَ , ثلاثة أرباع الحزب (40),الجزء العشرون
30,أَئِنَّكُمْ لَتَأْتُونَ الرِّجَالَ وَتَقْطَعُونَ السَّبِيلَ وَتَأْتُونَ فِي نَادِيكُمُ الْمُنْكَرَ ۖ فَمَا كَانَ جَوَابَ قَوْمِهِ إِلَّا أَنْ قَالُوا ائْتِنَا بِعَذَابِ اللَّهِ إِنْ كُنْتَ مِنَ الصَّادِقِينَ , ثلاثة أرباع الحزب (40),الجزء العشرون
31,قَالَ رَبِّ انْصُرْنِي عَلَى الْقَوْمِ الْمُفْسِدِينَ , ثلاثة أرباع الحزب (40),الجزء العشرون
32,وَلَمَّا جَاءَتْ رُسُلُنَا إِبْرَاهِيمَ بِالْبُشْرَىٰ قَالُوا إِنَّا مُهْلِكُو أَهْلِ هَٰذِهِ الْقَرْيَةِ ۖ إِنَّ أَهْلَهَا كَانُوا ظَالِمِينَ , ثلاثة أرباع الحزب (40),الجزء العشرون
33,قَالَ إِنَّ فِيهَا لُوطًا ۚ قَالُوا نَحْنُ أَعْلَمُ بِمَنْ فِيهَا ۖ لَنُنَجِّيَنَّهُ وَأَهْلَهُ إِلَّا امْرَأَتَهُ كَانَتْ مِنَ الْغَابِرِينَ, ثلاثة أرباع الحزب (40),الجزء العشرون
34,وَلَمَّا أَنْ جَاءَتْ رُسُلُنَا لُوطًا سِيءَ بِهِمْ وَضَاقَ بِهِمْ ذَرْعًا وَقَالُوا لَا تَخَفْ وَلَا تَحْزَنْ ۖ إِنَّا مُنَجُّوكَ وَأَهْلَكَ إِلَّا امْرَأَتَكَ كَانَتْ مِنَ الْغَابِرِينَ, ثلاثة أرباع الحزب (40),الجزء العشرون
35,إِنَّا مُنْزِلُونَ عَلَىٰ أَهْلِ هَٰذِهِ الْقَرْيَةِ رِجْزًا مِنَ السَّمَاءِ بِمَا كَانُوا يَفْسُقُونَ , ثلاثة أرباع الحزب (40),الجزء العشرون
36,وَلَقَدْ تَرَكْنَا مِنْهَا آيَةً بَيِّنَةً لِقَوْمٍ يَعْقِلُونَ, ثلاثة أرباع الحزب (40),الجزء العشرون
37,وَإِلَىٰ مَدْيَنَ أَخَاهُمْ شُعَيْبًا فَقَالَ يَا قَوْمِ اعْبُدُوا اللَّهَ وَارْجُوا الْيَوْمَ الْآخِرَ وَلَا تَعْثَوْا فِي الْأَرْضِ مُفْسِدِينَ, ثلاثة أرباع الحزب (40),الجزء العشرون
38,فَكَذَّبُوهُ فَأَخَذَتْهُمُ الرَّجْفَةُ فَأَصْبَحُوا فِي دَارِهِمْ جَاثِمِينَ , ثلاثة أرباع الحزب (40),الجزء العشرون
39,وَعَادًا وَثَمُودَ وَقَدْ تَبَيَّنَ لَكُمْ مِنْ مَسَاكِنِهِمْ ۖ وَزَيَّنَ لَهُمُ الشَّيْطَانُ أَعْمَالَهُمْ فَصَدَّهُمْ عَنِ السَّبِيلِ وَكَانُوا مُسْتَبْصِرِينَ , ثلاثة أرباع الحزب (40),الجزء العشرون
40,وَقَارُونَ وَفِرْعَوْنَ وَهَامَانَ ۖ وَلَقَدْ جَاءَهُمْ مُوسَىٰ بِالْبَيِّنَاتِ فَاسْتَكْبَرُوا فِي الْأَرْضِ وَمَا كَانُوا سَابِقِينَ , ثلاثة أرباع الحزب (40),الجزء العشرون
41,فَكُلًّا أَخَذْنَا بِذَنْبِهِ ۖ فَمِنْهُمْ مَنْ أَرْسَلْنَا عَلَيْهِ حَاصِبًا وَمِنْهُمْ مَنْ أَخَذَتْهُ الصَّيْحَةُ وَمِنْهُمْ مَنْ خَسَفْنَا بِهِ الْأَرْضَ وَمِنْهُمْ مَنْ أَغْرَقْنَا ۚ وَمَا كَانَ اللَّهُ لِيَظْلِمَهُمْ وَلَٰكِنْ كَانُوا أَنْفُسَهُمْ يَظْلِمُونَ, ثلاثة أرباع الحزب (40),الجزء العشرون
42,مَثَلُ الَّذِينَ اتَّخَذُوا مِنْ دُونِ اللَّهِ أَوْلِيَاءَ كَمَثَلِ الْعَنْكَبُوتِ اتَّخَذَتْ بَيْتًا ۖ وَإِنَّ أَوْهَنَ الْبُيُوتِ لَبَيْتُ الْعَنْكَبُوتِ ۖ لَوْ كَانُوا يَعْلَمُونَ , ثلاثة أرباع الحزب (40),الجزء العشرون
43,إِنَّ اللَّهَ يَعْلَمُ مَا يَدْعُونَ مِنْ دُونِهِ مِنْ شَيْءٍ ۚ وَهُوَ الْعَزِيزُ الْحَكِيمُ , ثلاثة أرباع الحزب (40),الجزء العشرون
44,وَتِلْكَ الْأَمْثَالُ نَضْرِبُهَا لِلنَّاسِ ۖ وَمَا يَعْقِلُهَا إِلَّا الْعَالِمُونَ, ثلاثة أرباع الحزب (40),الجزء العشرون
45,خَلَقَ اللَّهُ السَّمَاوَاتِ وَالْأَرْضَ بِالْحَقِّ ۚ إِنَّ فِي ذَٰلِكَ لَآيَةً لِلْمُؤْمِنِينَ , ثلاثة أرباع الحزب (40),الجزء العشرون
46,اتْلُ مَا أُوحِيَ إِلَيْكَ مِنَ الْكِتَابِ وَأَقِمِ الصَّلَاةَ ۖ إِنَّ الصَّلَاةَ تَنْهَىٰ عَنِ الْفَحْشَاءِ وَالْمُنْكَرِ ۗ وَلَذِكْرُ اللَّهِ أَكْبَرُ ۗ وَاللَّهُ يَعْلَمُ مَا تَصْنَعُونَ , ثلاثة أرباع الحزب (40),الجزء العشرون
47,۞ وَلَا تُجَادِلُوا أَهْلَ الْكِتَابِ إِلَّا بِالَّتِي هِيَ أَحْسَنُ إِلَّا الَّذِينَ ظَلَمُوا مِنْهُمْ ۖ وَقُولُوا آمَنَّا بِالَّذِي أُنْزِلَ إِلَيْنَا وَأُنْزِلَ إِلَيْكُمْ وَإِلَٰهُنَا وَإِلَٰهُكُمْ وَاحِدٌ وَنَحْنُ لَهُ مُسْلِمُونَ , الحزب (41),الجزء الحادي والعشرون
48,وَكَذَٰلِكَ أَنْزَلْنَا إِلَيْكَ الْكِتَابَ ۚ فَالَّذِينَ آتَيْنَاهُمُ الْكِتَابَ يُؤْمِنُونَ بِهِ ۖ وَمِنْ هَٰؤُلَاءِ مَنْ يُؤْمِنُ بِهِ ۚ وَمَا يَجْحَدُ بِآيَاتِنَا إِلَّا الْكَافِرُونَ , الحزب (41),الجزء الحادي والعشرون
49,وَمَا كُنْتَ تَتْلُو مِنْ قَبْلِهِ مِنْ كِتَابٍ وَلَا تَخُطُّهُ بِيَمِينِكَ ۖ إِذًا لَارْتَابَ الْمُبْطِلُونَ, الحزب (41),الجزء الحادي والعشرون
50,بَلْ هُوَ آيَاتٌ بَيِّنَاتٌ فِي صُدُورِ الَّذِينَ أُوتُوا الْعِلْمَ ۚ وَمَا يَجْحَدُ بِآيَاتِنَا إِلَّا الظَّالِمُونَ, الحزب (41),الجزء الحادي والعشرون
51,وَقَالُوا لَوْلَا أُنْزِلَ عَلَيْهِ آيَاتٌ مِنْ رَبِّهِ ۖ قُلْ إِنَّمَا الْآيَاتُ عِنْدَ اللَّهِ وَإِنَّمَا أَنَا نَذِيرٌ مُبِينٌ , الحزب (41),الجزء الحادي والعشرون
52,أَوَلَمْ يَكْفِهِمْ أَنَّا أَنْزَلْنَا عَلَيْكَ الْكِتَابَ يُتْلَىٰ عَلَيْهِمْ ۚ إِنَّ فِي ذَٰلِكَ لَرَحْمَةً وَذِكْرَىٰ لِقَوْمٍ يُؤْمِنُونَ , الحزب (41),الجزء الحادي والعشرون
53,قُلْ كَفَىٰ بِاللَّهِ بَيْنِي وَبَيْنَكُمْ شَهِيدًا ۖ يَعْلَمُ مَا فِي السَّمَاوَاتِ وَالْأَرْضِ ۗ وَالَّذِينَ آمَنُوا بِالْبَاطِلِ وَكَفَرُوا بِاللَّهِ أُولَٰئِكَ هُمُ الْخَاسِرُونَ , الحزب (41),الجزء الحادي والعشرون
54,وَيَسْتَعْجِلُونَكَ بِالْعَذَابِ ۚ وَلَوْلَا أَجَلٌ مُسَمًّى لَجَاءَهُمُ الْعَذَابُ وَلَيَأْتِيَنَّهُمْ بَغْتَةً وَهُمْ لَا يَشْعُرُونَ , الحزب (41),الجزء الحادي والعشرون
55,يَسْتَعْجِلُونَكَ بِالْعَذَابِ وَإِنَّ جَهَنَّمَ لَمُحِيطَةٌ بِالْكَافِرِينَ, الحزب (41),الجزء الحادي والعشرون
56,يَوْمَ يَغْشَاهُمُ الْعَذَابُ مِنْ فَوْقِهِمْ وَمِنْ تَحْتِ أَرْجُلِهِمْ وَيَقُولُ ذُوقُوا مَا كُنْتُمْ تَعْمَلُونَ, الحزب (41),الجزء الحادي والعشرون
57,يَا عِبَادِيَ الَّذِينَ آمَنُوا إِنَّ أَرْضِي وَاسِعَةٌ فَإِيَّايَ فَاعْبُدُونِ , الحزب (41),الجزء الحادي والعشرون
58,كُلُّ نَفْسٍ ذَائِقَةُ الْمَوْتِ ۖ ثُمَّ إِلَيْنَا تُرْجَعُونَ , الحزب (41),الجزء الحادي والعشرون
59,وَالَّذِينَ آمَنُوا وَعَمِلُوا الصَّالِحَاتِ لَنُبَوِّئَنَّهُمْ مِنَ الْجَنَّةِ غُرَفًا تَجْرِي مِنْ تَحْتِهَا الْأَنْهَارُ خَالِدِينَ فِيهَا ۚ نِعْمَ أَجْرُ الْعَامِلِينَ, الحزب (41),الجزء الحادي والعشرون
60,الَّذِينَ صَبَرُوا وَعَلَىٰ رَبِّهِمْ يَتَوَكَّلُونَ , الحزب (41),الجزء الحادي والعشرون
61,وَكَأَيِّنْ مِنْ دَابَّةٍ لَا تَحْمِلُ رِزْقَهَا اللَّهُ يَرْزُقُهَا وَإِيَّاكُمْ ۚ وَهُوَ السَّمِيعُ الْعَلِيمُ , الحزب (41),الجزء الحادي والعشرون
62,وَلَئِنْ سَأَلْتَهُمْ مَنْ خَلَقَ السَّمَاوَاتِ وَالْأَرْضَ وَسَخَّرَ الشَّمْسَ وَالْقَمَرَ لَيَقُولُنَّ اللَّهُ ۖ فَأَنَّىٰ يُؤْفَكُونَ , الحزب (41),الجزء الحادي والعشرون
63,اللَّهُ يَبْسُطُ الرِّزْقَ لِمَنْ يَشَاءُ مِنْ عِبَادِهِ وَيَقْدِرُ لَهُ ۚ إِنَّ اللَّهَ بِكُلِّ شَيْءٍ عَلِيمٌ , الحزب (41),الجزء الحادي والعشرون
64,وَلَئِنْ سَأَلْتَهُمْ مَنْ نَزَّلَ مِنَ السَّمَاءِ مَاءً فَأَحْيَا بِهِ الْأَرْضَ مِنْ بَعْدِ مَوْتِهَا لَيَقُولُنَّ اللَّهُ ۚ قُلِ الْحَمْدُ لِلَّهِ ۚ بَلْ أَكْثَرُهُمْ لَا يَعْقِلُونَ, الحزب (41),الجزء الحادي والعشرون
65,وَمَا هَٰذِهِ الْحَيَاةُ الدُّنْيَا إِلَّا لَهْوٌ وَلَعِبٌ ۚ وَإِنَّ الدَّارَ الْآخِرَةَ لَهِيَ الْحَيَوَانُ ۚ لَوْ كَانُوا يَعْلَمُونَ, الحزب (41),الجزء الحادي والعشرون
66,فَإِذَا رَكِبُوا فِي الْفُلْكِ دَعَوُا اللَّهَ مُخْلِصِينَ لَهُ الدِّينَ فَلَمَّا نَجَّاهُمْ إِلَى الْبَرِّ إِذَا هُمْ يُشْرِكُونَ, الحزب (41),الجزء الحادي والعشرون
67,لِيَكْفُرُوا بِمَا آتَيْنَاهُمْ وَلِيَتَمَتَّعُوا ۖ فَسَوْفَ يَعْلَمُونَ , الحزب (41),الجزء الحادي والعشرون
68,أَوَلَمْ يَرَوْا أَنَّا جَعَلْنَا حَرَمًا آمِنًا وَيُتَخَطَّفُ النَّاسُ مِنْ حَوْلِهِمْ ۚ أَفَبِالْبَاطِلِ يُؤْمِنُونَ وَبِنِعْمَةِ اللَّهِ يَكْفُرُونَ , الحزب (41),الجزء الحادي والعشرون
69,وَمَنْ أَظْلَمُ مِمَّنِ افْتَرَىٰ عَلَى اللَّهِ كَذِبًا أَوْ كَذَّبَ بِالْحَقِّ لَمَّا جَاءَهُ ۚ أَلَيْسَ فِي جَهَنَّمَ مَثْوًى لِلْكَافِرِينَ , الحزب (41),الجزء الحادي والعشرون
70,وَالَّذِينَ جَاهَدُوا فِينَا لَنَهْدِيَنَّهُمْ سُبُلَنَا ۚ وَإِنَّ اللَّهَ لَمَعَ الْمُحْسِنِينَ, الحزب (41),الجزء الحادي والعشرون
