﻿1,بِسْمِ اللَّهِ الرَّحْمَنِ الرَّحِيم, ثلاثة أرباع الحزب (5),الجزء الثالث
2,الم, ثلاثة أرباع الحزب (5),الجزء الثالث
3,اللَّهُ لَا إِلَٰهَ إِلَّا هُوَ الْحَيُّ الْقَيُّومُ, ثلاثة أرباع الحزب (5),الجزء الثالث
4,نَزَّلَ عَلَيْكَ الْكِتَابَ بِالْحَقِّ مُصَدِّقًا لِمَا بَيْنَ يَدَيْهِ وَأَنْزَلَ التَّوْرَاةَ وَالْإِنْجِيلَ , ثلاثة أرباع الحزب (5),الجزء الثالث
5,مِنْ قَبْلُ هُدًى لِلنَّاسِ وَأَنْزَلَ الْفُرْقَانَ ۗ إِنَّ الَّذِينَ كَفَرُوا بِآيَاتِ اللَّهِ لَهُمْ عَذَابٌ شَدِيدٌ ۗ وَاللَّهُ عَزِيزٌ ذُو انْتِقَامٍ, ثلاثة أرباع الحزب (5),الجزء الثالث
6,إِنَّ اللَّهَ لَا يَخْفَىٰ عَلَيْهِ شَيْءٌ فِي الْأَرْضِ وَلَا فِي السَّمَاءِ, ثلاثة أرباع الحزب (5),الجزء الثالث
7,هُوَ الَّذِي يُصَوِّرُكُمْ فِي الْأَرْحَامِ كَيْفَ يَشَاءُ ۚ لَا إِلَٰهَ إِلَّا هُوَ الْعَزِيزُ الْحَكِيمُ , ثلاثة أرباع الحزب (5),الجزء الثالث
8,هُوَ الَّذِي أَنْزَلَ عَلَيْكَ الْكِتَابَ مِنْهُ آيَاتٌ مُحْكَمَاتٌ هُنَّ أُمُّ الْكِتَابِ وَأُخَرُ مُتَشَابِهَاتٌ ۖ فَأَمَّا الَّذِينَ فِي قُلُوبِهِمْ زَيْغٌ فَيَتَّبِعُونَ مَا تَشَابَهَ مِنْهُ ابْتِغَاءَ الْفِتْنَةِ وَابْتِغَاءَ تَأْوِيلِهِ ۗ وَمَا يَعْلَمُ تَأْوِيلَهُ إِلَّا اللَّهُ ۗ وَالرَّاسِخُونَ فِي الْعِلْمِ يَقُولُونَ آمَنَّا بِهِ كُلٌّ مِنْ عِنْدِ رَبِّنَا ۗ وَمَا يَذَّكَّرُ إِلَّا أُولُو الْأَلْبَابِ, ثلاثة أرباع الحزب (5),الجزء الثالث
9,رَبَّنَا لَا تُزِغْ قُلُوبَنَا بَعْدَ إِذْ هَدَيْتَنَا وَهَبْ لَنَا مِنْ لَدُنْكَ رَحْمَةً ۚ إِنَّكَ أَنْتَ الْوَهَّابُ, ثلاثة أرباع الحزب (5),الجزء الثالث
10,رَبَّنَا إِنَّكَ جَامِعُ النَّاسِ لِيَوْمٍ لَا رَيْبَ فِيهِ ۚ إِنَّ اللَّهَ لَا يُخْلِفُ الْمِيعَادَ, ثلاثة أرباع الحزب (5),الجزء الثالث
11,إِنَّ الَّذِينَ كَفَرُوا لَنْ تُغْنِيَ عَنْهُمْ أَمْوَالُهُمْ وَلَا أَوْلَادُهُمْ مِنَ اللَّهِ شَيْئًا ۖ وَأُولَٰئِكَ هُمْ وَقُودُ النَّارِ, ثلاثة أرباع الحزب (5),الجزء الثالث
12,كَدَأْبِ آلِ فِرْعَوْنَ وَالَّذِينَ مِنْ قَبْلِهِمْ ۚ كَذَّبُوا بِآيَاتِنَا فَأَخَذَهُمُ اللَّهُ بِذُنُوبِهِمْ ۗ وَاللَّهُ شَدِيدُ الْعِقَابِ, ثلاثة أرباع الحزب (5),الجزء الثالث
13,قُلْ لِلَّذِينَ كَفَرُوا سَتُغْلَبُونَ وَتُحْشَرُونَ إِلَىٰ جَهَنَّمَ ۚ وَبِئْسَ الْمِهَادُ , ثلاثة أرباع الحزب (5),الجزء الثالث
14,قَدْ كَانَ لَكُمْ آيَةٌ فِي فِئَتَيْنِ الْتَقَتَا ۖ فِئَةٌ تُقَاتِلُ فِي سَبِيلِ اللَّهِ وَأُخْرَىٰ كَافِرَةٌ يَرَوْنَهُمْ مِثْلَيْهِمْ رَأْيَ الْعَيْنِ ۚ وَاللَّهُ يُؤَيِّدُ بِنَصْرِهِ مَنْ يَشَاءُ ۗ إِنَّ فِي ذَٰلِكَ لَعِبْرَةً لِأُولِي الْأَبْصَارِ, ثلاثة أرباع الحزب (5),الجزء الثالث
15,زُيِّنَ لِلنَّاسِ حُبُّ الشَّهَوَاتِ مِنَ النِّسَاءِ وَالْبَنِينَ وَالْقَنَاطِيرِ الْمُقَنْطَرَةِ مِنَ الذَّهَبِ وَالْفِضَّةِ وَالْخَيْلِ الْمُسَوَّمَةِ وَالْأَنْعَامِ وَالْحَرْثِ ۗ ذَٰلِكَ مَتَاعُ الْحَيَاةِ الدُّنْيَا ۖ وَاللَّهُ عِنْدَهُ حُسْنُ الْمَآبِ, ثلاثة أرباع الحزب (5),الجزء الثالث
16,۞ قُلْ أَؤُنَبِّئُكُمْ بِخَيْرٍ مِنْ ذَٰلِكُمْ ۚ لِلَّذِينَ اتَّقَوْا عِنْدَ رَبِّهِمْ جَنَّاتٌ تَجْرِي مِنْ تَحْتِهَا الْأَنْهَارُ خَالِدِينَ فِيهَا وَأَزْوَاجٌ مُطَهَّرَةٌ وَرِضْوَانٌ مِنَ اللَّهِ ۗ وَاللَّهُ بَصِيرٌ بِالْعِبَادِ , الحزب (6),الجزء الثالث
17,الَّذِينَ يَقُولُونَ رَبَّنَا إِنَّنَا آمَنَّا فَاغْفِرْ لَنَا ذُنُوبَنَا وَقِنَا عَذَابَ النَّارِ , الحزب (6),الجزء الثالث
18,الصَّابِرِينَ وَالصَّادِقِينَ وَالْقَانِتِينَ وَالْمُنْفِقِينَ وَالْمُسْتَغْفِرِينَ بِالْأَسْحَارِ , الحزب (6),الجزء الثالث
19,شَهِدَ اللَّهُ أَنَّهُ لَا إِلَٰهَ إِلَّا هُوَ وَالْمَلَائِكَةُ وَأُولُو الْعِلْمِ قَائِمًا بِالْقِسْطِ ۚ لَا إِلَٰهَ إِلَّا هُوَ الْعَزِيزُ الْحَكِيمُ, الحزب (6),الجزء الثالث
20,إِنَّ الدِّينَ عِنْدَ اللَّهِ الْإِسْلَامُ ۗ وَمَا اخْتَلَفَ الَّذِينَ أُوتُوا الْكِتَابَ إِلَّا مِنْ بَعْدِ مَا جَاءَهُمُ الْعِلْمُ بَغْيًا بَيْنَهُمْ ۗ وَمَنْ يَكْفُرْ بِآيَاتِ اللَّهِ فَإِنَّ اللَّهَ سَرِيعُ الْحِسَابِ , الحزب (6),الجزء الثالث
21,فَإِنْ حَاجُّوكَ فَقُلْ أَسْلَمْتُ وَجْهِيَ لِلَّهِ وَمَنِ اتَّبَعَنِ ۗ وَقُلْ لِلَّذِينَ أُوتُوا الْكِتَابَ وَالْأُمِّيِّينَ أَأَسْلَمْتُمْ ۚ فَإِنْ أَسْلَمُوا فَقَدِ اهْتَدَوْا ۖ وَإِنْ تَوَلَّوْا فَإِنَّمَا عَلَيْكَ الْبَلَاغُ ۗ وَاللَّهُ بَصِيرٌ بِالْعِبَادِ , الحزب (6),الجزء الثالث
22,إِنَّ الَّذِينَ يَكْفُرُونَ بِآيَاتِ اللَّهِ وَيَقْتُلُونَ النَّبِيِّينَ بِغَيْرِ حَقٍّ وَيَقْتُلُونَ الَّذِينَ يَأْمُرُونَ بِالْقِسْطِ مِنَ النَّاسِ فَبَشِّرْهُمْ بِعَذَابٍ أَلِيمٍ , الحزب (6),الجزء الثالث
23,أُولَٰئِكَ الَّذِينَ حَبِطَتْ أَعْمَالُهُمْ فِي الدُّنْيَا وَالْآخِرَةِ وَمَا لَهُمْ مِنْ نَاصِرِينَ , الحزب (6),الجزء الثالث
24,أَلَمْ تَرَ إِلَى الَّذِينَ أُوتُوا نَصِيبًا مِنَ الْكِتَابِ يُدْعَوْنَ إِلَىٰ كِتَابِ اللَّهِ لِيَحْكُمَ بَيْنَهُمْ ثُمَّ يَتَوَلَّىٰ فَرِيقٌ مِنْهُمْ وَهُمْ مُعْرِضُونَ, الحزب (6),الجزء الثالث
25,ذَٰلِكَ بِأَنَّهُمْ قَالُوا لَنْ تَمَسَّنَا النَّارُ إِلَّا أَيَّامًا مَعْدُودَاتٍ ۖ وَغَرَّهُمْ فِي دِينِهِمْ مَا كَانُوا يَفْتَرُونَ , الحزب (6),الجزء الثالث
26,فَكَيْفَ إِذَا جَمَعْنَاهُمْ لِيَوْمٍ لَا رَيْبَ فِيهِ وَوُفِّيَتْ كُلُّ نَفْسٍ مَا كَسَبَتْ وَهُمْ لَا يُظْلَمُونَ, الحزب (6),الجزء الثالث
27,قُلِ اللَّهُمَّ مَالِكَ الْمُلْكِ تُؤْتِي الْمُلْكَ مَنْ تَشَاءُ وَتَنْزِعُ الْمُلْكَ مِمَّنْ تَشَاءُ وَتُعِزُّ مَنْ تَشَاءُ وَتُذِلُّ مَنْ تَشَاءُ ۖ بِيَدِكَ الْخَيْرُ ۖ إِنَّكَ عَلَىٰ كُلِّ شَيْءٍ قَدِيرٌ , الحزب (6),الجزء الثالث
28,تُولِجُ اللَّيْلَ فِي النَّهَارِ وَتُولِجُ النَّهَارَ فِي اللَّيْلِ ۖ وَتُخْرِجُ الْحَيَّ مِنَ الْمَيِّتِ وَتُخْرِجُ الْمَيِّتَ مِنَ الْحَيِّ ۖ وَتَرْزُقُ مَنْ تَشَاءُ بِغَيْرِ حِسَابٍ, الحزب (6),الجزء الثالث
29,لَا يَتَّخِذِ الْمُؤْمِنُونَ الْكَافِرِينَ أَوْلِيَاءَ مِنْ دُونِ الْمُؤْمِنِينَ ۖ وَمَنْ يَفْعَلْ ذَٰلِكَ فَلَيْسَ مِنَ اللَّهِ فِي شَيْءٍ إِلَّا أَنْ تَتَّقُوا مِنْهُمْ تُقَاةً ۗ وَيُحَذِّرُكُمُ اللَّهُ نَفْسَهُ ۗ وَإِلَى اللَّهِ الْمَصِيرُ , الحزب (6),الجزء الثالث
30,قُلْ إِنْ تُخْفُوا مَا فِي صُدُورِكُمْ أَوْ تُبْدُوهُ يَعْلَمْهُ اللَّهُ ۗ وَيَعْلَمُ مَا فِي السَّمَاوَاتِ وَمَا فِي الْأَرْضِ ۗ وَاللَّهُ عَلَىٰ كُلِّ شَيْءٍ قَدِيرٌ , الحزب (6),الجزء الثالث
31,يَوْمَ تَجِدُ كُلُّ نَفْسٍ مَا عَمِلَتْ مِنْ خَيْرٍ مُحْضَرًا وَمَا عَمِلَتْ مِنْ سُوءٍ تَوَدُّ لَوْ أَنَّ بَيْنَهَا وَبَيْنَهُ أَمَدًا بَعِيدًا ۗ وَيُحَذِّرُكُمُ اللَّهُ نَفْسَهُ ۗ وَاللَّهُ رَءُوفٌ بِالْعِبَادِ, الحزب (6),الجزء الثالث
32,قُلْ إِنْ كُنْتُمْ تُحِبُّونَ اللَّهَ فَاتَّبِعُونِي يُحْبِبْكُمُ اللَّهُ وَيَغْفِرْ لَكُمْ ذُنُوبَكُمْ ۗ وَاللَّهُ غَفُورٌ رَحِيمٌ, الحزب (6),الجزء الثالث
33,قُلْ أَطِيعُوا اللَّهَ وَالرَّسُولَ ۖ فَإِنْ تَوَلَّوْا فَإِنَّ اللَّهَ لَا يُحِبُّ الْكَافِرِينَ, الحزب (6),الجزء الثالث
34,۞ إِنَّ اللَّهَ اصْطَفَىٰ آدَمَ وَنُوحًا وَآلَ إِبْرَاهِيمَ وَآلَ عِمْرَانَ عَلَى الْعَالَمِينَ , ربع الحزب (6),الجزء الثالث
35,ذُرِّيَّةً بَعْضُهَا مِنْ بَعْضٍ ۗ وَاللَّهُ سَمِيعٌ عَلِيمٌ , ربع الحزب (6),الجزء الثالث
36,إِذْ قَالَتِ امْرَأَتُ عِمْرَانَ رَبِّ إِنِّي نَذَرْتُ لَكَ مَا فِي بَطْنِي مُحَرَّرًا فَتَقَبَّلْ مِنِّي ۖ إِنَّكَ أَنْتَ السَّمِيعُ الْعَلِيمُ , ربع الحزب (6),الجزء الثالث
37,فَلَمَّا وَضَعَتْهَا قَالَتْ رَبِّ إِنِّي وَضَعْتُهَا أُنْثَىٰ وَاللَّهُ أَعْلَمُ بِمَا وَضَعَتْ وَلَيْسَ الذَّكَرُ كَالْأُنْثَىٰ ۖ وَإِنِّي سَمَّيْتُهَا مَرْيَمَ وَإِنِّي أُعِيذُهَا بِكَ وَذُرِّيَّتَهَا مِنَ الشَّيْطَانِ الرَّجِيمِ , ربع الحزب (6),الجزء الثالث
38,فَتَقَبَّلَهَا رَبُّهَا بِقَبُولٍ حَسَنٍ وَأَنْبَتَهَا نَبَاتًا حَسَنًا وَكَفَّلَهَا زَكَرِيَّا ۖ كُلَّمَا دَخَلَ عَلَيْهَا زَكَرِيَّا الْمِحْرَابَ وَجَدَ عِنْدَهَا رِزْقًا ۖ قَالَ يَا مَرْيَمُ أَنَّىٰ لَكِ هَٰذَا ۖ قَالَتْ هُوَ مِنْ عِنْدِ اللَّهِ ۖ إِنَّ اللَّهَ يَرْزُقُ مَنْ يَشَاءُ بِغَيْرِ حِسَابٍ , ربع الحزب (6),الجزء الثالث
39,هُنَالِكَ دَعَا زَكَرِيَّا رَبَّهُ ۖ قَالَ رَبِّ هَبْ لِي مِنْ لَدُنْكَ ذُرِّيَّةً طَيِّبَةً ۖ إِنَّكَ سَمِيعُ الدُّعَاءِ , ربع الحزب (6),الجزء الثالث
40,فَنَادَتْهُ الْمَلَائِكَةُ وَهُوَ قَائِمٌ يُصَلِّي فِي الْمِحْرَابِ أَنَّ اللَّهَ يُبَشِّرُكَ بِيَحْيَىٰ مُصَدِّقًا بِكَلِمَةٍ مِنَ اللَّهِ وَسَيِّدًا وَحَصُورًا وَنَبِيًّا مِنَ الصَّالِحِينَ, ربع الحزب (6),الجزء الثالث
41,قَالَ رَبِّ أَنَّىٰ يَكُونُ لِي غُلَامٌ وَقَدْ بَلَغَنِيَ الْكِبَرُ وَامْرَأَتِي عَاقِرٌ ۖ قَالَ كَذَٰلِكَ اللَّهُ يَفْعَلُ مَا يَشَاءُ , ربع الحزب (6),الجزء الثالث
42,قَالَ رَبِّ اجْعَلْ لِي آيَةً ۖ قَالَ آيَتُكَ أَلَّا تُكَلِّمَ النَّاسَ ثَلَاثَةَ أَيَّامٍ إِلَّا رَمْزًا ۗ وَاذْكُرْ رَبَّكَ كَثِيرًا وَسَبِّحْ بِالْعَشِيِّ وَالْإِبْكَارِ, ربع الحزب (6),الجزء الثالث
43,وَإِذْ قَالَتِ الْمَلَائِكَةُ يَا مَرْيَمُ إِنَّ اللَّهَ اصْطَفَاكِ وَطَهَّرَكِ وَاصْطَفَاكِ عَلَىٰ نِسَاءِ الْعَالَمِينَ , ربع الحزب (6),الجزء الثالث
44,يَا مَرْيَمُ اقْنُتِي لِرَبِّكِ وَاسْجُدِي وَارْكَعِي مَعَ الرَّاكِعِينَ , ربع الحزب (6),الجزء الثالث
45,ذَٰلِكَ مِنْ أَنْبَاءِ الْغَيْبِ نُوحِيهِ إِلَيْكَ ۚ وَمَا كُنْتَ لَدَيْهِمْ إِذْ يُلْقُونَ أَقْلَامَهُمْ أَيُّهُمْ يَكْفُلُ مَرْيَمَ وَمَا كُنْتَ لَدَيْهِمْ إِذْ يَخْتَصِمُونَ , ربع الحزب (6),الجزء الثالث
46,إِذْ قَالَتِ الْمَلَائِكَةُ يَا مَرْيَمُ إِنَّ اللَّهَ يُبَشِّرُكِ بِكَلِمَةٍ مِنْهُ اسْمُهُ الْمَسِيحُ عِيسَى ابْنُ مَرْيَمَ وَجِيهًا فِي الدُّنْيَا وَالْآخِرَةِ وَمِنَ الْمُقَرَّبِينَ , ربع الحزب (6),الجزء الثالث
47,وَيُكَلِّمُ النَّاسَ فِي الْمَهْدِ وَكَهْلًا وَمِنَ الصَّالِحِينَ , ربع الحزب (6),الجزء الثالث
48,قَالَتْ رَبِّ أَنَّىٰ يَكُونُ لِي وَلَدٌ وَلَمْ يَمْسَسْنِي بَشَرٌ ۖ قَالَ كَذَٰلِكِ اللَّهُ يَخْلُقُ مَا يَشَاءُ ۚ إِذَا قَضَىٰ أَمْرًا فَإِنَّمَا يَقُولُ لَهُ كُنْ فَيَكُونُ, ربع الحزب (6),الجزء الثالث
49,وَيُعَلِّمُهُ الْكِتَابَ وَالْحِكْمَةَ وَالتَّوْرَاةَ وَالْإِنْجِيلَ , ربع الحزب (6),الجزء الثالث
50,وَرَسُولًا إِلَىٰ بَنِي إِسْرَائِيلَ أَنِّي قَدْ جِئْتُكُمْ بِآيَةٍ مِنْ رَبِّكُمْ ۖ أَنِّي أَخْلُقُ لَكُمْ مِنَ الطِّينِ كَهَيْئَةِ الطَّيْرِ فَأَنْفُخُ فِيهِ فَيَكُونُ طَيْرًا بِإِذْنِ اللَّهِ ۖ وَأُبْرِئُ الْأَكْمَهَ وَالْأَبْرَصَ وَأُحْيِي الْمَوْتَىٰ بِإِذْنِ اللَّهِ ۖ وَأُنَبِّئُكُمْ بِمَا تَأْكُلُونَ وَمَا تَدَّخِرُونَ فِي بُيُوتِكُمْ ۚ إِنَّ فِي ذَٰلِكَ لَآيَةً لَكُمْ إِنْ كُنْتُمْ مُؤْمِنِينَ, ربع الحزب (6),الجزء الثالث
51,وَمُصَدِّقًا لِمَا بَيْنَ يَدَيَّ مِنَ التَّوْرَاةِ وَلِأُحِلَّ لَكُمْ بَعْضَ الَّذِي حُرِّمَ عَلَيْكُمْ ۚ وَجِئْتُكُمْ بِآيَةٍ مِنْ رَبِّكُمْ فَاتَّقُوا اللَّهَ وَأَطِيعُونِ, ربع الحزب (6),الجزء الثالث
52,إِنَّ اللَّهَ رَبِّي وَرَبُّكُمْ فَاعْبُدُوهُ ۗ هَٰذَا صِرَاطٌ مُسْتَقِيمٌ , ربع الحزب (6),الجزء الثالث
53,۞ فَلَمَّا أَحَسَّ عِيسَىٰ مِنْهُمُ الْكُفْرَ قَالَ مَنْ أَنْصَارِي إِلَى اللَّهِ ۖ قَالَ الْحَوَارِيُّونَ نَحْنُ أَنْصَارُ اللَّهِ آمَنَّا بِاللَّهِ وَاشْهَدْ بِأَنَّا مُسْلِمُونَ , نصف الحزب (6),الجزء الثالث
54,رَبَّنَا آمَنَّا بِمَا أَنْزَلْتَ وَاتَّبَعْنَا الرَّسُولَ فَاكْتُبْنَا مَعَ الشَّاهِدِينَ, نصف الحزب (6),الجزء الثالث
55,وَمَكَرُوا وَمَكَرَ اللَّهُ ۖ وَاللَّهُ خَيْرُ الْمَاكِرِينَ , نصف الحزب (6),الجزء الثالث
56,إِذْ قَالَ اللَّهُ يَا عِيسَىٰ إِنِّي مُتَوَفِّيكَ وَرَافِعُكَ إِلَيَّ وَمُطَهِّرُكَ مِنَ الَّذِينَ كَفَرُوا وَجَاعِلُ الَّذِينَ اتَّبَعُوكَ فَوْقَ الَّذِينَ كَفَرُوا إِلَىٰ يَوْمِ الْقِيَامَةِ ۖ ثُمَّ إِلَيَّ مَرْجِعُكُمْ فَأَحْكُمُ بَيْنَكُمْ فِيمَا كُنْتُمْ فِيهِ تَخْتَلِفُونَ , نصف الحزب (6),الجزء الثالث
57,فَأَمَّا الَّذِينَ كَفَرُوا فَأُعَذِّبُهُمْ عَذَابًا شَدِيدًا فِي الدُّنْيَا وَالْآخِرَةِ وَمَا لَهُمْ مِنْ نَاصِرِينَ , نصف الحزب (6),الجزء الثالث
58,وَأَمَّا الَّذِينَ آمَنُوا وَعَمِلُوا الصَّالِحَاتِ فَيُوَفِّيهِمْ أُجُورَهُمْ ۗ وَاللَّهُ لَا يُحِبُّ الظَّالِمِينَ , نصف الحزب (6),الجزء الثالث
59,ذَٰلِكَ نَتْلُوهُ عَلَيْكَ مِنَ الْآيَاتِ وَالذِّكْرِ الْحَكِيمِ , نصف الحزب (6),الجزء الثالث
60,إِنَّ مَثَلَ عِيسَىٰ عِنْدَ اللَّهِ كَمَثَلِ آدَمَ ۖ خَلَقَهُ مِنْ تُرَابٍ ثُمَّ قَالَ لَهُ كُنْ فَيَكُونُ , نصف الحزب (6),الجزء الثالث
61,الْحَقُّ مِنْ رَبِّكَ فَلَا تَكُنْ مِنَ الْمُمْتَرِينَ, نصف الحزب (6),الجزء الثالث
62,فَمَنْ حَاجَّكَ فِيهِ مِنْ بَعْدِ مَا جَاءَكَ مِنَ الْعِلْمِ فَقُلْ تَعَالَوْا نَدْعُ أَبْنَاءَنَا وَأَبْنَاءَكُمْ وَنِسَاءَنَا وَنِسَاءَكُمْ وَأَنْفُسَنَا وَأَنْفُسَكُمْ ثُمَّ نَبْتَهِلْ فَنَجْعَلْ لَعْنَتَ اللَّهِ عَلَى الْكَاذِبِينَ, نصف الحزب (6),الجزء الثالث
63,إِنَّ هَٰذَا لَهُوَ الْقَصَصُ الْحَقُّ ۚ وَمَا مِنْ إِلَٰهٍ إِلَّا اللَّهُ ۚ وَإِنَّ اللَّهَ لَهُوَ الْعَزِيزُ الْحَكِيمُ , نصف الحزب (6),الجزء الثالث
64,فَإِنْ تَوَلَّوْا فَإِنَّ اللَّهَ عَلِيمٌ بِالْمُفْسِدِينَ , نصف الحزب (6),الجزء الثالث
65,قُلْ يَا أَهْلَ الْكِتَابِ تَعَالَوْا إِلَىٰ كَلِمَةٍ سَوَاءٍ بَيْنَنَا وَبَيْنَكُمْ أَلَّا نَعْبُدَ إِلَّا اللَّهَ وَلَا نُشْرِكَ بِهِ شَيْئًا وَلَا يَتَّخِذَ بَعْضُنَا بَعْضًا أَرْبَابًا مِنْ دُونِ اللَّهِ ۚ فَإِنْ تَوَلَّوْا فَقُولُوا اشْهَدُوا بِأَنَّا مُسْلِمُونَ, نصف الحزب (6),الجزء الثالث
66,يَا أَهْلَ الْكِتَابِ لِمَ تُحَاجُّونَ فِي إِبْرَاهِيمَ وَمَا أُنْزِلَتِ التَّوْرَاةُ وَالْإِنْجِيلُ إِلَّا مِنْ بَعْدِهِ ۚ أَفَلَا تَعْقِلُونَ, نصف الحزب (6),الجزء الثالث
67,هَا أَنْتُمْ هَٰؤُلَاءِ حَاجَجْتُمْ فِيمَا لَكُمْ بِهِ عِلْمٌ فَلِمَ تُحَاجُّونَ فِيمَا لَيْسَ لَكُمْ بِهِ عِلْمٌ ۚ وَاللَّهُ يَعْلَمُ وَأَنْتُمْ لَا تَعْلَمُونَ , نصف الحزب (6),الجزء الثالث
68,مَا كَانَ إِبْرَاهِيمُ يَهُودِيًّا وَلَا نَصْرَانِيًّا وَلَٰكِنْ كَانَ حَنِيفًا مُسْلِمًا وَمَا كَانَ مِنَ الْمُشْرِكِينَ , نصف الحزب (6),الجزء الثالث
69,إِنَّ أَوْلَى النَّاسِ بِإِبْرَاهِيمَ لَلَّذِينَ اتَّبَعُوهُ وَهَٰذَا النَّبِيُّ وَالَّذِينَ آمَنُوا ۗ وَاللَّهُ وَلِيُّ الْمُؤْمِنِينَ , نصف الحزب (6),الجزء الثالث
70,وَدَّتْ طَائِفَةٌ مِنْ أَهْلِ الْكِتَابِ لَوْ يُضِلُّونَكُمْ وَمَا يُضِلُّونَ إِلَّا أَنْفُسَهُمْ وَمَا يَشْعُرُونَ , نصف الحزب (6),الجزء الثالث
71,يَا أَهْلَ الْكِتَابِ لِمَ تَكْفُرُونَ بِآيَاتِ اللَّهِ وَأَنْتُمْ تَشْهَدُونَ , نصف الحزب (6),الجزء الثالث
72,يَا أَهْلَ الْكِتَابِ لِمَ تَلْبِسُونَ الْحَقَّ بِالْبَاطِلِ وَتَكْتُمُونَ الْحَقَّ وَأَنْتُمْ تَعْلَمُونَ , نصف الحزب (6),الجزء الثالث
73,وَقَالَتْ طَائِفَةٌ مِنْ أَهْلِ الْكِتَابِ آمِنُوا بِالَّذِي أُنْزِلَ عَلَى الَّذِينَ آمَنُوا وَجْهَ النَّهَارِ وَاكْفُرُوا آخِرَهُ لَعَلَّهُمْ يَرْجِعُونَ , نصف الحزب (6),الجزء الثالث
74,وَلَا تُؤْمِنُوا إِلَّا لِمَنْ تَبِعَ دِينَكُمْ قُلْ إِنَّ الْهُدَىٰ هُدَى اللَّهِ أَنْ يُؤْتَىٰ أَحَدٌ مِثْلَ مَا أُوتِيتُمْ أَوْ يُحَاجُّوكُمْ عِنْدَ رَبِّكُمْ ۗ قُلْ إِنَّ الْفَضْلَ بِيَدِ اللَّهِ يُؤْتِيهِ مَنْ يَشَاءُ ۗ وَاللَّهُ وَاسِعٌ عَلِيمٌ , نصف الحزب (6),الجزء الثالث
75,يَخْتَصُّ بِرَحْمَتِهِ مَنْ يَشَاءُ ۗ وَاللَّهُ ذُو الْفَضْلِ الْعَظِيمِ, نصف الحزب (6),الجزء الثالث
76,۞ وَمِنْ أَهْلِ الْكِتَابِ مَنْ إِنْ تَأْمَنْهُ بِقِنْطَارٍ يُؤَدِّهِ إِلَيْكَ وَمِنْهُمْ مَنْ إِنْ تَأْمَنْهُ بِدِينَارٍ لَا يُؤَدِّهِ إِلَيْكَ إِلَّا مَا دُمْتَ عَلَيْهِ قَائِمًا ۗ ذَٰلِكَ بِأَنَّهُمْ قَالُوا لَيْسَ عَلَيْنَا فِي الْأُمِّيِّينَ سَبِيلٌ وَيَقُولُونَ عَلَى اللَّهِ الْكَذِبَ وَهُمْ يَعْلَمُونَ , ثلاثة أرباع الحزب (6),الجزء الثالث
77,بَلَىٰ مَنْ أَوْفَىٰ بِعَهْدِهِ وَاتَّقَىٰ فَإِنَّ اللَّهَ يُحِبُّ الْمُتَّقِينَ, ثلاثة أرباع الحزب (6),الجزء الثالث
78,إِنَّ الَّذِينَ يَشْتَرُونَ بِعَهْدِ اللَّهِ وَأَيْمَانِهِمْ ثَمَنًا قَلِيلًا أُولَٰئِكَ لَا خَلَاقَ لَهُمْ فِي الْآخِرَةِ وَلَا يُكَلِّمُهُمُ اللَّهُ وَلَا يَنْظُرُ إِلَيْهِمْ يَوْمَ الْقِيَامَةِ وَلَا يُزَكِّيهِمْ وَلَهُمْ عَذَابٌ أَلِيمٌ , ثلاثة أرباع الحزب (6),الجزء الثالث
79,وَإِنَّ مِنْهُمْ لَفَرِيقًا يَلْوُونَ أَلْسِنَتَهُمْ بِالْكِتَابِ لِتَحْسَبُوهُ مِنَ الْكِتَابِ وَمَا هُوَ مِنَ الْكِتَابِ وَيَقُولُونَ هُوَ مِنْ عِنْدِ اللَّهِ وَمَا هُوَ مِنْ عِنْدِ اللَّهِ وَيَقُولُونَ عَلَى اللَّهِ الْكَذِبَ وَهُمْ يَعْلَمُونَ , ثلاثة أرباع الحزب (6),الجزء الثالث
80,مَا كَانَ لِبَشَرٍ أَنْ يُؤْتِيَهُ اللَّهُ الْكِتَابَ وَالْحُكْمَ وَالنُّبُوَّةَ ثُمَّ يَقُولَ لِلنَّاسِ كُونُوا عِبَادًا لِي مِنْ دُونِ اللَّهِ وَلَٰكِنْ كُونُوا رَبَّانِيِّينَ بِمَا كُنْتُمْ تُعَلِّمُونَ الْكِتَابَ وَبِمَا كُنْتُمْ تَدْرُسُونَ , ثلاثة أرباع الحزب (6),الجزء الثالث
81,وَلَا يَأْمُرَكُمْ أَنْ تَتَّخِذُوا الْمَلَائِكَةَ وَالنَّبِيِّينَ أَرْبَابًا ۗ أَيَأْمُرُكُمْ بِالْكُفْرِ بَعْدَ إِذْ أَنْتُمْ مُسْلِمُونَ , ثلاثة أرباع الحزب (6),الجزء الثالث
82,وَإِذْ أَخَذَ اللَّهُ مِيثَاقَ النَّبِيِّينَ لَمَا آتَيْتُكُمْ مِنْ كِتَابٍ وَحِكْمَةٍ ثُمَّ جَاءَكُمْ رَسُولٌ مُصَدِّقٌ لِمَا مَعَكُمْ لَتُؤْمِنُنَّ بِهِ وَلَتَنْصُرُنَّهُ ۚ قَالَ أَأَقْرَرْتُمْ وَأَخَذْتُمْ عَلَىٰ ذَٰلِكُمْ إِصْرِي ۖ قَالُوا أَقْرَرْنَا ۚ قَالَ فَاشْهَدُوا وَأَنَا مَعَكُمْ مِنَ الشَّاهِدِينَ , ثلاثة أرباع الحزب (6),الجزء الثالث
83,فَمَنْ تَوَلَّىٰ بَعْدَ ذَٰلِكَ فَأُولَٰئِكَ هُمُ الْفَاسِقُونَ , ثلاثة أرباع الحزب (6),الجزء الثالث
84,أفَغَيْرَ دِينِ اللَّهِ يَبْغُونَ وَلَهُ أَسْلَمَ مَنْ فِي السَّمَاوَاتِ وَالْأَرْضِ طَوْعًا وَكَرْهًا وَإِلَيْهِ يُرْجَعُونَ , ثلاثة أرباع الحزب (6),الجزء الثالث
85,قُلْ آمَنَّا بِاللَّهِ وَمَا أُنْزِلَ عَلَيْنَا وَمَا أُنْزِلَ عَلَىٰ إِبْرَاهِيمَ وَإِسْمَاعِيلَ وَإِسْحَاقَ وَيَعْقُوبَ وَالْأَسْبَاطِ وَمَا أُوتِيَ مُوسَىٰ وَعِيسَىٰ وَالنَّبِيُّونَ مِنْ رَبِّهِمْ لَا نُفَرِّقُ بَيْنَ أَحَدٍ مِنْهُمْ وَنَحْنُ لَهُ مُسْلِمُونَ , ثلاثة أرباع الحزب (6),الجزء الثالث
86,وَمَنْ يَبْتَغِ غَيْرَ الْإِسْلَامِ دِينًا فَلَنْ يُقْبَلَ مِنْهُ وَهُوَ فِي الْآخِرَةِ مِنَ الْخَاسِرِينَ , ثلاثة أرباع الحزب (6),الجزء الثالث
87,كَيْفَ يَهْدِي اللَّهُ قَوْمًا كَفَرُوا بَعْدَ إِيمَانِهِمْ وَشَهِدُوا أَنَّ الرَّسُولَ حَقٌّ وَجَاءَهُمُ الْبَيِّنَاتُ ۚ وَاللَّهُ لَا يَهْدِي الْقَوْمَ الظَّالِمِينَ, ثلاثة أرباع الحزب (6),الجزء الثالث
88,أُولَٰئِكَ جَزَاؤُهُمْ أَنَّ عَلَيْهِمْ لَعْنَةَ اللَّهِ وَالْمَلَائِكَةِ وَالنَّاسِ أَجْمَعِينَ , ثلاثة أرباع الحزب (6),الجزء الثالث
89,خَالِدِينَ فِيهَا لَا يُخَفَّفُ عَنْهُمُ الْعَذَابُ وَلَا هُمْ يُنْظَرُونَ , ثلاثة أرباع الحزب (6),الجزء الثالث
90,إِلَّا الَّذِينَ تَابُوا مِنْ بَعْدِ ذَٰلِكَ وَأَصْلَحُوا فَإِنَّ اللَّهَ غَفُورٌ رَحِيمٌ , ثلاثة أرباع الحزب (6),الجزء الثالث
91,إِنَّ الَّذِينَ كَفَرُوا بَعْدَ إِيمَانِهِمْ ثُمَّ ازْدَادُوا كُفْرًا لَنْ تُقْبَلَ تَوْبَتُهُمْ وَأُولَٰئِكَ هُمُ الضَّالُّونَ , ثلاثة أرباع الحزب (6),الجزء الثالث
92,إِنَّ الَّذِينَ كَفَرُوا وَمَاتُوا وَهُمْ كُفَّارٌ فَلَنْ يُقْبَلَ مِنْ أَحَدِهِمْ مِلْءُ الْأَرْضِ ذَهَبًا وَلَوِ افْتَدَىٰ بِهِ ۗ أُولَٰئِكَ لَهُمْ عَذَابٌ أَلِيمٌ وَمَا لَهُمْ مِنْ نَاصِرِينَ , ثلاثة أرباع الحزب (6),الجزء الثالث
93,لَنْ تَنَالُوا الْبِرَّ حَتَّىٰ تُنْفِقُوا مِمَّا تُحِبُّونَ ۚ وَمَا تُنْفِقُوا مِنْ شَيْءٍ فَإِنَّ اللَّهَ بِهِ عَلِيمٌ , ثلاثة أرباع الحزب (6),الجزء الثالث
94,۞ كُلُّ الطَّعَامِ كَانَ حِلًّا لِبَنِي إِسْرَائِيلَ إِلَّا مَا حَرَّمَ إِسْرَائِيلُ عَلَىٰ نَفْسِهِ مِنْ قَبْلِ أَنْ تُنَزَّلَ التَّوْرَاةُ ۗ قُلْ فَأْتُوا بِالتَّوْرَاةِ فَاتْلُوهَا إِنْ كُنْتُمْ صَادِقِينَ, الحزب (7),الجزء الرابع
95,فَمَنِ افْتَرَىٰ عَلَى اللَّهِ الْكَذِبَ مِنْ بَعْدِ ذَٰلِكَ فَأُولَٰئِكَ هُمُ الظَّالِمُونَ ,الحزب (7),الجزء الرابع
96,قُلْ صَدَقَ اللَّهُ ۗ فَاتَّبِعُوا مِلَّةَ إِبْرَاهِيمَ حَنِيفًا وَمَا كَانَ مِنَ الْمُشْرِكِينَ ,الحزب (7),الجزء الرابع
97,إِنَّ أَوَّلَ بَيْتٍ وُضِعَ لِلنَّاسِ لَلَّذِي بِبَكَّةَ مُبَارَكًا وَهُدًى لِلْعَالَمِينَ ,الحزب (7),الجزء الرابع
98,فِيهِ آيَاتٌ بَيِّنَاتٌ مَقَامُ إِبْرَاهِيمَ ۖ وَمَنْ دَخَلَهُ كَانَ آمِنًا ۗ وَلِلَّهِ عَلَى النَّاسِ حِجُّ الْبَيْتِ مَنِ اسْتَطَاعَ إِلَيْهِ سَبِيلًا ۚ وَمَنْ كَفَرَ فَإِنَّ اللَّهَ غَنِيٌّ عَنِ الْعَالَمِينَ ,الحزب (7),الجزء الرابع
99,قُلْ يَا أَهْلَ الْكِتَابِ لِمَ تَكْفُرُونَ بِآيَاتِ اللَّهِ وَاللَّهُ شَهِيدٌ عَلَىٰ مَا تَعْمَلُونَ ,الحزب (7),الجزء الرابع
100,قُلْ يَا أَهْلَ الْكِتَابِ لِمَ تَصُدُّونَ عَنْ سَبِيلِ اللَّهِ مَنْ آمَنَ تَبْغُونَهَا عِوَجًا وَأَنْتُمْ شُهَدَاءُ ۗ وَمَا اللَّهُ بِغَافِلٍ عَمَّا تَعْمَلُونَ ,الحزب (7),الجزء الرابع
101,يَا أَيُّهَا الَّذِينَ آمَنُوا إِنْ تُطِيعُوا فَرِيقًا مِنَ الَّذِينَ أُوتُوا الْكِتَابَ يَرُدُّوكُمْ بَعْدَ إِيمَانِكُمْ كَافِرِينَ ,الحزب (7),الجزء الرابع
102,وَكَيْفَ تَكْفُرُونَ وَأَنْتُمْ تُتْلَىٰ عَلَيْكُمْ آيَاتُ اللَّهِ وَفِيكُمْ رَسُولُهُ ۗ وَمَنْ يَعْتَصِمْ بِاللَّهِ فَقَدْ هُدِيَ إِلَىٰ صِرَاطٍ مُسْتَقِيمٍ ,الحزب (7),الجزء الرابع
103,يَا أَيُّهَا الَّذِينَ آمَنُوا اتَّقُوا اللَّهَ حَقَّ تُقَاتِهِ وَلَا تَمُوتُنَّ إِلَّا وَأَنْتُمْ مُسْلِمُونَ ,الحزب (7),الجزء الرابع
104,وَاعْتَصِمُوا بِحَبْلِ اللَّهِ جَمِيعًا وَلَا تَفَرَّقُوا ۚ وَاذْكُرُوا نِعْمَتَ اللَّهِ عَلَيْكُمْ إِذْ كُنْتُمْ أَعْدَاءً فَأَلَّفَ بَيْنَ قُلُوبِكُمْ فَأَصْبَحْتُمْ بِنِعْمَتِهِ إِخْوَانًا وَكُنْتُمْ عَلَىٰ شَفَا حُفْرَةٍ مِنَ النَّارِ فَأَنْقَذَكُمْ مِنْهَا ۗ كَذَٰلِكَ يُبَيِّنُ اللَّهُ لَكُمْ آيَاتِهِ لَعَلَّكُمْ تَهْتَدُونَ ,الحزب (7),الجزء الرابع
105,وَلْتَكُنْ مِنْكُمْ أُمَّةٌ يَدْعُونَ إِلَى الْخَيْرِ وَيَأْمُرُونَ بِالْمَعْرُوفِ وَيَنْهَوْنَ عَنِ الْمُنْكَرِ ۚ وَأُولَٰئِكَ هُمُ الْمُفْلِحُونَ,الحزب (7),الجزء الرابع
106,وَلَا تَكُونُوا كَالَّذِينَ تَفَرَّقُوا وَاخْتَلَفُوا مِنْ بَعْدِ مَا جَاءَهُمُ الْبَيِّنَاتُ ۚ وَأُولَٰئِكَ لَهُمْ عَذَابٌ عَظِيمٌ ,الحزب (7),الجزء الرابع
107,يَوْمَ تَبْيَضُّ وُجُوهٌ وَتَسْوَدُّ وُجُوهٌ ۚ فَأَمَّا الَّذِينَ اسْوَدَّتْ وُجُوهُهُمْ أَكَفَرْتُمْ بَعْدَ إِيمَانِكُمْ فَذُوقُوا الْعَذَابَ بِمَا كُنْتُمْ تَكْفُرُونَ ,الحزب (7),الجزء الرابع
108,وَأَمَّا الَّذِينَ ابْيَضَّتْ وُجُوهُهُمْ فَفِي رَحْمَةِ اللَّهِ هُمْ فِيهَا خَالِدُونَ,الحزب (7),الجزء الرابع
109,تِلْكَ آيَاتُ اللَّهِ نَتْلُوهَا عَلَيْكَ بِالْحَقِّ ۗ وَمَا اللَّهُ يُرِيدُ ظُلْمًا لِلْعَالَمِينَ,الحزب (7),الجزء الرابع
110,وَلِلَّهِ مَا فِي السَّمَاوَاتِ وَمَا فِي الْأَرْضِ ۚ وَإِلَى اللَّهِ تُرْجَعُ الْأُمُورُ,الحزب (7),الجزء الرابع
111,كُنْتُمْ خَيْرَ أُمَّةٍ أُخْرِجَتْ لِلنَّاسِ تَأْمُرُونَ بِالْمَعْرُوفِ وَتَنْهَوْنَ عَنِ الْمُنْكَرِ وَتُؤْمِنُونَ بِاللَّهِ ۗ وَلَوْ آمَنَ أَهْلُ الْكِتَابِ لَكَانَ خَيْرًا لَهُمْ ۚ مِنْهُمُ الْمُؤْمِنُونَ وَأَكْثَرُهُمُ الْفَاسِقُونَ ,الحزب (7),الجزء الرابع
112,لَنْ يَضُرُّوكُمْ إِلَّا أَذًى ۖ وَإِنْ يُقَاتِلُوكُمْ يُوَلُّوكُمُ الْأَدْبَارَ ثُمَّ لَا يُنْصَرُونَ ,الحزب (7),الجزء الرابع
113,ضُرِبَتْ عَلَيْهِمُ الذِّلَّةُ أَيْنَ مَا ثُقِفُوا إِلَّا بِحَبْلٍ مِنَ اللَّهِ وَحَبْلٍ مِنَ النَّاسِ وَبَاءُوا بِغَضَبٍ مِنَ اللَّهِ وَضُرِبَتْ عَلَيْهِمُ الْمَسْكَنَةُ ۚ ذَٰلِكَ بِأَنَّهُمْ كَانُوا يَكْفُرُونَ بِآيَاتِ اللَّهِ وَيَقْتُلُونَ الْأَنْبِيَاءَ بِغَيْرِ حَقٍّ ۚ ذَٰلِكَ بِمَا عَصَوْا وَكَانُوا يَعْتَدُونَ,الحزب (7),الجزء الرابع
114,۞ لَيْسُوا سَوَاءً ۗ مِنْ أَهْلِ الْكِتَابِ أُمَّةٌ قَائِمَةٌ يَتْلُونَ آيَاتِ اللَّهِ آنَاءَ اللَّيْلِ وَهُمْ يَسْجُدُونَ , ربع الحزب (7),الجزء الرابع
115,يُؤْمِنُونَ بِاللَّهِ وَالْيَوْمِ الْآخِرِ وَيَأْمُرُونَ بِالْمَعْرُوفِ وَيَنْهَوْنَ عَنِ الْمُنْكَرِ وَيُسَارِعُونَ فِي الْخَيْرَاتِ وَأُولَٰئِكَ مِنَ الصَّالِحِينَ, ربع الحزب (7),الجزء الرابع
116,وَمَا يَفْعَلُوا مِنْ خَيْرٍ فَلَنْ يُكْفَرُوهُ ۗ وَاللَّهُ عَلِيمٌ بِالْمُتَّقِينَ , ربع الحزب (7),الجزء الرابع
117,إِنَّ الَّذِينَ كَفَرُوا لَنْ تُغْنِيَ عَنْهُمْ أَمْوَالُهُمْ وَلَا أَوْلَادُهُمْ مِنَ اللَّهِ شَيْئًا ۖ وَأُولَٰئِكَ أَصْحَابُ النَّارِ ۚ هُمْ فِيهَا خَالِدُونَ , ربع الحزب (7),الجزء الرابع
118,مَثَلُ مَا يُنْفِقُونَ فِي هَٰذِهِ الْحَيَاةِ الدُّنْيَا كَمَثَلِ رِيحٍ فِيهَا صِرٌّ أَصَابَتْ حَرْثَ قَوْمٍ ظَلَمُوا أَنْفُسَهُمْ فَأَهْلَكَتْهُ ۚ وَمَا ظَلَمَهُمُ اللَّهُ وَلَٰكِنْ أَنْفُسَهُمْ يَظْلِمُونَ , ربع الحزب (7),الجزء الرابع
119,يَا أَيُّهَا الَّذِينَ آمَنُوا لَا تَتَّخِذُوا بِطَانَةً مِنْ دُونِكُمْ لَا يَأْلُونَكُمْ خَبَالًا وَدُّوا مَا عَنِتُّمْ قَدْ بَدَتِ الْبَغْضَاءُ مِنْ أَفْوَاهِهِمْ وَمَا تُخْفِي صُدُورُهُمْ أَكْبَرُ ۚ قَدْ بَيَّنَّا لَكُمُ الْآيَاتِ ۖ إِنْ كُنْتُمْ تَعْقِلُونَ , ربع الحزب (7),الجزء الرابع
120,هَا أَنْتُمْ أُولَاءِ تُحِبُّونَهُمْ وَلَا يُحِبُّونَكُمْ وَتُؤْمِنُونَ بِالْكِتَابِ كُلِّهِ وَإِذَا لَقُوكُمْ قَالُوا آمَنَّا وَإِذَا خَلَوْا عَضُّوا عَلَيْكُمُ الْأَنَامِلَ مِنَ الْغَيْظِ ۚ قُلْ مُوتُوا بِغَيْظِكُمْ ۗ إِنَّ اللَّهَ عَلِيمٌ بِذَاتِ الصُّدُورِ , ربع الحزب (7),الجزء الرابع
121,إِنْ تَمْسَسْكُمْ حَسَنَةٌ تَسُؤْهُمْ وَإِنْ تُصِبْكُمْ سَيِّئَةٌ يَفْرَحُوا بِهَا ۖ وَإِنْ تَصْبِرُوا وَتَتَّقُوا لَا يَضُرُّكُمْ كَيْدُهُمْ شَيْئًا ۗ إِنَّ اللَّهَ بِمَا يَعْمَلُونَ مُحِيطٌ , ربع الحزب (7),الجزء الرابع
122,وَإِذْ غَدَوْتَ مِنْ أَهْلِكَ تُبَوِّئُ الْمُؤْمِنِينَ مَقَاعِدَ لِلْقِتَالِ ۗ وَاللَّهُ سَمِيعٌ عَلِيمٌ , ربع الحزب (7),الجزء الرابع
123,إِذْ هَمَّتْ طَائِفَتَانِ مِنْكُمْ أَنْ تَفْشَلَا وَاللَّهُ وَلِيُّهُمَا ۗ وَعَلَى اللَّهِ فَلْيَتَوَكَّلِ الْمُؤْمِنُونَ, ربع الحزب (7),الجزء الرابع
124,وَلَقَدْ نَصَرَكُمُ اللَّهُ بِبَدْرٍ وَأَنْتُمْ أَذِلَّةٌ ۖ فَاتَّقُوا اللَّهَ لَعَلَّكُمْ تَشْكُرُونَ , ربع الحزب (7),الجزء الرابع
125,إِذْ تَقُولُ لِلْمُؤْمِنِينَ أَلَنْ يَكْفِيَكُمْ أَنْ يُمِدَّكُمْ رَبُّكُمْ بِثَلَاثَةِ آلَافٍ مِنَ الْمَلَائِكَةِ مُنْزَلِينَ , ربع الحزب (7),الجزء الرابع
126,بَلَىٰ ۚ إِنْ تَصْبِرُوا وَتَتَّقُوا وَيَأْتُوكُمْ مِنْ فَوْرِهِمْ هَٰذَا يُمْدِدْكُمْ رَبُّكُمْ بِخَمْسَةِ آلَافٍ مِنَ الْمَلَائِكَةِ مُسَوِّمِينَ , ربع الحزب (7),الجزء الرابع
127,وَمَا جَعَلَهُ اللَّهُ إِلَّا بُشْرَىٰ لَكُمْ وَلِتَطْمَئِنَّ قُلُوبُكُمْ بِهِ ۗ وَمَا النَّصْرُ إِلَّا مِنْ عِنْدِ اللَّهِ الْعَزِيزِ الْحَكِيمِ , ربع الحزب (7),الجزء الرابع
128,لِيَقْطَعَ طَرَفًا مِنَ الَّذِينَ كَفَرُوا أَوْ يَكْبِتَهُمْ فَيَنْقَلِبُوا خَائِبِينَ, ربع الحزب (7),الجزء الرابع
129,لَيْسَ لَكَ مِنَ الْأَمْرِ شَيْءٌ أَوْ يَتُوبَ عَلَيْهِمْ أَوْ يُعَذِّبَهُمْ فَإِنَّهُمْ ظَالِمُونَ , ربع الحزب (7),الجزء الرابع
130,وَلِلَّهِ مَا فِي السَّمَاوَاتِ وَمَا فِي الْأَرْضِ ۚ يَغْفِرُ لِمَنْ يَشَاءُ وَيُعَذِّبُ مَنْ يَشَاءُ ۚ وَاللَّهُ غَفُورٌ رَحِيمٌ , ربع الحزب (7),الجزء الرابع
131,يَا أَيُّهَا الَّذِينَ آمَنُوا لَا تَأْكُلُوا الرِّبَا أَضْعَافًا مُضَاعَفَةً ۖ وَاتَّقُوا اللَّهَ لَعَلَّكُمْ تُفْلِحُونَ, ربع الحزب (7),الجزء الرابع
132,وَاتَّقُوا النَّارَ الَّتِي أُعِدَّتْ لِلْكَافِرِينَ , ربع الحزب (7),الجزء الرابع
133,وَأَطِيعُوا اللَّهَ وَالرَّسُولَ لَعَلَّكُمْ تُرْحَمُونَ , ربع الحزب (7),الجزء الرابع
134,۞ وَسَارِعُوا إِلَىٰ مَغْفِرَةٍ مِنْ رَبِّكُمْ وَجَنَّةٍ عَرْضُهَا السَّمَاوَاتُ وَالْأَرْضُ أُعِدَّتْ لِلْمُتَّقِينَ , نصف الحزب (7),الجزء الرابع
135,الَّذِينَ يُنْفِقُونَ فِي السَّرَّاءِ وَالضَّرَّاءِ وَالْكَاظِمِينَ الْغَيْظَ وَالْعَافِينَ عَنِ النَّاسِ ۗ وَاللَّهُ يُحِبُّ الْمُحْسِنِينَ , نصف الحزب (7),الجزء الرابع
136,وَالَّذِينَ إِذَا فَعَلُوا فَاحِشَةً أَوْ ظَلَمُوا أَنْفُسَهُمْ ذَكَرُوا اللَّهَ فَاسْتَغْفَرُوا لِذُنُوبِهِمْ وَمَنْ يَغْفِرُ الذُّنُوبَ إِلَّا اللَّهُ وَلَمْ يُصِرُّوا عَلَىٰ مَا فَعَلُوا وَهُمْ يَعْلَمُونَ , نصف الحزب (7),الجزء الرابع
137,أُولَٰئِكَ جَزَاؤُهُمْ مَغْفِرَةٌ مِنْ رَبِّهِمْ وَجَنَّاتٌ تَجْرِي مِنْ تَحْتِهَا الْأَنْهَارُ خَالِدِينَ فِيهَا ۚ وَنِعْمَ أَجْرُ الْعَامِلِينَ, نصف الحزب (7),الجزء الرابع
138,قَدْ خَلَتْ مِنْ قَبْلِكُمْ سُنَنٌ فَسِيرُوا فِي الْأَرْضِ فَانْظُرُوا كَيْفَ كَانَ عَاقِبَةُ الْمُكَذِّبِينَ, نصف الحزب (7),الجزء الرابع
139,هَٰذَا بَيَانٌ لِلنَّاسِ وَهُدًى وَمَوْعِظَةٌ لِلْمُتَّقِينَ, نصف الحزب (7),الجزء الرابع
140,وَلَا تَهِنُوا وَلَا تَحْزَنُوا وَأَنْتُمُ الْأَعْلَوْنَ إِنْ كُنْتُمْ مُؤْمِنِينَ , نصف الحزب (7),الجزء الرابع
141,إِنْ يَمْسَسْكُمْ قَرْحٌ فَقَدْ مَسَّ الْقَوْمَ قَرْحٌ مِثْلُهُ ۚ وَتِلْكَ الْأَيَّامُ نُدَاوِلُهَا بَيْنَ النَّاسِ وَلِيَعْلَمَ اللَّهُ الَّذِينَ آمَنُوا وَيَتَّخِذَ مِنْكُمْ شُهَدَاءَ ۗ وَاللَّهُ لَا يُحِبُّ الظَّالِمِينَ , نصف الحزب (7),الجزء الرابع
142,وَلِيُمَحِّصَ اللَّهُ الَّذِينَ آمَنُوا وَيَمْحَقَ الْكَافِرِينَ , نصف الحزب (7),الجزء الرابع
143,أَمْ حَسِبْتُمْ أَنْ تَدْخُلُوا الْجَنَّةَ وَلَمَّا يَعْلَمِ اللَّهُ الَّذِينَ جَاهَدُوا مِنْكُمْ وَيَعْلَمَ الصَّابِرِينَ , نصف الحزب (7),الجزء الرابع
144,وَلَقَدْ كُنْتُمْ تَمَنَّوْنَ الْمَوْتَ مِنْ قَبْلِ أَنْ تَلْقَوْهُ فَقَدْ رَأَيْتُمُوهُ وَأَنْتُمْ تَنْظُرُونَ , نصف الحزب (7),الجزء الرابع
145,وَمَا مُحَمَّدٌ إِلَّا رَسُولٌ قَدْ خَلَتْ مِنْ قَبْلِهِ الرُّسُلُ ۚ أَفَإِنْ مَاتَ أَوْ قُتِلَ انْقَلَبْتُمْ عَلَىٰ أَعْقَابِكُمْ ۚ وَمَنْ يَنْقَلِبْ عَلَىٰ عَقِبَيْهِ فَلَنْ يَضُرَّ اللَّهَ شَيْئًا ۗ وَسَيَجْزِي اللَّهُ الشَّاكِرِينَ , نصف الحزب (7),الجزء الرابع
146,وَمَا كَانَ لِنَفْسٍ أَنْ تَمُوتَ إِلَّا بِإِذْنِ اللَّهِ كِتَابًا مُؤَجَّلًا ۗ وَمَنْ يُرِدْ ثَوَابَ الدُّنْيَا نُؤْتِهِ مِنْهَا وَمَنْ يُرِدْ ثَوَابَ الْآخِرَةِ نُؤْتِهِ مِنْهَا ۚ وَسَنَجْزِي الشَّاكِرِينَ , نصف الحزب (7),الجزء الرابع
147,وَكَأَيِّنْ مِنْ نَبِيٍّ قَاتَلَ مَعَهُ رِبِّيُّونَ كَثِيرٌ فَمَا وَهَنُوا لِمَا أَصَابَهُمْ فِي سَبِيلِ اللَّهِ وَمَا ضَعُفُوا وَمَا اسْتَكَانُوا ۗ وَاللَّهُ يُحِبُّ الصَّابِرِينَ , نصف الحزب (7),الجزء الرابع
148,وَمَا كَانَ قَوْلَهُمْ إِلَّا أَنْ قَالُوا رَبَّنَا اغْفِرْ لَنَا ذُنُوبَنَا وَإِسْرَافَنَا فِي أَمْرِنَا وَثَبِّتْ أَقْدَامَنَا وَانْصُرْنَا عَلَى الْقَوْمِ الْكَافِرِينَ , نصف الحزب (7),الجزء الرابع
149,فَآتَاهُمُ اللَّهُ ثَوَابَ الدُّنْيَا وَحُسْنَ ثَوَابِ الْآخِرَةِ ۗ وَاللَّهُ يُحِبُّ الْمُحْسِنِينَ , نصف الحزب (7),الجزء الرابع
150,يَا أَيُّهَا الَّذِينَ آمَنُوا إِنْ تُطِيعُوا الَّذِينَ كَفَرُوا يَرُدُّوكُمْ عَلَىٰ أَعْقَابِكُمْ فَتَنْقَلِبُوا خَاسِرِينَ , نصف الحزب (7),الجزء الرابع
151,بَلِ اللَّهُ مَوْلَاكُمْ ۖ وَهُوَ خَيْرُ النَّاصِرِينَ, نصف الحزب (7),الجزء الرابع
152,سَنُلْقِي فِي قُلُوبِ الَّذِينَ كَفَرُوا الرُّعْبَ بِمَا أَشْرَكُوا بِاللَّهِ مَا لَمْ يُنَزِّلْ بِهِ سُلْطَانًا ۖ وَمَأْوَاهُمُ النَّارُ ۚ وَبِئْسَ مَثْوَى الظَّالِمِينَ, نصف الحزب (7),الجزء الرابع
153,وَلَقَدْ صَدَقَكُمُ اللَّهُ وَعْدَهُ إِذْ تَحُسُّونَهُمْ بِإِذْنِهِ ۖ حَتَّىٰ إِذَا فَشِلْتُمْ وَتَنَازَعْتُمْ فِي الْأَمْرِ وَعَصَيْتُمْ مِنْ بَعْدِ مَا أَرَاكُمْ مَا تُحِبُّونَ ۚ مِنْكُمْ مَنْ يُرِيدُ الدُّنْيَا وَمِنْكُمْ مَنْ يُرِيدُ الْآخِرَةَ ۚ ثُمَّ صَرَفَكُمْ عَنْهُمْ لِيَبْتَلِيَكُمْ ۖ وَلَقَدْ عَفَا عَنْكُمْ ۗ وَاللَّهُ ذُو فَضْلٍ عَلَى الْمُؤْمِنِينَ, نصف الحزب (7),الجزء الرابع
154,۞ إِذْ تُصْعِدُونَ وَلَا تَلْوُونَ عَلَىٰ أَحَدٍ وَالرَّسُولُ يَدْعُوكُمْ فِي أُخْرَاكُمْ فَأَثَابَكُمْ غَمًّا بِغَمٍّ لِكَيْلَا تَحْزَنُوا عَلَىٰ مَا فَاتَكُمْ وَلَا مَا أَصَابَكُمْ ۗ وَاللَّهُ خَبِيرٌ بِمَا تَعْمَلُونَ, ثلاثة أرباع الحزب (7),الجزء الرابع
155,ثُمَّ أَنْزَلَ عَلَيْكُمْ مِنْ بَعْدِ الْغَمِّ أَمَنَةً نُعَاسًا يَغْشَىٰ طَائِفَةً مِنْكُمْ ۖ وَطَائِفَةٌ قَدْ أَهَمَّتْهُمْ أَنْفُسُهُمْ يَظُنُّونَ بِاللَّهِ غَيْرَ الْحَقِّ ظَنَّ الْجَاهِلِيَّةِ ۖ يَقُولُونَ هَلْ لَنَا مِنَ الْأَمْرِ مِنْ شَيْءٍ ۗ قُلْ إِنَّ الْأَمْرَ كُلَّهُ لِلَّهِ ۗ يُخْفُونَ فِي أَنْفُسِهِمْ مَا لَا يُبْدُونَ لَكَ ۖ يَقُولُونَ لَوْ كَانَ لَنَا مِنَ الْأَمْرِ شَيْءٌ مَا قُتِلْنَا هَاهُنَا ۗ قُلْ لَوْ كُنْتُمْ فِي بُيُوتِكُمْ لَبَرَزَ الَّذِينَ كُتِبَ عَلَيْهِمُ الْقَتْلُ إِلَىٰ مَضَاجِعِهِمْ ۖ وَلِيَبْتَلِيَ اللَّهُ مَا فِي صُدُورِكُمْ وَلِيُمَحِّصَ مَا فِي قُلُوبِكُمْ ۗ وَاللَّهُ عَلِيمٌ بِذَاتِ الصُّدُورِ, ثلاثة أرباع الحزب (7),الجزء الرابع
156,إِنَّ الَّذِينَ تَوَلَّوْا مِنْكُمْ يَوْمَ الْتَقَى الْجَمْعَانِ إِنَّمَا اسْتَزَلَّهُمُ الشَّيْطَانُ بِبَعْضِ مَا كَسَبُوا ۖ وَلَقَدْ عَفَا اللَّهُ عَنْهُمْ ۗ إِنَّ اللَّهَ غَفُورٌ حَلِيمٌ , ثلاثة أرباع الحزب (7),الجزء الرابع
157,يَا أَيُّهَا الَّذِينَ آمَنُوا لَا تَكُونُوا كَالَّذِينَ كَفَرُوا وَقَالُوا لِإِخْوَانِهِمْ إِذَا ضَرَبُوا فِي الْأَرْضِ أَوْ كَانُوا غُزًّى لَوْ كَانُوا عِنْدَنَا مَا مَاتُوا وَمَا قُتِلُوا لِيَجْعَلَ اللَّهُ ذَٰلِكَ حَسْرَةً فِي قُلُوبِهِمْ ۗ وَاللَّهُ يُحْيِي وَيُمِيتُ ۗ وَاللَّهُ بِمَا تَعْمَلُونَ بَصِيرٌ, ثلاثة أرباع الحزب (7),الجزء الرابع
158,وَلَئِنْ قُتِلْتُمْ فِي سَبِيلِ اللَّهِ أَوْ مُتُّمْ لَمَغْفِرَةٌ مِنَ اللَّهِ وَرَحْمَةٌ خَيْرٌ مِمَّا يَجْمَعُونَ, ثلاثة أرباع الحزب (7),الجزء الرابع
159,وَلَئِنْ مُتُّمْ أَوْ قُتِلْتُمْ لَإِلَى اللَّهِ تُحْشَرُونَ, ثلاثة أرباع الحزب (7),الجزء الرابع
160,فَبِمَا رَحْمَةٍ مِنَ اللَّهِ لِنْتَ لَهُمْ ۖ وَلَوْ كُنْتَ فَظًّا غَلِيظَ الْقَلْبِ لَانْفَضُّوا مِنْ حَوْلِكَ ۖ فَاعْفُ عَنْهُمْ وَاسْتَغْفِرْ لَهُمْ وَشَاوِرْهُمْ فِي الْأَمْرِ ۖ فَإِذَا عَزَمْتَ فَتَوَكَّلْ عَلَى اللَّهِ ۚ إِنَّ اللَّهَ يُحِبُّ الْمُتَوَكِّلِينَ , ثلاثة أرباع الحزب (7),الجزء الرابع
161,إِنْ يَنْصُرْكُمُ اللَّهُ فَلَا غَالِبَ لَكُمْ ۖ وَإِنْ يَخْذُلْكُمْ فَمَنْ ذَا الَّذِي يَنْصُرُكُمْ مِنْ بَعْدِهِ ۗ وَعَلَى اللَّهِ فَلْيَتَوَكَّلِ الْمُؤْمِنُونَ, ثلاثة أرباع الحزب (7),الجزء الرابع
162,وَمَا كَانَ لِنَبِيٍّ أَنْ يَغُلَّ ۚ وَمَنْ يَغْلُلْ يَأْتِ بِمَا غَلَّ يَوْمَ الْقِيَامَةِ ۚ ثُمَّ تُوَفَّىٰ كُلُّ نَفْسٍ مَا كَسَبَتْ وَهُمْ لَا يُظْلَمُونَ , ثلاثة أرباع الحزب (7),الجزء الرابع
163,أَفَمَنِ اتَّبَعَ رِضْوَانَ اللَّهِ كَمَنْ بَاءَ بِسَخَطٍ مِنَ اللَّهِ وَمَأْوَاهُ جَهَنَّمُ ۚ وَبِئْسَ الْمَصِيرُ, ثلاثة أرباع الحزب (7),الجزء الرابع
164,هُمْ دَرَجَاتٌ عِنْدَ اللَّهِ ۗ وَاللَّهُ بَصِيرٌ بِمَا يَعْمَلُونَ, ثلاثة أرباع الحزب (7),الجزء الرابع
165,لَقَدْ مَنَّ اللَّهُ عَلَى الْمُؤْمِنِينَ إِذْ بَعَثَ فِيهِمْ رَسُولًا مِنْ أَنْفُسِهِمْ يَتْلُو عَلَيْهِمْ آيَاتِهِ وَيُزَكِّيهِمْ وَيُعَلِّمُهُمُ الْكِتَابَ وَالْحِكْمَةَ وَإِنْ كَانُوا مِنْ قَبْلُ لَفِي ضَلَالٍ مُبِينٍ, ثلاثة أرباع الحزب (7),الجزء الرابع
166,أَوَلَمَّا أَصَابَتْكُمْ مُصِيبَةٌ قَدْ أَصَبْتُمْ مِثْلَيْهَا قُلْتُمْ أَنَّىٰ هَٰذَا ۖ قُلْ هُوَ مِنْ عِنْدِ أَنْفُسِكُمْ ۗ إِنَّ اللَّهَ عَلَىٰ كُلِّ شَيْءٍ قَدِيرٌ , ثلاثة أرباع الحزب (7),الجزء الرابع
167,وَمَا أَصَابَكُمْ يَوْمَ الْتَقَى الْجَمْعَانِ فَبِإِذْنِ اللَّهِ وَلِيَعْلَمَ الْمُؤْمِنِينَ , ثلاثة أرباع الحزب (7),الجزء الرابع
168,وَلِيَعْلَمَ الَّذِينَ نَافَقُوا ۚ وَقِيلَ لَهُمْ تَعَالَوْا قَاتِلُوا فِي سَبِيلِ اللَّهِ أَوِ ادْفَعُوا ۖ قَالُوا لَوْ نَعْلَمُ قِتَالًا لَاتَّبَعْنَاكُمْ ۗ هُمْ لِلْكُفْرِ يَوْمَئِذٍ أَقْرَبُ مِنْهُمْ لِلْإِيمَانِ ۚ يَقُولُونَ بِأَفْوَاهِهِمْ مَا لَيْسَ فِي قُلُوبِهِمْ ۗ وَاللَّهُ أَعْلَمُ بِمَا يَكْتُمُونَ , ثلاثة أرباع الحزب (7),الجزء الرابع
169,الَّذِينَ قَالُوا لِإِخْوَانِهِمْ وَقَعَدُوا لَوْ أَطَاعُونَا مَا قُتِلُوا ۗ قُلْ فَادْرَءُوا عَنْ أَنْفُسِكُمُ الْمَوْتَ إِنْ كُنْتُمْ صَادِقِينَ, ثلاثة أرباع الحزب (7),الجزء الرابع
170,وَلَا تَحْسَبَنَّ الَّذِينَ قُتِلُوا فِي سَبِيلِ اللَّهِ أَمْوَاتًا ۚ بَلْ أَحْيَاءٌ عِنْدَ رَبِّهِمْ يُرْزَقُونَ, ثلاثة أرباع الحزب (7),الجزء الرابع
171,فَرِحِينَ بِمَا آتَاهُمُ اللَّهُ مِنْ فَضْلِهِ وَيَسْتَبْشِرُونَ بِالَّذِينَ لَمْ يَلْحَقُوا بِهِمْ مِنْ خَلْفِهِمْ أَلَّا خَوْفٌ عَلَيْهِمْ وَلَا هُمْ يَحْزَنُونَ , ثلاثة أرباع الحزب (7),الجزء الرابع
172,۞ يَسْتَبْشِرُونَ بِنِعْمَةٍ مِنَ اللَّهِ وَفَضْلٍ وَأَنَّ اللَّهَ لَا يُضِيعُ أَجْرَ الْمُؤْمِنِينَ, الحزب (8),الجزء الرابع
173,الَّذِينَ اسْتَجَابُوا لِلَّهِ وَالرَّسُولِ مِنْ بَعْدِ مَا أَصَابَهُمُ الْقَرْحُ ۚ لِلَّذِينَ أَحْسَنُوا مِنْهُمْ وَاتَّقَوْا أَجْرٌ عَظِيمٌ , الحزب (8),الجزء الرابع
174,الَّذِينَ قَالَ لَهُمُ النَّاسُ إِنَّ النَّاسَ قَدْ جَمَعُوا لَكُمْ فَاخْشَوْهُمْ فَزَادَهُمْ إِيمَانًا وَقَالُوا حَسْبُنَا اللَّهُ وَنِعْمَ الْوَكِيلُ, الحزب (8),الجزء الرابع
175,فَانْقَلَبُوا بِنِعْمَةٍ مِنَ اللَّهِ وَفَضْلٍ لَمْ يَمْسَسْهُمْ سُوءٌ وَاتَّبَعُوا رِضْوَانَ اللَّهِ ۗ وَاللَّهُ ذُو فَضْلٍ عَظِيمٍ , الحزب (8),الجزء الرابع
176,إِنَّمَا ذَٰلِكُمُ الشَّيْطَانُ يُخَوِّفُ أَوْلِيَاءَهُ فَلَا تَخَافُوهُمْ وَخَافُونِ إِنْ كُنْتُمْ مُؤْمِنِينَ , الحزب (8),الجزء الرابع
177,وَلَا يَحْزُنْكَ الَّذِينَ يُسَارِعُونَ فِي الْكُفْرِ ۚ إِنَّهُمْ لَنْ يَضُرُّوا اللَّهَ شَيْئًا ۗ يُرِيدُ اللَّهُ أَلَّا يَجْعَلَ لَهُمْ حَظًّا فِي الْآخِرَةِ ۖ وَلَهُمْ عَذَابٌ عَظِيمٌ , الحزب (8),الجزء الرابع
178,إِنَّ الَّذِينَ اشْتَرَوُا الْكُفْرَ بِالْإِيمَانِ لَنْ يَضُرُّوا اللَّهَ شَيْئًا وَلَهُمْ عَذَابٌ أَلِيمٌ, الحزب (8),الجزء الرابع
179,وَلَا يَحْسَبَنَّ الَّذِينَ كَفَرُوا أَنَّمَا نُمْلِي لَهُمْ خَيْرٌ لِأَنْفُسِهِمْ ۚ إِنَّمَا نُمْلِي لَهُمْ لِيَزْدَادُوا إِثْمًا ۚ وَلَهُمْ عَذَابٌ مُهِينٌ , الحزب (8),الجزء الرابع
180,مَا كَانَ اللَّهُ لِيَذَرَ الْمُؤْمِنِينَ عَلَىٰ مَا أَنْتُمْ عَلَيْهِ حَتَّىٰ يَمِيزَ الْخَبِيثَ مِنَ الطَّيِّبِ ۗ وَمَا كَانَ اللَّهُ لِيُطْلِعَكُمْ عَلَى الْغَيْبِ وَلَٰكِنَّ اللَّهَ يَجْتَبِي مِنْ رُسُلِهِ مَنْ يَشَاءُ ۖ فَآمِنُوا بِاللَّهِ وَرُسُلِهِ ۚ وَإِنْ تُؤْمِنُوا وَتَتَّقُوا فَلَكُمْ أَجْرٌ عَظِيمٌ , الحزب (8),الجزء الرابع
181,وَلَا يَحْسَبَنَّ الَّذِينَ يَبْخَلُونَ بِمَا آتَاهُمُ اللَّهُ مِنْ فَضْلِهِ هُوَ خَيْرًا لَهُمْ ۖ بَلْ هُوَ شَرٌّ لَهُمْ ۖ سَيُطَوَّقُونَ مَا بَخِلُوا بِهِ يَوْمَ الْقِيَامَةِ ۗ وَلِلَّهِ مِيرَاثُ السَّمَاوَاتِ وَالْأَرْضِ ۗ وَاللَّهُ بِمَا تَعْمَلُونَ خَبِيرٌ , الحزب (8),الجزء الرابع
182,لَقَدْ سَمِعَ اللَّهُ قَوْلَ الَّذِينَ قَالُوا إِنَّ اللَّهَ فَقِيرٌ وَنَحْنُ أَغْنِيَاءُ ۘ سَنَكْتُبُ مَا قَالُوا وَقَتْلَهُمُ الْأَنْبِيَاءَ بِغَيْرِ حَقٍّ وَنَقُولُ ذُوقُوا عَذَابَ الْحَرِيقِ, الحزب (8),الجزء الرابع
183,ذَٰلِكَ بِمَا قَدَّمَتْ أَيْدِيكُمْ وَأَنَّ اللَّهَ لَيْسَ بِظَلَّامٍ لِلْعَبِيدِ , الحزب (8),الجزء الرابع
184,الَّذِينَ قَالُوا إِنَّ اللَّهَ عَهِدَ إِلَيْنَا أَلَّا نُؤْمِنَ لِرَسُولٍ حَتَّىٰ يَأْتِيَنَا بِقُرْبَانٍ تَأْكُلُهُ النَّارُ ۗ قُلْ قَدْ جَاءَكُمْ رُسُلٌ مِنْ قَبْلِي بِالْبَيِّنَاتِ وَبِالَّذِي قُلْتُمْ فَلِمَ قَتَلْتُمُوهُمْ إِنْ كُنْتُمْ صَادِقِينَ , الحزب (8),الجزء الرابع
185,فَإِنْ كَذَّبُوكَ فَقَدْ كُذِّبَ رُسُلٌ مِنْ قَبْلِكَ جَاءُوا بِالْبَيِّنَاتِ وَالزُّبُرِ وَالْكِتَابِ الْمُنِيرِ , الحزب (8),الجزء الرابع
186,كُلُّ نَفْسٍ ذَائِقَةُ الْمَوْتِ ۗ وَإِنَّمَا تُوَفَّوْنَ أُجُورَكُمْ يَوْمَ الْقِيَامَةِ ۖ فَمَنْ زُحْزِحَ عَنِ النَّارِ وَأُدْخِلَ الْجَنَّةَ فَقَدْ فَازَ ۗ وَمَا الْحَيَاةُ الدُّنْيَا إِلَّا مَتَاعُ الْغُرُورِ, الحزب (8),الجزء الرابع
187,۞ لَتُبْلَوُنَّ فِي أَمْوَالِكُمْ وَأَنْفُسِكُمْ وَلَتَسْمَعُنَّ مِنَ الَّذِينَ أُوتُوا الْكِتَابَ مِنْ قَبْلِكُمْ وَمِنَ الَّذِينَ أَشْرَكُوا أَذًى كَثِيرًا ۚ وَإِنْ تَصْبِرُوا وَتَتَّقُوا فَإِنَّ ذَٰلِكَ مِنْ عَزْمِ الْأُمُورِ, ربع الحزب (8),الجزء الرابع
188,وَإِذْ أَخَذَ اللَّهُ مِيثَاقَ الَّذِينَ أُوتُوا الْكِتَابَ لَتُبَيِّنُنَّهُ لِلنَّاسِ وَلَا تَكْتُمُونَهُ فَنَبَذُوهُ وَرَاءَ ظُهُورِهِمْ وَاشْتَرَوْا بِهِ ثَمَنًا قَلِيلًا ۖ فَبِئْسَ مَا يَشْتَرُونَ, ربع الحزب (8),الجزء الرابع
189,لَا تَحْسَبَنَّ الَّذِينَ يَفْرَحُونَ بِمَا أَتَوْا وَيُحِبُّونَ أَنْ يُحْمَدُوا بِمَا لَمْ يَفْعَلُوا فَلَا تَحْسَبَنَّهُمْ بِمَفَازَةٍ مِنَ الْعَذَابِ ۖ وَلَهُمْ عَذَابٌ أَلِيمٌ , ربع الحزب (8),الجزء الرابع
190,وَلِلَّهِ مُلْكُ السَّمَاوَاتِ وَالْأَرْضِ ۗ وَاللَّهُ عَلَىٰ كُلِّ شَيْءٍ قَدِيرٌ, ربع الحزب (8),الجزء الرابع
191,إِنَّ فِي خَلْقِ السَّمَاوَاتِ وَالْأَرْضِ وَاخْتِلَافِ اللَّيْلِ وَالنَّهَارِ لَآيَاتٍ لِأُولِي الْأَلْبَابِ, ربع الحزب (8),الجزء الرابع
192,الَّذِينَ يَذْكُرُونَ اللَّهَ قِيَامًا وَقُعُودًا وَعَلَىٰ جُنُوبِهِمْ وَيَتَفَكَّرُونَ فِي خَلْقِ السَّمَاوَاتِ وَالْأَرْضِ رَبَّنَا مَا خَلَقْتَ هَٰذَا بَاطِلًا سُبْحَانَكَ فَقِنَا عَذَابَ النَّارِ, ربع الحزب (8),الجزء الرابع
193,رَبَّنَا إِنَّكَ مَنْ تُدْخِلِ النَّارَ فَقَدْ أَخْزَيْتَهُ ۖ وَمَا لِلظَّالِمِينَ مِنْ أَنْصَارٍ, ربع الحزب (8),الجزء الرابع
194,رَبَّنَا إِنَّنَا سَمِعْنَا مُنَادِيًا يُنَادِي لِلْإِيمَانِ أَنْ آمِنُوا بِرَبِّكُمْ فَآمَنَّا ۚ رَبَّنَا فَاغْفِرْ لَنَا ذُنُوبَنَا وَكَفِّرْ عَنَّا سَيِّئَاتِنَا وَتَوَفَّنَا مَعَ الْأَبْرَارِ , ربع الحزب (8),الجزء الرابع
195,رَبَّنَا وَآتِنَا مَا وَعَدْتَنَا عَلَىٰ رُسُلِكَ وَلَا تُخْزِنَا يَوْمَ الْقِيَامَةِ ۗ إِنَّكَ لَا تُخْلِفُ الْمِيعَادَ , ربع الحزب (8),الجزء الرابع
196,فَاسْتَجَابَ لَهُمْ رَبُّهُمْ أَنِّي لَا أُضِيعُ عَمَلَ عَامِلٍ مِنْكُمْ مِنْ ذَكَرٍ أَوْ أُنْثَىٰ ۖ بَعْضُكُمْ مِنْ بَعْضٍ ۖ فَالَّذِينَ هَاجَرُوا وَأُخْرِجُوا مِنْ دِيَارِهِمْ وَأُوذُوا فِي سَبِيلِي وَقَاتَلُوا وَقُتِلُوا لَأُكَفِّرَنَّ عَنْهُمْ سَيِّئَاتِهِمْ وَلَأُدْخِلَنَّهُمْ جَنَّاتٍ تَجْرِي مِنْ تَحْتِهَا الْأَنْهَارُ ثَوَابًا مِنْ عِنْدِ اللَّهِ ۗ وَاللَّهُ عِنْدَهُ حُسْنُ الثَّوَابِ, ربع الحزب (8),الجزء الرابع
197,لَا يَغُرَّنَّكَ تَقَلُّبُ الَّذِينَ كَفَرُوا فِي الْبِلَادِ, ربع الحزب (8),الجزء الرابع
198,مَتَاعٌ قَلِيلٌ ثُمَّ مَأْوَاهُمْ جَهَنَّمُ ۚ وَبِئْسَ الْمِهَادُ, ربع الحزب (8),الجزء الرابع
199,لَٰكِنِ الَّذِينَ اتَّقَوْا رَبَّهُمْ لَهُمْ جَنَّاتٌ تَجْرِي مِنْ تَحْتِهَا الْأَنْهَارُ خَالِدِينَ فِيهَا نُزُلًا مِنْ عِنْدِ اللَّهِ ۗ وَمَا عِنْدَ اللَّهِ خَيْرٌ لِلْأَبْرَارِ , ربع الحزب (8),الجزء الرابع
200,وَإِنَّ مِنْ أَهْلِ الْكِتَابِ لَمَنْ يُؤْمِنُ بِاللَّهِ وَمَا أُنْزِلَ إِلَيْكُمْ وَمَا أُنْزِلَ إِلَيْهِمْ خَاشِعِينَ لِلَّهِ لَا يَشْتَرُونَ بِآيَاتِ اللَّهِ ثَمَنًا قَلِيلًا ۗ أُولَٰئِكَ لَهُمْ أَجْرُهُمْ عِنْدَ رَبِّهِمْ ۗ إِنَّ اللَّهَ سَرِيعُ الْحِسَابِ, ربع الحزب (8),الجزء الرابع
201,يَا أَيُّهَا الَّذِينَ آمَنُوا اصْبِرُوا وَصَابِرُوا وَرَابِطُوا وَاتَّقُوا اللَّهَ لَعَلَّكُمْ تُفْلِحُونَ, ربع الحزب (8),الجزء الرابع
