﻿1,بِسْمِ اللَّهِ الرَّحْمَنِ الرَّحِيم, ثلاثة أرباع الحزب (41),الجزء الحادي والعشرون
2,الم , ثلاثة أرباع الحزب (41),الجزء الحادي والعشرون
3,تِلْكَ آيَاتُ الْكِتَابِ الْحَكِيمِ , ثلاثة أرباع الحزب (41),الجزء الحادي والعشرون
4,هُدًى وَرَحْمَةً لِلْمُحْسِنِينَ, ثلاثة أرباع الحزب (41),الجزء الحادي والعشرون
5,الَّذِينَ يُقِيمُونَ الصَّلَاةَ وَيُؤْتُونَ الزَّكَاةَ وَهُمْ بِالْآخِرَةِ هُمْ يُوقِنُونَ , ثلاثة أرباع الحزب (41),الجزء الحادي والعشرون
6,أُولَٰئِكَ عَلَىٰ هُدًى مِنْ رَبِّهِمْ ۖ وَأُولَٰئِكَ هُمُ الْمُفْلِحُونَ , ثلاثة أرباع الحزب (41),الجزء الحادي والعشرون
7,وَمِنَ النَّاسِ مَنْ يَشْتَرِي لَهْوَ الْحَدِيثِ لِيُضِلَّ عَنْ سَبِيلِ اللَّهِ بِغَيْرِ عِلْمٍ وَيَتَّخِذَهَا هُزُوًا ۚ أُولَٰئِكَ لَهُمْ عَذَابٌ مُهِينٌ , ثلاثة أرباع الحزب (41),الجزء الحادي والعشرون
8,وَإِذَا تُتْلَىٰ عَلَيْهِ آيَاتُنَا وَلَّىٰ مُسْتَكْبِرًا كَأَنْ لَمْ يَسْمَعْهَا كَأَنَّ فِي أُذُنَيْهِ وَقْرًا ۖ فَبَشِّرْهُ بِعَذَابٍ أَلِيمٍ , ثلاثة أرباع الحزب (41),الجزء الحادي والعشرون
9,إِنَّ الَّذِينَ آمَنُوا وَعَمِلُوا الصَّالِحَاتِ لَهُمْ جَنَّاتُ النَّعِيمِ , ثلاثة أرباع الحزب (41),الجزء الحادي والعشرون
10,خَالِدِينَ فِيهَا ۖ وَعْدَ اللَّهِ حَقًّا ۚ وَهُوَ الْعَزِيزُ الْحَكِيمُ, ثلاثة أرباع الحزب (41),الجزء الحادي والعشرون
11,خَلَقَ السَّمَاوَاتِ بِغَيْرِ عَمَدٍ تَرَوْنَهَا ۖ وَأَلْقَىٰ فِي الْأَرْضِ رَوَاسِيَ أَنْ تَمِيدَ بِكُمْ وَبَثَّ فِيهَا مِنْ كُلِّ دَابَّةٍ ۚ وَأَنْزَلْنَا مِنَ السَّمَاءِ مَاءً فَأَنْبَتْنَا فِيهَا مِنْ كُلِّ زَوْجٍ كَرِيمٍ , ثلاثة أرباع الحزب (41),الجزء الحادي والعشرون
12,هَٰذَا خَلْقُ اللَّهِ فَأَرُونِي مَاذَا خَلَقَ الَّذِينَ مِنْ دُونِهِ ۚ بَلِ الظَّالِمُونَ فِي ضَلَالٍ مُبِينٍ , ثلاثة أرباع الحزب (41),الجزء الحادي والعشرون
13,وَلَقَدْ آتَيْنَا لُقْمَانَ الْحِكْمَةَ أَنِ اشْكُرْ لِلَّهِ ۚ وَمَنْ يَشْكُرْ فَإِنَّمَا يَشْكُرُ لِنَفْسِهِ ۖ وَمَنْ كَفَرَ فَإِنَّ اللَّهَ غَنِيٌّ حَمِيدٌ , ثلاثة أرباع الحزب (41),الجزء الحادي والعشرون
14,وَإِذْ قَالَ لُقْمَانُ لِابْنِهِ وَهُوَ يَعِظُهُ يَا بُنَيَّ لَا تُشْرِكْ بِاللَّهِ ۖ إِنَّ الشِّرْكَ لَظُلْمٌ عَظِيمٌ , ثلاثة أرباع الحزب (41),الجزء الحادي والعشرون
15,وَوَصَّيْنَا الْإِنْسَانَ بِوَالِدَيْهِ حَمَلَتْهُ أُمُّهُ وَهْنًا عَلَىٰ وَهْنٍ وَفِصَالُهُ فِي عَامَيْنِ أَنِ اشْكُرْ لِي وَلِوَالِدَيْكَ إِلَيَّ الْمَصِيرُ , ثلاثة أرباع الحزب (41),الجزء الحادي والعشرون
16,وَإِنْ جَاهَدَاكَ عَلَىٰ أَنْ تُشْرِكَ بِي مَا لَيْسَ لَكَ بِهِ عِلْمٌ فَلَا تُطِعْهُمَا ۖ وَصَاحِبْهُمَا فِي الدُّنْيَا مَعْرُوفًا ۖ وَاتَّبِعْ سَبِيلَ مَنْ أَنَابَ إِلَيَّ ۚ ثُمَّ إِلَيَّ مَرْجِعُكُمْ فَأُنَبِّئُكُمْ بِمَا كُنْتُمْ تَعْمَلُونَ , ثلاثة أرباع الحزب (41),الجزء الحادي والعشرون
17,يَا بُنَيَّ إِنَّهَا إِنْ تَكُ مِثْقَالَ حَبَّةٍ مِنْ خَرْدَلٍ فَتَكُنْ فِي صَخْرَةٍ أَوْ فِي السَّمَاوَاتِ أَوْ فِي الْأَرْضِ يَأْتِ بِهَا اللَّهُ ۚ إِنَّ اللَّهَ لَطِيفٌ خَبِيرٌ, ثلاثة أرباع الحزب (41),الجزء الحادي والعشرون
18,يَا بُنَيَّ أَقِمِ الصَّلَاةَ وَأْمُرْ بِالْمَعْرُوفِ وَانْهَ عَنِ الْمُنْكَرِ وَاصْبِرْ عَلَىٰ مَا أَصَابَكَ ۖ إِنَّ ذَٰلِكَ مِنْ عَزْمِ الْأُمُورِ, ثلاثة أرباع الحزب (41),الجزء الحادي والعشرون
19,وَلَا تُصَعِّرْ خَدَّكَ لِلنَّاسِ وَلَا تَمْشِ فِي الْأَرْضِ مَرَحًا ۖ إِنَّ اللَّهَ لَا يُحِبُّ كُلَّ مُخْتَالٍ فَخُورٍ , ثلاثة أرباع الحزب (41),الجزء الحادي والعشرون
20,وَاقْصِدْ فِي مَشْيِكَ وَاغْضُضْ مِنْ صَوْتِكَ ۚ إِنَّ أَنْكَرَ الْأَصْوَاتِ لَصَوْتُ الْحَمِيرِ , ثلاثة أرباع الحزب (41),الجزء الحادي والعشرون
21,أَلَمْ تَرَوْا أَنَّ اللَّهَ سَخَّرَ لَكُمْ مَا فِي السَّمَاوَاتِ وَمَا فِي الْأَرْضِ وَأَسْبَغَ عَلَيْكُمْ نِعَمَهُ ظَاهِرَةً وَبَاطِنَةً ۗ وَمِنَ النَّاسِ مَنْ يُجَادِلُ فِي اللَّهِ بِغَيْرِ عِلْمٍ وَلَا هُدًى وَلَا كِتَابٍ مُنِيرٍ , ثلاثة أرباع الحزب (41),الجزء الحادي والعشرون
22,وَإِذَا قِيلَ لَهُمُ اتَّبِعُوا مَا أَنْزَلَ اللَّهُ قَالُوا بَلْ نَتَّبِعُ مَا وَجَدْنَا عَلَيْهِ آبَاءَنَا ۚ أَوَلَوْ كَانَ الشَّيْطَانُ يَدْعُوهُمْ إِلَىٰ عَذَابِ السَّعِيرِ, ثلاثة أرباع الحزب (41),الجزء الحادي والعشرون
23,۞ وَمَنْ يُسْلِمْ وَجْهَهُ إِلَى اللَّهِ وَهُوَ مُحْسِنٌ فَقَدِ اسْتَمْسَكَ بِالْعُرْوَةِ الْوُثْقَىٰ ۗ وَإِلَى اللَّهِ عَاقِبَةُ الْأُمُورِ, الحزب (42),الجزء الحادي والعشرون
24,وَمَنْ كَفَرَ فَلَا يَحْزُنْكَ كُفْرُهُ ۚ إِلَيْنَا مَرْجِعُهُمْ فَنُنَبِّئُهُمْ بِمَا عَمِلُوا ۚ إِنَّ اللَّهَ عَلِيمٌ بِذَاتِ الصُّدُورِ, الحزب (42),الجزء الحادي والعشرون
25,نُمَتِّعُهُمْ قَلِيلًا ثُمَّ نَضْطَرُّهُمْ إِلَىٰ عَذَابٍ غَلِيظٍ, الحزب (42),الجزء الحادي والعشرون
26,وَلَئِنْ سَأَلْتَهُمْ مَنْ خَلَقَ السَّمَاوَاتِ وَالْأَرْضَ لَيَقُولُنَّ اللَّهُ ۚ قُلِ الْحَمْدُ لِلَّهِ ۚ بَلْ أَكْثَرُهُمْ لَا يَعْلَمُونَ , الحزب (42),الجزء الحادي والعشرون
27,لِلَّهِ مَا فِي السَّمَاوَاتِ وَالْأَرْضِ ۚ إِنَّ اللَّهَ هُوَ الْغَنِيُّ الْحَمِيدُ , الحزب (42),الجزء الحادي والعشرون
28,وَلَوْ أَنَّمَا فِي الْأَرْضِ مِنْ شَجَرَةٍ أَقْلَامٌ وَالْبَحْرُ يَمُدُّهُ مِنْ بَعْدِهِ سَبْعَةُ أَبْحُرٍ مَا نَفِدَتْ كَلِمَاتُ اللَّهِ ۗ إِنَّ اللَّهَ عَزِيزٌ حَكِيمٌ, الحزب (42),الجزء الحادي والعشرون
29,مَا خَلْقُكُمْ وَلَا بَعْثُكُمْ إِلَّا كَنَفْسٍ وَاحِدَةٍ ۗ إِنَّ اللَّهَ سَمِيعٌ بَصِيرٌ, الحزب (42),الجزء الحادي والعشرون
30,أَلَمْ تَرَ أَنَّ اللَّهَ يُولِجُ اللَّيْلَ فِي النَّهَارِ وَيُولِجُ النَّهَارَ فِي اللَّيْلِ وَسَخَّرَ الشَّمْسَ وَالْقَمَرَ كُلٌّ يَجْرِي إِلَىٰ أَجَلٍ مُسَمًّى وَأَنَّ اللَّهَ بِمَا تَعْمَلُونَ خَبِيرٌ, الحزب (42),الجزء الحادي والعشرون
31,ذَٰلِكَ بِأَنَّ اللَّهَ هُوَ الْحَقُّ وَأَنَّ مَا يَدْعُونَ مِنْ دُونِهِ الْبَاطِلُ وَأَنَّ اللَّهَ هُوَ الْعَلِيُّ الْكَبِيرُ, الحزب (42),الجزء الحادي والعشرون
32,أَلَمْ تَرَ أَنَّ الْفُلْكَ تَجْرِي فِي الْبَحْرِ بِنِعْمَتِ اللَّهِ لِيُرِيَكُمْ مِنْ آيَاتِهِ ۚ إِنَّ فِي ذَٰلِكَ لَآيَاتٍ لِكُلِّ صَبَّارٍ شَكُورٍ , الحزب (42),الجزء الحادي والعشرون
33,وَإِذَا غَشِيَهُمْ مَوْجٌ كَالظُّلَلِ دَعَوُا اللَّهَ مُخْلِصِينَ لَهُ الدِّينَ فَلَمَّا نَجَّاهُمْ إِلَى الْبَرِّ فَمِنْهُمْ مُقْتَصِدٌ ۚ وَمَا يَجْحَدُ بِآيَاتِنَا إِلَّا كُلُّ خَتَّارٍ كَفُورٍ , الحزب (42),الجزء الحادي والعشرون
34,يَا أَيُّهَا النَّاسُ اتَّقُوا رَبَّكُمْ وَاخْشَوْا يَوْمًا لَا يَجْزِي وَالِدٌ عَنْ وَلَدِهِ وَلَا مَوْلُودٌ هُوَ جَازٍ عَنْ وَالِدِهِ شَيْئًا ۚ إِنَّ وَعْدَ اللَّهِ حَقٌّ ۖ فَلَا تَغُرَّنَّكُمُ الْحَيَاةُ الدُّنْيَا وَلَا يَغُرَّنَّكُمْ بِاللَّهِ الْغَرُورُ , الحزب (42),الجزء الحادي والعشرون
35,إِنَّ اللَّهَ عِنْدَهُ عِلْمُ السَّاعَةِ وَيُنَزِّلُ الْغَيْثَ وَيَعْلَمُ مَا فِي الْأَرْحَامِ ۖ وَمَا تَدْرِي نَفْسٌ مَاذَا تَكْسِبُ غَدًا ۖ وَمَا تَدْرِي نَفْسٌ بِأَيِّ أَرْضٍ تَمُوتُ ۚ إِنَّ اللَّهَ عَلِيمٌ خَبِيرٌ, الحزب (42),الجزء الحادي والعشرون
