﻿1,بِسْمِ اللَّهِ الرَّحْمَنِ الرَّحِيم, نصف الحزب (43),الجزء الثاني والعشرون
2,الْحَمْدُ لِلَّهِ الَّذِي لَهُ مَا فِي السَّمَاوَاتِ وَمَا فِي الْأَرْضِ وَلَهُ الْحَمْدُ فِي الْآخِرَةِ ۚ وَهُوَ الْحَكِيمُ الْخَبِيرُ , نصف الحزب (43),الجزء الثاني والعشرون
3,يَعْلَمُ مَا يَلِجُ فِي الْأَرْضِ وَمَا يَخْرُجُ مِنْهَا وَمَا يَنْزِلُ مِنَ السَّمَاءِ وَمَا يَعْرُجُ فِيهَا ۚ وَهُوَ الرَّحِيمُ الْغَفُورُ, نصف الحزب (43),الجزء الثاني والعشرون
4,وَقَالَ الَّذِينَ كَفَرُوا لَا تَأْتِينَا السَّاعَةُ ۖ قُلْ بَلَىٰ وَرَبِّي لَتَأْتِيَنَّكُمْ عَالِمِ الْغَيْبِ ۖ لَا يَعْزُبُ عَنْهُ مِثْقَالُ ذَرَّةٍ فِي السَّمَاوَاتِ وَلَا فِي الْأَرْضِ وَلَا أَصْغَرُ مِنْ ذَٰلِكَ وَلَا أَكْبَرُ إِلَّا فِي كِتَابٍ مُبِينٍ, نصف الحزب (43),الجزء الثاني والعشرون
5,لِيَجْزِيَ الَّذِينَ آمَنُوا وَعَمِلُوا الصَّالِحَاتِ ۚ أُولَٰئِكَ لَهُمْ مَغْفِرَةٌ وَرِزْقٌ كَرِيمٌ , نصف الحزب (43),الجزء الثاني والعشرون
6,وَالَّذِينَ سَعَوْا فِي آيَاتِنَا مُعَاجِزِينَ أُولَٰئِكَ لَهُمْ عَذَابٌ مِنْ رِجْزٍ أَلِيمٌ , نصف الحزب (43),الجزء الثاني والعشرون
7,وَيَرَى الَّذِينَ أُوتُوا الْعِلْمَ الَّذِي أُنْزِلَ إِلَيْكَ مِنْ رَبِّكَ هُوَ الْحَقَّ وَيَهْدِي إِلَىٰ صِرَاطِ الْعَزِيزِ الْحَمِيدِ , نصف الحزب (43),الجزء الثاني والعشرون
8,وَقَالَ الَّذِينَ كَفَرُوا هَلْ نَدُلُّكُمْ عَلَىٰ رَجُلٍ يُنَبِّئُكُمْ إِذَا مُزِّقْتُمْ كُلَّ مُمَزَّقٍ إِنَّكُمْ لَفِي خَلْقٍ جَدِيدٍ, نصف الحزب (43),الجزء الثاني والعشرون
9,أَفْتَرَىٰ عَلَى اللَّهِ كَذِبًا أَمْ بِهِ جِنَّةٌ ۗ بَلِ الَّذِينَ لَا يُؤْمِنُونَ بِالْآخِرَةِ فِي الْعَذَابِ وَالضَّلَالِ الْبَعِيدِ , نصف الحزب (43),الجزء الثاني والعشرون
10,أَفَلَمْ يَرَوْا إِلَىٰ مَا بَيْنَ أَيْدِيهِمْ وَمَا خَلْفَهُمْ مِنَ السَّمَاءِ وَالْأَرْضِ ۚ إِنْ نَشَأْ نَخْسِفْ بِهِمُ الْأَرْضَ أَوْ نُسْقِطْ عَلَيْهِمْ كِسَفًا مِنَ السَّمَاءِ ۚ إِنَّ فِي ذَٰلِكَ لَآيَةً لِكُلِّ عَبْدٍ مُنِيبٍ , نصف الحزب (43),الجزء الثاني والعشرون
11,۞ وَلَقَدْ آتَيْنَا دَاوُودَ مِنَّا فَضْلًا ۖ يَا جِبَالُ أَوِّبِي مَعَهُ وَالطَّيْرَ ۖ وَأَلَنَّا لَهُ الْحَدِيدَ , ثلاثة أرباع الحزب (43),الجزء الثاني والعشرون
12,أَنِ اعْمَلْ سَابِغَاتٍ وَقَدِّرْ فِي السَّرْدِ ۖ وَاعْمَلُوا صَالِحًا ۖ إِنِّي بِمَا تَعْمَلُونَ بَصِيرٌ , ثلاثة أرباع الحزب (43),الجزء الثاني والعشرون
13,وَلِسُلَيْمَانَ الرِّيحَ غُدُوُّهَا شَهْرٌ وَرَوَاحُهَا شَهْرٌ ۖ وَأَسَلْنَا لَهُ عَيْنَ الْقِطْرِ ۖ وَمِنَ الْجِنِّ مَنْ يَعْمَلُ بَيْنَ يَدَيْهِ بِإِذْنِ رَبِّهِ ۖ وَمَنْ يَزِغْ مِنْهُمْ عَنْ أَمْرِنَا نُذِقْهُ مِنْ عَذَابِ السَّعِيرِ , ثلاثة أرباع الحزب (43),الجزء الثاني والعشرون
14,يَعْمَلُونَ لَهُ مَا يَشَاءُ مِنْ مَحَارِيبَ وَتَمَاثِيلَ وَجِفَانٍ كَالْجَوَابِ وَقُدُورٍ رَاسِيَاتٍ ۚ اعْمَلُوا آلَ دَاوُودَ شُكْرًا ۚ وَقَلِيلٌ مِنْ عِبَادِيَ الشَّكُورُ , ثلاثة أرباع الحزب (43),الجزء الثاني والعشرون
15,فَلَمَّا قَضَيْنَا عَلَيْهِ الْمَوْتَ مَا دَلَّهُمْ عَلَىٰ مَوْتِهِ إِلَّا دَابَّةُ الْأَرْضِ تَأْكُلُ مِنْسَأَتَهُ ۖ فَلَمَّا خَرَّ تَبَيَّنَتِ الْجِنُّ أَنْ لَوْ كَانُوا يَعْلَمُونَ الْغَيْبَ مَا لَبِثُوا فِي الْعَذَابِ الْمُهِينِ, ثلاثة أرباع الحزب (43),الجزء الثاني والعشرون
16,لَقَدْ كَانَ لِسَبَإٍ فِي مَسْكَنِهِمْ آيَةٌ ۖ جَنَّتَانِ عَنْ يَمِينٍ وَشِمَالٍ ۖ كُلُوا مِنْ رِزْقِ رَبِّكُمْ وَاشْكُرُوا لَهُ ۚ بَلْدَةٌ طَيِّبَةٌ وَرَبٌّ غَفُورٌ , ثلاثة أرباع الحزب (43),الجزء الثاني والعشرون
17,فَأَعْرَضُوا فَأَرْسَلْنَا عَلَيْهِمْ سَيْلَ الْعَرِمِ وَبَدَّلْنَاهُمْ بِجَنَّتَيْهِمْ جَنَّتَيْنِ ذَوَاتَيْ أُكُلٍ خَمْطٍ وَأَثْلٍ وَشَيْءٍ مِنْ سِدْرٍ قَلِيلٍ , ثلاثة أرباع الحزب (43),الجزء الثاني والعشرون
18,ذَٰلِكَ جَزَيْنَاهُمْ بِمَا كَفَرُوا ۖ وَهَلْ نُجَازِي إِلَّا الْكَفُورَ, ثلاثة أرباع الحزب (43),الجزء الثاني والعشرون
19,وَجَعَلْنَا بَيْنَهُمْ وَبَيْنَ الْقُرَى الَّتِي بَارَكْنَا فِيهَا قُرًى ظَاهِرَةً وَقَدَّرْنَا فِيهَا السَّيْرَ ۖ سِيرُوا فِيهَا لَيَالِيَ وَأَيَّامًا آمِنِينَ, ثلاثة أرباع الحزب (43),الجزء الثاني والعشرون
20,فَقَالُوا رَبَّنَا بَاعِدْ بَيْنَ أَسْفَارِنَا وَظَلَمُوا أَنْفُسَهُمْ فَجَعَلْنَاهُمْ أَحَادِيثَ وَمَزَّقْنَاهُمْ كُلَّ مُمَزَّقٍ ۚ إِنَّ فِي ذَٰلِكَ لَآيَاتٍ لِكُلِّ صَبَّارٍ شَكُورٍ , ثلاثة أرباع الحزب (43),الجزء الثاني والعشرون
21,وَلَقَدْ صَدَّقَ عَلَيْهِمْ إِبْلِيسُ ظَنَّهُ فَاتَّبَعُوهُ إِلَّا فَرِيقًا مِنَ الْمُؤْمِنِينَ , ثلاثة أرباع الحزب (43),الجزء الثاني والعشرون
22,وَمَا كَانَ لَهُ عَلَيْهِمْ مِنْ سُلْطَانٍ إِلَّا لِنَعْلَمَ مَنْ يُؤْمِنُ بِالْآخِرَةِ مِمَّنْ هُوَ مِنْهَا فِي شَكٍّ ۗ وَرَبُّكَ عَلَىٰ كُلِّ شَيْءٍ حَفِيظٌ , ثلاثة أرباع الحزب (43),الجزء الثاني والعشرون
23,قُلِ ادْعُوا الَّذِينَ زَعَمْتُمْ مِنْ دُونِ اللَّهِ ۖ لَا يَمْلِكُونَ مِثْقَالَ ذَرَّةٍ فِي السَّمَاوَاتِ وَلَا فِي الْأَرْضِ وَمَا لَهُمْ فِيهِمَا مِنْ شِرْكٍ وَمَا لَهُ مِنْهُمْ مِنْ ظَهِيرٍ, ثلاثة أرباع الحزب (43),الجزء الثاني والعشرون
24,وَلَا تَنْفَعُ الشَّفَاعَةُ عِنْدَهُ إِلَّا لِمَنْ أَذِنَ لَهُ ۚ حَتَّىٰ إِذَا فُزِّعَ عَنْ قُلُوبِهِمْ قَالُوا مَاذَا قَالَ رَبُّكُمْ ۖ قَالُوا الْحَقَّ ۖ وَهُوَ الْعَلِيُّ الْكَبِيرُ, ثلاثة أرباع الحزب (43),الجزء الثاني والعشرون
25,۞ قُلْ مَنْ يَرْزُقُكُمْ مِنَ السَّمَاوَاتِ وَالْأَرْضِ ۖ قُلِ اللَّهُ ۖ وَإِنَّا أَوْ إِيَّاكُمْ لَعَلَىٰ هُدًى أَوْ فِي ضَلَالٍ مُبِينٍ , الحزب (44),الجزء الثاني والعشرون
26,قُلْ لَا تُسْأَلُونَ عَمَّا أَجْرَمْنَا وَلَا نُسْأَلُ عَمَّا تَعْمَلُونَ, الحزب (44),الجزء الثاني والعشرون
27,قُلْ يَجْمَعُ بَيْنَنَا رَبُّنَا ثُمَّ يَفْتَحُ بَيْنَنَا بِالْحَقِّ وَهُوَ الْفَتَّاحُ الْعَلِيمُ , الحزب (44),الجزء الثاني والعشرون
28,قُلْ أَرُونِيَ الَّذِينَ أَلْحَقْتُمْ بِهِ شُرَكَاءَ ۖ كَلَّا ۚ بَلْ هُوَ اللَّهُ الْعَزِيزُ الْحَكِيمُ , الحزب (44),الجزء الثاني والعشرون
29,وَمَا أَرْسَلْنَاكَ إِلَّا كَافَّةً لِلنَّاسِ بَشِيرًا وَنَذِيرًا وَلَٰكِنَّ أَكْثَرَ النَّاسِ لَا يَعْلَمُونَ , الحزب (44),الجزء الثاني والعشرون
30,وَيَقُولُونَ مَتَىٰ هَٰذَا الْوَعْدُ إِنْ كُنْتُمْ صَادِقِينَ , الحزب (44),الجزء الثاني والعشرون
31,قُلْ لَكُمْ مِيعَادُ يَوْمٍ لَا تَسْتَأْخِرُونَ عَنْهُ سَاعَةً وَلَا تَسْتَقْدِمُونَ , الحزب (44),الجزء الثاني والعشرون
32,وَقَالَ الَّذِينَ كَفَرُوا لَنْ نُؤْمِنَ بِهَٰذَا الْقُرْآنِ وَلَا بِالَّذِي بَيْنَ يَدَيْهِ ۗ وَلَوْ تَرَىٰ إِذِ الظَّالِمُونَ مَوْقُوفُونَ عِنْدَ رَبِّهِمْ يَرْجِعُ بَعْضُهُمْ إِلَىٰ بَعْضٍ الْقَوْلَ يَقُولُ الَّذِينَ اسْتُضْعِفُوا لِلَّذِينَ اسْتَكْبَرُوا لَوْلَا أَنْتُمْ لَكُنَّا مُؤْمِنِينَ, الحزب (44),الجزء الثاني والعشرون
33,قَالَ الَّذِينَ اسْتَكْبَرُوا لِلَّذِينَ اسْتُضْعِفُوا أَنَحْنُ صَدَدْنَاكُمْ عَنِ الْهُدَىٰ بَعْدَ إِذْ جَاءَكُمْ ۖ بَلْ كُنْتُمْ مُجْرِمِينَ , الحزب (44),الجزء الثاني والعشرون
34,وَقَالَ الَّذِينَ اسْتُضْعِفُوا لِلَّذِينَ اسْتَكْبَرُوا بَلْ مَكْرُ اللَّيْلِ وَالنَّهَارِ إِذْ تَأْمُرُونَنَا أَنْ نَكْفُرَ بِاللَّهِ وَنَجْعَلَ لَهُ أَنْدَادًا ۚ وَأَسَرُّوا النَّدَامَةَ لَمَّا رَأَوُا الْعَذَابَ وَجَعَلْنَا الْأَغْلَالَ فِي أَعْنَاقِ الَّذِينَ كَفَرُوا ۚ هَلْ يُجْزَوْنَ إِلَّا مَا كَانُوا يَعْمَلُونَ , الحزب (44),الجزء الثاني والعشرون
35,وَمَا أَرْسَلْنَا فِي قَرْيَةٍ مِنْ نَذِيرٍ إِلَّا قَالَ مُتْرَفُوهَا إِنَّا بِمَا أُرْسِلْتُمْ بِهِ كَافِرُونَ, الحزب (44),الجزء الثاني والعشرون
36,وَقَالُوا نَحْنُ أَكْثَرُ أَمْوَالًا وَأَوْلَادًا وَمَا نَحْنُ بِمُعَذَّبِينَ , الحزب (44),الجزء الثاني والعشرون
37,قُلْ إِنَّ رَبِّي يَبْسُطُ الرِّزْقَ لِمَنْ يَشَاءُ وَيَقْدِرُ وَلَٰكِنَّ أَكْثَرَ النَّاسِ لَا يَعْلَمُونَ , الحزب (44),الجزء الثاني والعشرون
38,وَمَا أَمْوَالُكُمْ وَلَا أَوْلَادُكُمْ بِالَّتِي تُقَرِّبُكُمْ عِنْدَنَا زُلْفَىٰ إِلَّا مَنْ آمَنَ وَعَمِلَ صَالِحًا فَأُولَٰئِكَ لَهُمْ جَزَاءُ الضِّعْفِ بِمَا عَمِلُوا وَهُمْ فِي الْغُرُفَاتِ آمِنُونَ, الحزب (44),الجزء الثاني والعشرون
39,وَالَّذِينَ يَسْعَوْنَ فِي آيَاتِنَا مُعَاجِزِينَ أُولَٰئِكَ فِي الْعَذَابِ مُحْضَرُونَ , الحزب (44),الجزء الثاني والعشرون
40,قُلْ إِنَّ رَبِّي يَبْسُطُ الرِّزْقَ لِمَنْ يَشَاءُ مِنْ عِبَادِهِ وَيَقْدِرُ لَهُ ۚ وَمَا أَنْفَقْتُمْ مِنْ شَيْءٍ فَهُوَ يُخْلِفُهُ ۖ وَهُوَ خَيْرُ الرَّازِقِينَ, الحزب (44),الجزء الثاني والعشرون
41,وَيَوْمَ يَحْشُرُهُمْ جَمِيعًا ثُمَّ يَقُولُ لِلْمَلَائِكَةِ أَهَٰؤُلَاءِ إِيَّاكُمْ كَانُوا يَعْبُدُونَ , الحزب (44),الجزء الثاني والعشرون
42,قَالُوا سُبْحَانَكَ أَنْتَ وَلِيُّنَا مِنْ دُونِهِمْ ۖ بَلْ كَانُوا يَعْبُدُونَ الْجِنَّ ۖ أَكْثَرُهُمْ بِهِمْ مُؤْمِنُونَ , الحزب (44),الجزء الثاني والعشرون
43,فَالْيَوْمَ لَا يَمْلِكُ بَعْضُكُمْ لِبَعْضٍ نَفْعًا وَلَا ضَرًّا وَنَقُولُ لِلَّذِينَ ظَلَمُوا ذُوقُوا عَذَابَ النَّارِ الَّتِي كُنْتُمْ بِهَا تُكَذِّبُونَ, الحزب (44),الجزء الثاني والعشرون
44,وَإِذَا تُتْلَىٰ عَلَيْهِمْ آيَاتُنَا بَيِّنَاتٍ قَالُوا مَا هَٰذَا إِلَّا رَجُلٌ يُرِيدُ أَنْ يَصُدَّكُمْ عَمَّا كَانَ يَعْبُدُ آبَاؤُكُمْ وَقَالُوا مَا هَٰذَا إِلَّا إِفْكٌ مُفْتَرًى ۚ وَقَالَ الَّذِينَ كَفَرُوا لِلْحَقِّ لَمَّا جَاءَهُمْ إِنْ هَٰذَا إِلَّا سِحْرٌ مُبِينٌ , الحزب (44),الجزء الثاني والعشرون
45,وَمَا آتَيْنَاهُمْ مِنْ كُتُبٍ يَدْرُسُونَهَا ۖ وَمَا أَرْسَلْنَا إِلَيْهِمْ قَبْلَكَ مِنْ نَذِيرٍ , الحزب (44),الجزء الثاني والعشرون
46,وَكَذَّبَ الَّذِينَ مِنْ قَبْلِهِمْ وَمَا بَلَغُوا مِعْشَارَ مَا آتَيْنَاهُمْ فَكَذَّبُوا رُسُلِي ۖ فَكَيْفَ كَانَ نَكِيرِ , الحزب (44),الجزء الثاني والعشرون
47,۞ قُلْ إِنَّمَا أَعِظُكُمْ بِوَاحِدَةٍ ۖ أَنْ تَقُومُوا لِلَّهِ مَثْنَىٰ وَفُرَادَىٰ ثُمَّ تَتَفَكَّرُوا ۚ مَا بِصَاحِبِكُمْ مِنْ جِنَّةٍ ۚ إِنْ هُوَ إِلَّا نَذِيرٌ لَكُمْ بَيْنَ يَدَيْ عَذَابٍ شَدِيدٍ, ربع الحزب (44),الجزء الثاني والعشرون
48,قُلْ مَا سَأَلْتُكُمْ مِنْ أَجْرٍ فَهُوَ لَكُمْ ۖ إِنْ أَجْرِيَ إِلَّا عَلَى اللَّهِ ۖ وَهُوَ عَلَىٰ كُلِّ شَيْءٍ شَهِيدٌ , ربع الحزب (44),الجزء الثاني والعشرون
49,قُلْ إِنَّ رَبِّي يَقْذِفُ بِالْحَقِّ عَلَّامُ الْغُيُوبِ , ربع الحزب (44),الجزء الثاني والعشرون
50,قُلْ جَاءَ الْحَقُّ وَمَا يُبْدِئُ الْبَاطِلُ وَمَا يُعِيدُ, ربع الحزب (44),الجزء الثاني والعشرون
51,قُلْ إِنْ ضَلَلْتُ فَإِنَّمَا أَضِلُّ عَلَىٰ نَفْسِي ۖ وَإِنِ اهْتَدَيْتُ فَبِمَا يُوحِي إِلَيَّ رَبِّي ۚ إِنَّهُ سَمِيعٌ قَرِيبٌ , ربع الحزب (44),الجزء الثاني والعشرون
52,وَلَوْ تَرَىٰ إِذْ فَزِعُوا فَلَا فَوْتَ وَأُخِذُوا مِنْ مَكَانٍ قَرِيبٍ , ربع الحزب (44),الجزء الثاني والعشرون
53,وَقَالُوا آمَنَّا بِهِ وَأَنَّىٰ لَهُمُ التَّنَاوُشُ مِنْ مَكَانٍ بَعِيدٍ , ربع الحزب (44),الجزء الثاني والعشرون
54,وَقَدْ كَفَرُوا بِهِ مِنْ قَبْلُ ۖ وَيَقْذِفُونَ بِالْغَيْبِ مِنْ مَكَانٍ بَعِيدٍ , ربع الحزب (44),الجزء الثاني والعشرون
55,وَحِيلَ بَيْنَهُمْ وَبَيْنَ مَا يَشْتَهُونَ كَمَا فُعِلَ بِأَشْيَاعِهِمْ مِنْ قَبْلُ ۚ إِنَّهُمْ كَانُوا فِي شَكٍّ مُرِيبٍ, ربع الحزب (44),الجزء الثاني والعشرون
