﻿1,بِسْمِ اللَّهِ الرَّحْمَنِ الرَّحِيم, ربع الحزب (44),الجزء الثاني والعشرون
2,الْحَمْدُ لِلَّهِ فَاطِرِ السَّمَاوَاتِ وَالْأَرْضِ جَاعِلِ الْمَلَائِكَةِ رُسُلًا أُولِي أَجْنِحَةٍ مَثْنَىٰ وَثُلَاثَ وَرُبَاعَ ۚ يَزِيدُ فِي الْخَلْقِ مَا يَشَاءُ ۚ إِنَّ اللَّهَ عَلَىٰ كُلِّ شَيْءٍ قَدِيرٌ , ربع الحزب (44),الجزء الثاني والعشرون
3,مَا يَفْتَحِ اللَّهُ لِلنَّاسِ مِنْ رَحْمَةٍ فَلَا مُمْسِكَ لَهَا ۖ وَمَا يُمْسِكْ فَلَا مُرْسِلَ لَهُ مِنْ بَعْدِهِ ۚ وَهُوَ الْعَزِيزُ الْحَكِيمُ , ربع الحزب (44),الجزء الثاني والعشرون
4,يَا أَيُّهَا النَّاسُ اذْكُرُوا نِعْمَتَ اللَّهِ عَلَيْكُمْ ۚ هَلْ مِنْ خَالِقٍ غَيْرُ اللَّهِ يَرْزُقُكُمْ مِنَ السَّمَاءِ وَالْأَرْضِ ۚ لَا إِلَٰهَ إِلَّا هُوَ ۖ فَأَنَّىٰ تُؤْفَكُونَ , ربع الحزب (44),الجزء الثاني والعشرون
5,وَإِنْ يُكَذِّبُوكَ فَقَدْ كُذِّبَتْ رُسُلٌ مِنْ قَبْلِكَ ۚ وَإِلَى اللَّهِ تُرْجَعُ الْأُمُورُ , ربع الحزب (44),الجزء الثاني والعشرون
6,يَا أَيُّهَا النَّاسُ إِنَّ وَعْدَ اللَّهِ حَقٌّ ۖ فَلَا تَغُرَّنَّكُمُ الْحَيَاةُ الدُّنْيَا ۖ وَلَا يَغُرَّنَّكُمْ بِاللَّهِ الْغَرُورُ , ربع الحزب (44),الجزء الثاني والعشرون
7,إِنَّ الشَّيْطَانَ لَكُمْ عَدُوٌّ فَاتَّخِذُوهُ عَدُوًّا ۚ إِنَّمَا يَدْعُو حِزْبَهُ لِيَكُونُوا مِنْ أَصْحَابِ السَّعِيرِ , ربع الحزب (44),الجزء الثاني والعشرون
8,الَّذِينَ كَفَرُوا لَهُمْ عَذَابٌ شَدِيدٌ ۖ وَالَّذِينَ آمَنُوا وَعَمِلُوا الصَّالِحَاتِ لَهُمْ مَغْفِرَةٌ وَأَجْرٌ كَبِيرٌ, ربع الحزب (44),الجزء الثاني والعشرون
9,أَفَمَنْ زُيِّنَ لَهُ سُوءُ عَمَلِهِ فَرَآهُ حَسَنًا ۖ فَإِنَّ اللَّهَ يُضِلُّ مَنْ يَشَاءُ وَيَهْدِي مَنْ يَشَاءُ ۖ فَلَا تَذْهَبْ نَفْسُكَ عَلَيْهِمْ حَسَرَاتٍ ۚ إِنَّ اللَّهَ عَلِيمٌ بِمَا يَصْنَعُونَ , ربع الحزب (44),الجزء الثاني والعشرون
10,وَاللَّهُ الَّذِي أَرْسَلَ الرِّيَاحَ فَتُثِيرُ سَحَابًا فَسُقْنَاهُ إِلَىٰ بَلَدٍ مَيِّتٍ فَأَحْيَيْنَا بِهِ الْأَرْضَ بَعْدَ مَوْتِهَا ۚ كَذَٰلِكَ النُّشُورُ , ربع الحزب (44),الجزء الثاني والعشرون
11,مَنْ كَانَ يُرِيدُ الْعِزَّةَ فَلِلَّهِ الْعِزَّةُ جَمِيعًا ۚ إِلَيْهِ يَصْعَدُ الْكَلِمُ الطَّيِّبُ وَالْعَمَلُ الصَّالِحُ يَرْفَعُهُ ۚ وَالَّذِينَ يَمْكُرُونَ السَّيِّئَاتِ لَهُمْ عَذَابٌ شَدِيدٌ ۖ وَمَكْرُ أُولَٰئِكَ هُوَ يَبُورُ , ربع الحزب (44),الجزء الثاني والعشرون
12,وَاللَّهُ خَلَقَكُمْ مِنْ تُرَابٍ ثُمَّ مِنْ نُطْفَةٍ ثُمَّ جَعَلَكُمْ أَزْوَاجًا ۚ وَمَا تَحْمِلُ مِنْ أُنْثَىٰ وَلَا تَضَعُ إِلَّا بِعِلْمِهِ ۚ وَمَا يُعَمَّرُ مِنْ مُعَمَّرٍ وَلَا يُنْقَصُ مِنْ عُمُرِهِ إِلَّا فِي كِتَابٍ ۚ إِنَّ ذَٰلِكَ عَلَى اللَّهِ يَسِيرٌ, ربع الحزب (44),الجزء الثاني والعشرون
13,وَمَا يَسْتَوِي الْبَحْرَانِ هَٰذَا عَذْبٌ فُرَاتٌ سَائِغٌ شَرَابُهُ وَهَٰذَا مِلْحٌ أُجَاجٌ ۖ وَمِنْ كُلٍّ تَأْكُلُونَ لَحْمًا طَرِيًّا وَتَسْتَخْرِجُونَ حِلْيَةً تَلْبَسُونَهَا ۖ وَتَرَى الْفُلْكَ فِيهِ مَوَاخِرَ لِتَبْتَغُوا مِنْ فَضْلِهِ وَلَعَلَّكُمْ تَشْكُرُونَ , ربع الحزب (44),الجزء الثاني والعشرون
14,يُولِجُ اللَّيْلَ فِي النَّهَارِ وَيُولِجُ النَّهَارَ فِي اللَّيْلِ وَسَخَّرَ الشَّمْسَ وَالْقَمَرَ كُلٌّ يَجْرِي لِأَجَلٍ مُسَمًّى ۚ ذَٰلِكُمُ اللَّهُ رَبُّكُمْ لَهُ الْمُلْكُ ۚ وَالَّذِينَ تَدْعُونَ مِنْ دُونِهِ مَا يَمْلِكُونَ مِنْ قِطْمِيرٍ , ربع الحزب (44),الجزء الثاني والعشرون
15,إِنْ تَدْعُوهُمْ لَا يَسْمَعُوا دُعَاءَكُمْ وَلَوْ سَمِعُوا مَا اسْتَجَابُوا لَكُمْ ۖ وَيَوْمَ الْقِيَامَةِ يَكْفُرُونَ بِشِرْكِكُمْ ۚ وَلَا يُنَبِّئُكَ مِثْلُ خَبِيرٍ, ربع الحزب (44),الجزء الثاني والعشرون
16,۞ يَا أَيُّهَا النَّاسُ أَنْتُمُ الْفُقَرَاءُ إِلَى اللَّهِ ۖ وَاللَّهُ هُوَ الْغَنِيُّ الْحَمِيدُ , نصف الحزب (44),الجزء الثاني والعشرون
17,إِنْ يَشَأْ يُذْهِبْكُمْ وَيَأْتِ بِخَلْقٍ جَدِيدٍ, نصف الحزب (44),الجزء الثاني والعشرون
18,وَمَا ذَٰلِكَ عَلَى اللَّهِ بِعَزِيزٍ , نصف الحزب (44),الجزء الثاني والعشرون
19,وَلَا تَزِرُ وَازِرَةٌ وِزْرَ أُخْرَىٰ ۚ وَإِنْ تَدْعُ مُثْقَلَةٌ إِلَىٰ حِمْلِهَا لَا يُحْمَلْ مِنْهُ شَيْءٌ وَلَوْ كَانَ ذَا قُرْبَىٰ ۗ إِنَّمَا تُنْذِرُ الَّذِينَ يَخْشَوْنَ رَبَّهُمْ بِالْغَيْبِ وَأَقَامُوا الصَّلَاةَ ۚ وَمَنْ تَزَكَّىٰ فَإِنَّمَا يَتَزَكَّىٰ لِنَفْسِهِ ۚ وَإِلَى اللَّهِ الْمَصِيرُ , نصف الحزب (44),الجزء الثاني والعشرون
20,وَمَا يَسْتَوِي الْأَعْمَىٰ وَالْبَصِيرُ, نصف الحزب (44),الجزء الثاني والعشرون
21,وَلَا الظُّلُمَاتُ وَلَا النُّورُ, نصف الحزب (44),الجزء الثاني والعشرون
22,وَلَا الظِّلُّ وَلَا الْحَرُورُ, نصف الحزب (44),الجزء الثاني والعشرون
23,وَمَا يَسْتَوِي الْأَحْيَاءُ وَلَا الْأَمْوَاتُ ۚ إِنَّ اللَّهَ يُسْمِعُ مَنْ يَشَاءُ ۖ وَمَا أَنْتَ بِمُسْمِعٍ مَنْ فِي الْقُبُورِ, نصف الحزب (44),الجزء الثاني والعشرون
24,إِنْ أَنْتَ إِلَّا نَذِيرٌ , نصف الحزب (44),الجزء الثاني والعشرون
25,إِنَّا أَرْسَلْنَاكَ بِالْحَقِّ بَشِيرًا وَنَذِيرًا ۚ وَإِنْ مِنْ أُمَّةٍ إِلَّا خَلَا فِيهَا نَذِيرٌ , نصف الحزب (44),الجزء الثاني والعشرون
26,وَإِنْ يُكَذِّبُوكَ فَقَدْ كَذَّبَ الَّذِينَ مِنْ قَبْلِهِمْ جَاءَتْهُمْ رُسُلُهُمْ بِالْبَيِّنَاتِ وَبِالزُّبُرِ وَبِالْكِتَابِ الْمُنِيرِ, نصف الحزب (44),الجزء الثاني والعشرون
27,ثُمَّ أَخَذْتُ الَّذِينَ كَفَرُوا ۖ فَكَيْفَ كَانَ نَكِيرِ, نصف الحزب (44),الجزء الثاني والعشرون
28,أَلَمْ تَرَ أَنَّ اللَّهَ أَنْزَلَ مِنَ السَّمَاءِ مَاءً فَأَخْرَجْنَا بِهِ ثَمَرَاتٍ مُخْتَلِفًا أَلْوَانُهَا ۚ وَمِنَ الْجِبَالِ جُدَدٌ بِيضٌ وَحُمْرٌ مُخْتَلِفٌ أَلْوَانُهَا وَغَرَابِيبُ سُودٌ, نصف الحزب (44),الجزء الثاني والعشرون
29,وَمِنَ النَّاسِ وَالدَّوَابِّ وَالْأَنْعَامِ مُخْتَلِفٌ أَلْوَانُهُ كَذَٰلِكَ ۗ إِنَّمَا يَخْشَى اللَّهَ مِنْ عِبَادِهِ الْعُلَمَاءُ ۗ إِنَّ اللَّهَ عَزِيزٌ غَفُورٌ , نصف الحزب (44),الجزء الثاني والعشرون
30,إِنَّ الَّذِينَ يَتْلُونَ كِتَابَ اللَّهِ وَأَقَامُوا الصَّلَاةَ وَأَنْفَقُوا مِمَّا رَزَقْنَاهُمْ سِرًّا وَعَلَانِيَةً يَرْجُونَ تِجَارَةً لَنْ تَبُورَ , نصف الحزب (44),الجزء الثاني والعشرون
31,لِيُوَفِّيَهُمْ أُجُورَهُمْ وَيَزِيدَهُمْ مِنْ فَضْلِهِ ۚ إِنَّهُ غَفُورٌ شَكُورٌ, نصف الحزب (44),الجزء الثاني والعشرون
32,وَالَّذِي أَوْحَيْنَا إِلَيْكَ مِنَ الْكِتَابِ هُوَ الْحَقُّ مُصَدِّقًا لِمَا بَيْنَ يَدَيْهِ ۗ إِنَّ اللَّهَ بِعِبَادِهِ لَخَبِيرٌ بَصِيرٌ, نصف الحزب (44),الجزء الثاني والعشرون
33,ثُمَّ أَوْرَثْنَا الْكِتَابَ الَّذِينَ اصْطَفَيْنَا مِنْ عِبَادِنَا ۖ فَمِنْهُمْ ظَالِمٌ لِنَفْسِهِ وَمِنْهُمْ مُقْتَصِدٌ وَمِنْهُمْ سَابِقٌ بِالْخَيْرَاتِ بِإِذْنِ اللَّهِ ۚ ذَٰلِكَ هُوَ الْفَضْلُ الْكَبِيرُ, نصف الحزب (44),الجزء الثاني والعشرون
34,جَنَّاتُ عَدْنٍ يَدْخُلُونَهَا يُحَلَّوْنَ فِيهَا مِنْ أَسَاوِرَ مِنْ ذَهَبٍ وَلُؤْلُؤًا ۖ وَلِبَاسُهُمْ فِيهَا حَرِيرٌ , نصف الحزب (44),الجزء الثاني والعشرون
35,وَقَالُوا الْحَمْدُ لِلَّهِ الَّذِي أَذْهَبَ عَنَّا الْحَزَنَ ۖ إِنَّ رَبَّنَا لَغَفُورٌ شَكُورٌ , نصف الحزب (44),الجزء الثاني والعشرون
36,الَّذِي أَحَلَّنَا دَارَ الْمُقَامَةِ مِنْ فَضْلِهِ لَا يَمَسُّنَا فِيهَا نَصَبٌ وَلَا يَمَسُّنَا فِيهَا لُغُوبٌ , نصف الحزب (44),الجزء الثاني والعشرون
37,وَالَّذِينَ كَفَرُوا لَهُمْ نَارُ جَهَنَّمَ لَا يُقْضَىٰ عَلَيْهِمْ فَيَمُوتُوا وَلَا يُخَفَّفُ عَنْهُمْ مِنْ عَذَابِهَا ۚ كَذَٰلِكَ نَجْزِي كُلَّ كَفُورٍ , نصف الحزب (44),الجزء الثاني والعشرون
38,وَهُمْ يَصْطَرِخُونَ فِيهَا رَبَّنَا أَخْرِجْنَا نَعْمَلْ صَالِحًا غَيْرَ الَّذِي كُنَّا نَعْمَلُ ۚ أَوَلَمْ نُعَمِّرْكُمْ مَا يَتَذَكَّرُ فِيهِ مَنْ تَذَكَّرَ وَجَاءَكُمُ النَّذِيرُ ۖ فَذُوقُوا فَمَا لِلظَّالِمِينَ مِنْ نَصِيرٍ, نصف الحزب (44),الجزء الثاني والعشرون
39,إِنَّ اللَّهَ عَالِمُ غَيْبِ السَّمَاوَاتِ وَالْأَرْضِ ۚ إِنَّهُ عَلِيمٌ بِذَاتِ الصُّدُورِ , نصف الحزب (44),الجزء الثاني والعشرون
40,هُوَ الَّذِي جَعَلَكُمْ خَلَائِفَ فِي الْأَرْضِ ۚ فَمَنْ كَفَرَ فَعَلَيْهِ كُفْرُهُ ۖ وَلَا يَزِيدُ الْكَافِرِينَ كُفْرُهُمْ عِنْدَ رَبِّهِمْ إِلَّا مَقْتًا ۖ وَلَا يَزِيدُ الْكَافِرِينَ كُفْرُهُمْ إِلَّا خَسَارًا, نصف الحزب (44),الجزء الثاني والعشرون
41,قُلْ أَرَأَيْتُمْ شُرَكَاءَكُمُ الَّذِينَ تَدْعُونَ مِنْ دُونِ اللَّهِ أَرُونِي مَاذَا خَلَقُوا مِنَ الْأَرْضِ أَمْ لَهُمْ شِرْكٌ فِي السَّمَاوَاتِ أَمْ آتَيْنَاهُمْ كِتَابًا فَهُمْ عَلَىٰ بَيِّنَتٍ مِنْهُ ۚ بَلْ إِنْ يَعِدُ الظَّالِمُونَ بَعْضُهُمْ بَعْضًا إِلَّا غُرُورًا , نصف الحزب (44),الجزء الثاني والعشرون
42,۞ إِنَّ اللَّهَ يُمْسِكُ السَّمَاوَاتِ وَالْأَرْضَ أَنْ تَزُولَا ۚ وَلَئِنْ زَالَتَا إِنْ أَمْسَكَهُمَا مِنْ أَحَدٍ مِنْ بَعْدِهِ ۚ إِنَّهُ كَانَ حَلِيمًا غَفُورًا , ثلاثة أرباع الحزب (44),الجزء الثاني والعشرون
43,وَأَقْسَمُوا بِاللَّهِ جَهْدَ أَيْمَانِهِمْ لَئِنْ جَاءَهُمْ نَذِيرٌ لَيَكُونُنَّ أَهْدَىٰ مِنْ إِحْدَى الْأُمَمِ ۖ فَلَمَّا جَاءَهُمْ نَذِيرٌ مَا زَادَهُمْ إِلَّا نُفُورًا , ثلاثة أرباع الحزب (44),الجزء الثاني والعشرون
44,اسْتِكْبَارًا فِي الْأَرْضِ وَمَكْرَ السَّيِّئِ ۚ وَلَا يَحِيقُ الْمَكْرُ السَّيِّئُ إِلَّا بِأَهْلِهِ ۚ فَهَلْ يَنْظُرُونَ إِلَّا سُنَّتَ الْأَوَّلِينَ ۚ فَلَنْ تَجِدَ لِسُنَّتِ اللَّهِ تَبْدِيلًا ۖ وَلَنْ تَجِدَ لِسُنَّتِ اللَّهِ تَحْوِيلًا , ثلاثة أرباع الحزب (44),الجزء الثاني والعشرون
45,أَوَلَمْ يَسِيرُوا فِي الْأَرْضِ فَيَنْظُرُوا كَيْفَ كَانَ عَاقِبَةُ الَّذِينَ مِنْ قَبْلِهِمْ وَكَانُوا أَشَدَّ مِنْهُمْ قُوَّةً ۚ وَمَا كَانَ اللَّهُ لِيُعْجِزَهُ مِنْ شَيْءٍ فِي السَّمَاوَاتِ وَلَا فِي الْأَرْضِ ۚ إِنَّهُ كَانَ عَلِيمًا قَدِيرًا , ثلاثة أرباع الحزب (44),الجزء الثاني والعشرون
46,وَلَوْ يُؤَاخِذُ اللَّهُ النَّاسَ بِمَا كَسَبُوا مَا تَرَكَ عَلَىٰ ظَهْرِهَا مِنْ دَابَّةٍ وَلَٰكِنْ يُؤَخِّرُهُمْ إِلَىٰ أَجَلٍ مُسَمًّى ۖ فَإِذَا جَاءَ أَجَلُهُمْ فَإِنَّ اللَّهَ كَانَ بِعِبَادِهِ بَصِيرًا, ثلاثة أرباع الحزب (44),الجزء الثاني والعشرون
