﻿1,بِسْمِ اللَّهِ الرَّحْمَنِ الرَّحِيم, ثلاثة أرباع الحزب (44),الجزء الثاني والعشرون
2,يس , ثلاثة أرباع الحزب (44),الجزء الثاني والعشرون
3,وَالْقُرْآنِ الْحَكِيمِ , ثلاثة أرباع الحزب (44),الجزء الثاني والعشرون
4,إِنَّكَ لَمِنَ الْمُرْسَلِينَ , ثلاثة أرباع الحزب (44),الجزء الثاني والعشرون
5,عَلَىٰ صِرَاطٍ مُسْتَقِيمٍ , ثلاثة أرباع الحزب (44),الجزء الثاني والعشرون
6,تَنْزِيلَ الْعَزِيزِ الرَّحِيمِ , ثلاثة أرباع الحزب (44),الجزء الثاني والعشرون
7,لِتُنْذِرَ قَوْمًا مَا أُنْذِرَ آبَاؤُهُمْ فَهُمْ غَافِلُونَ, ثلاثة أرباع الحزب (44),الجزء الثاني والعشرون
8,لَقَدْ حَقَّ الْقَوْلُ عَلَىٰ أَكْثَرِهِمْ فَهُمْ لَا يُؤْمِنُونَ , ثلاثة أرباع الحزب (44),الجزء الثاني والعشرون
9,إِنَّا جَعَلْنَا فِي أَعْنَاقِهِمْ أَغْلَالًا فَهِيَ إِلَى الْأَذْقَانِ فَهُمْ مُقْمَحُونَ , ثلاثة أرباع الحزب (44),الجزء الثاني والعشرون
10,وَجَعَلْنَا مِنْ بَيْنِ أَيْدِيهِمْ سَدًّا وَمِنْ خَلْفِهِمْ سَدًّا فَأَغْشَيْنَاهُمْ فَهُمْ لَا يُبْصِرُونَ, ثلاثة أرباع الحزب (44),الجزء الثاني والعشرون
11,وَسَوَاءٌ عَلَيْهِمْ أَأَنْذَرْتَهُمْ أَمْ لَمْ تُنْذِرْهُمْ لَا يُؤْمِنُونَ , ثلاثة أرباع الحزب (44),الجزء الثاني والعشرون
12,إِنَّمَا تُنْذِرُ مَنِ اتَّبَعَ الذِّكْرَ وَخَشِيَ الرَّحْمَٰنَ بِالْغَيْبِ ۖ فَبَشِّرْهُ بِمَغْفِرَةٍ وَأَجْرٍ كَرِيمٍ , ثلاثة أرباع الحزب (44),الجزء الثاني والعشرون
13,إِنَّا نَحْنُ نُحْيِي الْمَوْتَىٰ وَنَكْتُبُ مَا قَدَّمُوا وَآثَارَهُمْ ۚ وَكُلَّ شَيْءٍ أَحْصَيْنَاهُ فِي إِمَامٍ مُبِينٍ , ثلاثة أرباع الحزب (44),الجزء الثاني والعشرون
14,وَاضْرِبْ لَهُمْ مَثَلًا أَصْحَابَ الْقَرْيَةِ إِذْ جَاءَهَا الْمُرْسَلُونَ , ثلاثة أرباع الحزب (44),الجزء الثاني والعشرون
15,إِذْ أَرْسَلْنَا إِلَيْهِمُ اثْنَيْنِ فَكَذَّبُوهُمَا فَعَزَّزْنَا بِثَالِثٍ فَقَالُوا إِنَّا إِلَيْكُمْ مُرْسَلُونَ, ثلاثة أرباع الحزب (44),الجزء الثاني والعشرون
16,قَالُوا مَا أَنْتُمْ إِلَّا بَشَرٌ مِثْلُنَا وَمَا أَنْزَلَ الرَّحْمَٰنُ مِنْ شَيْءٍ إِنْ أَنْتُمْ إِلَّا تَكْذِبُونَ, ثلاثة أرباع الحزب (44),الجزء الثاني والعشرون
17,قَالُوا رَبُّنَا يَعْلَمُ إِنَّا إِلَيْكُمْ لَمُرْسَلُونَ, ثلاثة أرباع الحزب (44),الجزء الثاني والعشرون
18,وَمَا عَلَيْنَا إِلَّا الْبَلَاغُ الْمُبِينُ , ثلاثة أرباع الحزب (44),الجزء الثاني والعشرون
19,قَالُوا إِنَّا تَطَيَّرْنَا بِكُمْ ۖ لَئِنْ لَمْ تَنْتَهُوا لَنَرْجُمَنَّكُمْ وَلَيَمَسَّنَّكُمْ مِنَّا عَذَابٌ أَلِيمٌ , ثلاثة أرباع الحزب (44),الجزء الثاني والعشرون
20,قَالُوا طَائِرُكُمْ مَعَكُمْ ۚ أَئِنْ ذُكِّرْتُمْ ۚ بَلْ أَنْتُمْ قَوْمٌ مُسْرِفُونَ , ثلاثة أرباع الحزب (44),الجزء الثاني والعشرون
21,وَجَاءَ مِنْ أَقْصَى الْمَدِينَةِ رَجُلٌ يَسْعَىٰ قَالَ يَا قَوْمِ اتَّبِعُوا الْمُرْسَلِينَ , ثلاثة أرباع الحزب (44),الجزء الثاني والعشرون
22,اتَّبِعُوا مَنْ لَا يَسْأَلُكُمْ أَجْرًا وَهُمْ مُهْتَدُونَ , ثلاثة أرباع الحزب (44),الجزء الثاني والعشرون
23,وَمَا لِيَ لَا أَعْبُدُ الَّذِي فَطَرَنِي وَإِلَيْهِ تُرْجَعُونَ , ثلاثة أرباع الحزب (44),الجزء الثاني والعشرون
24,أَأَتَّخِذُ مِنْ دُونِهِ آلِهَةً إِنْ يُرِدْنِ الرَّحْمَٰنُ بِضُرٍّ لَا تُغْنِ عَنِّي شَفَاعَتُهُمْ شَيْئًا وَلَا يُنْقِذُونِ , ثلاثة أرباع الحزب (44),الجزء الثاني والعشرون
25,إِنِّي إِذًا لَفِي ضَلَالٍ مُبِينٍ , ثلاثة أرباع الحزب (44),الجزء الثاني والعشرون
26,إِنِّي آمَنْتُ بِرَبِّكُمْ فَاسْمَعُونِ , ثلاثة أرباع الحزب (44),الجزء الثاني والعشرون
27,قِيلَ ادْخُلِ الْجَنَّةَ ۖ قَالَ يَا لَيْتَ قَوْمِي يَعْلَمُونَ , ثلاثة أرباع الحزب (44),الجزء الثاني والعشرون
28,بِمَا غَفَرَ لِي رَبِّي وَجَعَلَنِي مِنَ الْمُكْرَمِينَ, ثلاثة أرباع الحزب (44),الجزء الثاني والعشرون
29,وَمَا أَنْزَلْنَا عَلَىٰ قَوْمِهِ مِنْ بَعْدِهِ مِنْ جُنْدٍ مِنَ السَّمَاءِ وَمَا كُنَّا مُنْزِلِينَ ۞ , الحزب (45),الجزء الثالث والعشرون
30,إِنْ كَانَتْ إِلَّا صَيْحَةً وَاحِدَةً فَإِذَا هُمْ خَامِدُونَ, الحزب (45),الجزء الثالث والعشرون
31,يَا حَسْرَةً عَلَى الْعِبَادِ ۚ مَا يَأْتِيهِمْ مِنْ رَسُولٍ إِلَّا كَانُوا بِهِ يَسْتَهْزِئُونَ , الحزب (45),الجزء الثالث والعشرون
32,أَلَمْ يَرَوْا كَمْ أَهْلَكْنَا قَبْلَهُمْ مِنَ الْقُرُونِ أَنَّهُمْ إِلَيْهِمْ لَا يَرْجِعُونَ , الحزب (45),الجزء الثالث والعشرون
33,وَإِنْ كُلٌّ لَمَّا جَمِيعٌ لَدَيْنَا مُحْضَرُونَ , الحزب (45),الجزء الثالث والعشرون
34,وَآيَةٌ لَهُمُ الْأَرْضُ الْمَيْتَةُ أَحْيَيْنَاهَا وَأَخْرَجْنَا مِنْهَا حَبًّا فَمِنْهُ يَأْكُلُونَ , الحزب (45),الجزء الثالث والعشرون
35,وَجَعَلْنَا فِيهَا جَنَّاتٍ مِنْ نَخِيلٍ وَأَعْنَابٍ وَفَجَّرْنَا فِيهَا مِنَ الْعُيُونِ , الحزب (45),الجزء الثالث والعشرون
36,لِيَأْكُلُوا مِنْ ثَمَرِهِ وَمَا عَمِلَتْهُ أَيْدِيهِمْ ۖ أَفَلَا يَشْكُرُونَ, الحزب (45),الجزء الثالث والعشرون
37,سُبْحَانَ الَّذِي خَلَقَ الْأَزْوَاجَ كُلَّهَا مِمَّا تُنْبِتُ الْأَرْضُ وَمِنْ أَنْفُسِهِمْ وَمِمَّا لَا يَعْلَمُونَ, الحزب (45),الجزء الثالث والعشرون
38,وَآيَةٌ لَهُمُ اللَّيْلُ نَسْلَخُ مِنْهُ النَّهَارَ فَإِذَا هُمْ مُظْلِمُونَ , الحزب (45),الجزء الثالث والعشرون
39,وَالشَّمْسُ تَجْرِي لِمُسْتَقَرٍّ لَهَا ۚ ذَٰلِكَ تَقْدِيرُ الْعَزِيزِ الْعَلِيمِ, الحزب (45),الجزء الثالث والعشرون
40,وَالْقَمَرَ قَدَّرْنَاهُ مَنَازِلَ حَتَّىٰ عَادَ كَالْعُرْجُونِ الْقَدِيمِ, الحزب (45),الجزء الثالث والعشرون
41,لَا الشَّمْسُ يَنْبَغِي لَهَا أَنْ تُدْرِكَ الْقَمَرَ وَلَا اللَّيْلُ سَابِقُ النَّهَارِ ۚ وَكُلٌّ فِي فَلَكٍ يَسْبَحُونَ, الحزب (45),الجزء الثالث والعشرون
42,وَآيَةٌ لَهُمْ أَنَّا حَمَلْنَا ذُرِّيَّتَهُمْ فِي الْفُلْكِ الْمَشْحُونِ , الحزب (45),الجزء الثالث والعشرون
43,وَخَلَقْنَا لَهُمْ مِنْ مِثْلِهِ مَا يَرْكَبُونَ , الحزب (45),الجزء الثالث والعشرون
44,وَإِنْ نَشَأْ نُغْرِقْهُمْ فَلَا صَرِيخَ لَهُمْ وَلَا هُمْ يُنْقَذُونَ, الحزب (45),الجزء الثالث والعشرون
45,إِلَّا رَحْمَةً مِنَّا وَمَتَاعًا إِلَىٰ حِينٍ , الحزب (45),الجزء الثالث والعشرون
46,وَإِذَا قِيلَ لَهُمُ اتَّقُوا مَا بَيْنَ أَيْدِيكُمْ وَمَا خَلْفَكُمْ لَعَلَّكُمْ تُرْحَمُونَ, الحزب (45),الجزء الثالث والعشرون
47,وَمَا تَأْتِيهِمْ مِنْ آيَةٍ مِنْ آيَاتِ رَبِّهِمْ إِلَّا كَانُوا عَنْهَا مُعْرِضِينَ , الحزب (45),الجزء الثالث والعشرون
48,وَإِذَا قِيلَ لَهُمْ أَنْفِقُوا مِمَّا رَزَقَكُمُ اللَّهُ قَالَ الَّذِينَ كَفَرُوا لِلَّذِينَ آمَنُوا أَنُطْعِمُ مَنْ لَوْ يَشَاءُ اللَّهُ أَطْعَمَهُ إِنْ أَنْتُمْ إِلَّا فِي ضَلَالٍ مُبِينٍ , الحزب (45),الجزء الثالث والعشرون
49,وَيَقُولُونَ مَتَىٰ هَٰذَا الْوَعْدُ إِنْ كُنْتُمْ صَادِقِينَ, الحزب (45),الجزء الثالث والعشرون
50,مَا يَنْظُرُونَ إِلَّا صَيْحَةً وَاحِدَةً تَأْخُذُهُمْ وَهُمْ يَخِصِّمُونَ , الحزب (45),الجزء الثالث والعشرون
51,فَلَا يَسْتَطِيعُونَ تَوْصِيَةً وَلَا إِلَىٰ أَهْلِهِمْ يَرْجِعُونَ, الحزب (45),الجزء الثالث والعشرون
52,وَنُفِخَ فِي الصُّورِ فَإِذَا هُمْ مِنَ الْأَجْدَاثِ إِلَىٰ رَبِّهِمْ يَنْسِلُونَ, الحزب (45),الجزء الثالث والعشرون
53,قَالُوا يَا وَيْلَنَا مَنْ بَعَثَنَا مِنْ مَرْقَدِنَا ۜ ۗ هَٰذَا مَا وَعَدَ الرَّحْمَٰنُ وَصَدَقَ الْمُرْسَلُونَ, الحزب (45),الجزء الثالث والعشرون
54,إِنْ كَانَتْ إِلَّا صَيْحَةً وَاحِدَةً فَإِذَا هُمْ جَمِيعٌ لَدَيْنَا مُحْضَرُونَ , الحزب (45),الجزء الثالث والعشرون
55,فَالْيَوْمَ لَا تُظْلَمُ نَفْسٌ شَيْئًا وَلَا تُجْزَوْنَ إِلَّا مَا كُنْتُمْ تَعْمَلُونَ , الحزب (45),الجزء الثالث والعشرون
56,إِنَّ أَصْحَابَ الْجَنَّةِ الْيَوْمَ فِي شُغُلٍ فَاكِهُونَ, الحزب (45),الجزء الثالث والعشرون
57,هُمْ وَأَزْوَاجُهُمْ فِي ظِلَالٍ عَلَى الْأَرَائِكِ مُتَّكِئُونَ , الحزب (45),الجزء الثالث والعشرون
58,لَهُمْ فِيهَا فَاكِهَةٌ وَلَهُمْ مَا يَدَّعُونَ, الحزب (45),الجزء الثالث والعشرون
59,سَلَامٌ قَوْلًا مِنْ رَبٍّ رَحِيمٍ , الحزب (45),الجزء الثالث والعشرون
60,وَامْتَازُوا الْيَوْمَ أَيُّهَا الْمُجْرِمُونَ, الحزب (45),الجزء الثالث والعشرون
61,۞ أَلَمْ أَعْهَدْ إِلَيْكُمْ يَا بَنِي آدَمَ أَنْ لَا تَعْبُدُوا الشَّيْطَانَ ۖ إِنَّهُ لَكُمْ عَدُوٌّ مُبِينٌ , ربع الحزب (45),الجزء الثالث والعشرون
62,وَأَنِ اعْبُدُونِي ۚ هَٰذَا صِرَاطٌ مُسْتَقِيمٌ, ربع الحزب (45),الجزء الثالث والعشرون
63,وَلَقَدْ أَضَلَّ مِنْكُمْ جِبِلًّا كَثِيرًا ۖ أَفَلَمْ تَكُونُوا تَعْقِلُونَ , ربع الحزب (45),الجزء الثالث والعشرون
64,هَٰذِهِ جَهَنَّمُ الَّتِي كُنْتُمْ تُوعَدُونَ, ربع الحزب (45),الجزء الثالث والعشرون
65,اصْلَوْهَا الْيَوْمَ بِمَا كُنْتُمْ تَكْفُرُونَ, ربع الحزب (45),الجزء الثالث والعشرون
66,الْيَوْمَ نَخْتِمُ عَلَىٰ أَفْوَاهِهِمْ وَتُكَلِّمُنَا أَيْدِيهِمْ وَتَشْهَدُ أَرْجُلُهُمْ بِمَا كَانُوا يَكْسِبُونَ , ربع الحزب (45),الجزء الثالث والعشرون
67,وَلَوْ نَشَاءُ لَطَمَسْنَا عَلَىٰ أَعْيُنِهِمْ فَاسْتَبَقُوا الصِّرَاطَ فَأَنَّىٰ يُبْصِرُونَ , ربع الحزب (45),الجزء الثالث والعشرون
68,وَلَوْ نَشَاءُ لَمَسَخْنَاهُمْ عَلَىٰ مَكَانَتِهِمْ فَمَا اسْتَطَاعُوا مُضِيًّا وَلَا يَرْجِعُونَ, ربع الحزب (45),الجزء الثالث والعشرون
69,وَمَنْ نُعَمِّرْهُ نُنَكِّسْهُ فِي الْخَلْقِ ۖ أَفَلَا يَعْقِلُونَ , ربع الحزب (45),الجزء الثالث والعشرون
70,وَمَا عَلَّمْنَاهُ الشِّعْرَ وَمَا يَنْبَغِي لَهُ ۚ إِنْ هُوَ إِلَّا ذِكْرٌ وَقُرْآنٌ مُبِينٌ , ربع الحزب (45),الجزء الثالث والعشرون
71,لِيُنْذِرَ مَنْ كَانَ حَيًّا وَيَحِقَّ الْقَوْلُ عَلَى الْكَافِرِينَ, ربع الحزب (45),الجزء الثالث والعشرون
72,أَوَلَمْ يَرَوْا أَنَّا خَلَقْنَا لَهُمْ مِمَّا عَمِلَتْ أَيْدِينَا أَنْعَامًا فَهُمْ لَهَا مَالِكُونَ , ربع الحزب (45),الجزء الثالث والعشرون
73,وَذَلَّلْنَاهَا لَهُمْ فَمِنْهَا رَكُوبُهُمْ وَمِنْهَا يَأْكُلُونَ, ربع الحزب (45),الجزء الثالث والعشرون
74,وَلَهُمْ فِيهَا مَنَافِعُ وَمَشَارِبُ ۖ أَفَلَا يَشْكُرُونَ, ربع الحزب (45),الجزء الثالث والعشرون
75,وَاتَّخَذُوا مِنْ دُونِ اللَّهِ آلِهَةً لَعَلَّهُمْ يُنْصَرُونَ , ربع الحزب (45),الجزء الثالث والعشرون
76,لَا يَسْتَطِيعُونَ نَصْرَهُمْ وَهُمْ لَهُمْ جُنْدٌ مُحْضَرُونَ , ربع الحزب (45),الجزء الثالث والعشرون
77,فَلَا يَحْزُنْكَ قَوْلُهُمْ ۘ إِنَّا نَعْلَمُ مَا يُسِرُّونَ وَمَا يُعْلِنُونَ, ربع الحزب (45),الجزء الثالث والعشرون
78,أَوَلَمْ يَرَ الْإِنْسَانُ أَنَّا خَلَقْنَاهُ مِنْ نُطْفَةٍ فَإِذَا هُوَ خَصِيمٌ مُبِينٌ, ربع الحزب (45),الجزء الثالث والعشرون
79,وَضَرَبَ لَنَا مَثَلًا وَنَسِيَ خَلْقَهُ ۖ قَالَ مَنْ يُحْيِي الْعِظَامَ وَهِيَ رَمِيمٌ, ربع الحزب (45),الجزء الثالث والعشرون
80,قُلْ يُحْيِيهَا الَّذِي أَنْشَأَهَا أَوَّلَ مَرَّةٍ ۖ وَهُوَ بِكُلِّ خَلْقٍ عَلِيمٌ, ربع الحزب (45),الجزء الثالث والعشرون
81,الَّذِي جَعَلَ لَكُمْ مِنَ الشَّجَرِ الْأَخْضَرِ نَارًا فَإِذَا أَنْتُمْ مِنْهُ تُوقِدُونَ , ربع الحزب (45),الجزء الثالث والعشرون
82,أَوَلَيْسَ الَّذِي خَلَقَ السَّمَاوَاتِ وَالْأَرْضَ بِقَادِرٍ عَلَىٰ أَنْ يَخْلُقَ مِثْلَهُمْ ۚ بَلَىٰ وَهُوَ الْخَلَّاقُ الْعَلِيمُ, ربع الحزب (45),الجزء الثالث والعشرون
83,إِنَّمَا أَمْرُهُ إِذَا أَرَادَ شَيْئًا أَنْ يَقُولَ لَهُ كُنْ فَيَكُونُ , ربع الحزب (45),الجزء الثالث والعشرون
84,فَسُبْحَانَ الَّذِي بِيَدِهِ مَلَكُوتُ كُلِّ شَيْءٍ وَإِلَيْهِ تُرْجَعُونَ, ربع الحزب (45),الجزء الثالث والعشرون
