﻿1,بسْمِ اللَّهِ الرَّحْمَنِ الرَّحِيمِ , ربع الحزب (45),الجزء الثالث والعشرون
2,وَالصَّافَّاتِ صَفًّا , ربع الحزب (45),الجزء الثالث والعشرون
3,فَالزَّاجِرَاتِ زَجْرًا , ربع الحزب (45),الجزء الثالث والعشرون
4,فَالتَّالِيَاتِ ذِكْرًا , ربع الحزب (45),الجزء الثالث والعشرون
5,إِنَّ إِلَهَكُمْ لَوَاحِدٌ , ربع الحزب (45),الجزء الثالث والعشرون
6,رَبُّ السَّمَاوَاتِ وَالْأَرْضِ وَمَا بَيْنَهُمَا وَرَبُّ الْمَشَارِقِ , ربع الحزب (45),الجزء الثالث والعشرون
7,إِنَّا زَيَّنَّا السَّمَاء الدُّنْيَا بِزِينَةٍ الْكَوَاكِبِ , ربع الحزب (45),الجزء الثالث والعشرون
8,وَحِفْظًا مِّن كُلِّ شَيْطَانٍ مَّارِدٍ , ربع الحزب (45),الجزء الثالث والعشرون
9,لَا يَسَّمَّعُونَ إِلَى الْمَلَإِ الْأَعْلَى وَيُقْذَفُونَ مِن كُلِّ جَانِبٍ , ربع الحزب (45),الجزء الثالث والعشرون
10,دُحُورًا وَلَهُمْ عَذَابٌ وَاصِبٌ , ربع الحزب (45),الجزء الثالث والعشرون
11,إِلَّا مَنْ خَطِفَ الْخَطْفَةَ فَأَتْبَعَهُ شِهَابٌ ثَاقِبٌ , ربع الحزب (45),الجزء الثالث والعشرون
12,فَاسْتَفْتِهِمْ أَهُمْ أَشَدُّ خَلْقًا أَم مَّنْ خَلَقْنَا إِنَّا خَلَقْنَاهُم مِّن طِينٍ لَّازِبٍ , ربع الحزب (45),الجزء الثالث والعشرون
13,بَلْ عَجِبْتَ وَيَسْخَرُونَ , ربع الحزب (45),الجزء الثالث والعشرون
14,وَإِذَا ذُكِّرُوا لَا يَذْكُرُونَ , ربع الحزب (45),الجزء الثالث والعشرون
15,وَإِذَا رَأَوْا آيَةً يَسْتَسْخِرُونَ , ربع الحزب (45),الجزء الثالث والعشرون
16,وَقَالُوا إِنْ هَذَا إِلَّا سِحْرٌ مُّبِينٌ , ربع الحزب (45),الجزء الثالث والعشرون
17,أَئِذَا مِتْنَا وَكُنَّا تُرَابًا وَعِظَامًا أَئِنَّا لَمَبْعُوثُونَ , ربع الحزب (45),الجزء الثالث والعشرون
18,أَوَآبَاؤُنَا الْأَوَّلُونَ , ربع الحزب (45),الجزء الثالث والعشرون
19,قُلْ نَعَمْ وَأَنتُمْ دَاخِرُونَ , ربع الحزب (45),الجزء الثالث والعشرون
20,فَإِنَّمَا هِيَ زَجْرَةٌ وَاحِدَةٌ فَإِذَا هُمْ يَنظُرُونَ , ربع الحزب (45),الجزء الثالث والعشرون
21,وَقَالُوا يَا وَيْلَنَا هَذَا يَوْمُ الدِّينِ , ربع الحزب (45),الجزء الثالث والعشرون
22,هَذَا يَوْمُ الْفَصْلِ الَّذِي كُنتُمْ بِهِ تُكَذِّبُونَ , ربع الحزب (45),الجزء الثالث والعشرون
23,۞ احْشُرُوا الَّذِينَ ظَلَمُوا وَأَزْوَاجَهُمْ وَمَا كَانُوا يَعْبُدُونَ , نصف الحزب (45),الجزء الثالث والعشرون
24,مِن دُونِ اللَّهِ فَاهْدُوهُمْ إِلَى صِرَاطِ الْجَحِيمِ , نصف الحزب (45),الجزء الثالث والعشرون
25,وَقِفُوهُمْ إِنَّهُم مَّسْئُولُونَ , نصف الحزب (45),الجزء الثالث والعشرون
26,مَا لَكُمْ لَا تَنَاصَرُونَ , نصف الحزب (45),الجزء الثالث والعشرون
27,بَلْ هُمُ الْيَوْمَ مُسْتَسْلِمُونَ , نصف الحزب (45),الجزء الثالث والعشرون
28,وَأَقْبَلَ بَعْضُهُمْ عَلَى بَعْضٍ يَتَسَاءلُونَ , نصف الحزب (45),الجزء الثالث والعشرون
29,قَالُوا إِنَّكُمْ كُنتُمْ تَأْتُونَنَا عَنِ الْيَمِينِ , نصف الحزب (45),الجزء الثالث والعشرون
30,قَالُوا بَل لَّمْ تَكُونُوا مُؤْمِنِينَ , نصف الحزب (45),الجزء الثالث والعشرون
31,وَمَا كَانَ لَنَا عَلَيْكُم مِّن سُلْطَانٍ بَلْ كُنتُمْ قَوْمًا طَاغِينَ , نصف الحزب (45),الجزء الثالث والعشرون
32,فَحَقَّ عَلَيْنَا قَوْلُ رَبِّنَا إِنَّا لَذَائِقُونَ , نصف الحزب (45),الجزء الثالث والعشرون
33,فَأَغْوَيْنَاكُمْ إِنَّا كُنَّا غَاوِينَ , نصف الحزب (45),الجزء الثالث والعشرون
34,فَإِنَّهُمْ يَوْمَئِذٍ فِي الْعَذَابِ مُشْتَرِكُونَ , نصف الحزب (45),الجزء الثالث والعشرون
35,إِنَّا كَذَلِكَ نَفْعَلُ بِالْمُجْرِمِينَ , نصف الحزب (45),الجزء الثالث والعشرون
36,إِنَّهُمْ كَانُوا إِذَا قِيلَ لَهُمْ لَا إِلَهَ إِلَّا اللَّهُ يَسْتَكْبِرُونَ , نصف الحزب (45),الجزء الثالث والعشرون
37,وَيَقُولُونَ أَئِنَّا لَتَارِكُوا آلِهَتِنَا لِشَاعِرٍ مَّجْنُونٍ , نصف الحزب (45),الجزء الثالث والعشرون
38,بَلْ جَاء بِالْحَقِّ وَصَدَّقَ الْمُرْسَلِينَ , نصف الحزب (45),الجزء الثالث والعشرون
39,إِنَّكُمْ لَذَائِقُو الْعَذَابِ الْأَلِيمِ , نصف الحزب (45),الجزء الثالث والعشرون
40,وَمَا تُجْزَوْنَ إِلَّا مَا كُنتُمْ تَعْمَلُونَ , نصف الحزب (45),الجزء الثالث والعشرون
41,إِلَّا عِبَادَ اللَّهِ الْمُخْلَصِينَ , نصف الحزب (45),الجزء الثالث والعشرون
42,أُوْلَئِكَ لَهُمْ رِزْقٌ مَّعْلُومٌ , نصف الحزب (45),الجزء الثالث والعشرون
43,فَوَاكِهُ وَهُم مُّكْرَمُونَ , نصف الحزب (45),الجزء الثالث والعشرون
44,فِي جَنَّاتِ النَّعِيمِ , نصف الحزب (45),الجزء الثالث والعشرون
45,عَلَى سُرُرٍ مُّتَقَابِلِينَ , نصف الحزب (45),الجزء الثالث والعشرون
46,يُطَافُ عَلَيْهِم بِكَأْسٍ مِن مَّعِينٍ , نصف الحزب (45),الجزء الثالث والعشرون
47,بَيْضَاء لَذَّةٍ لِّلشَّارِبِينَ , نصف الحزب (45),الجزء الثالث والعشرون
48,لَا فِيهَا غَوْلٌ وَلَا هُمْ عَنْهَا يُنزَفُونَ , نصف الحزب (45),الجزء الثالث والعشرون
49,وَعِنْدَهُمْ قَاصِرَاتُ الطَّرْفِ عِينٌ , نصف الحزب (45),الجزء الثالث والعشرون
50,كَأَنَّهُنَّ بَيْضٌ مَّكْنُونٌ , نصف الحزب (45),الجزء الثالث والعشرون
51,فَأَقْبَلَ بَعْضُهُمْ عَلَى بَعْضٍ يَتَسَاءلُونَ , نصف الحزب (45),الجزء الثالث والعشرون
52,قَالَ قَائِلٌ مِّنْهُمْ إِنِّي كَانَ لِي قَرِينٌ , نصف الحزب (45),الجزء الثالث والعشرون
53,يَقُولُ أَئِنَّكَ لَمِنْ الْمُصَدِّقِينَ , نصف الحزب (45),الجزء الثالث والعشرون
54,أَئِذَا مِتْنَا وَكُنَّا تُرَابًا وَعِظَامًا أَئِنَّا لَمَدِينُونَ , نصف الحزب (45),الجزء الثالث والعشرون
55,قَالَ هَلْ أَنتُم مُّطَّلِعُونَ , نصف الحزب (45),الجزء الثالث والعشرون
56,فَاطَّلَعَ فَرَآهُ فِي سَوَاء الْجَحِيمِ , نصف الحزب (45),الجزء الثالث والعشرون
57,قَالَ تَاللَّهِ إِنْ كِدتَّ لَتُرْدِينِ , نصف الحزب (45),الجزء الثالث والعشرون
58,وَلَوْلَا نِعْمَةُ رَبِّي لَكُنتُ مِنَ الْمُحْضَرِينَ , نصف الحزب (45),الجزء الثالث والعشرون
59,أَفَمَا نَحْنُ بِمَيِّتِينَ , نصف الحزب (45),الجزء الثالث والعشرون
60,إِلَّا مَوْتَتَنَا الْأُولَى وَمَا نَحْنُ بِمُعَذَّبِينَ , نصف الحزب (45),الجزء الثالث والعشرون
61,إِنَّ هَذَا لَهُوَ الْفَوْزُ الْعَظِيمُ , نصف الحزب (45),الجزء الثالث والعشرون
62,لِمِثْلِ هَذَا فَلْيَعْمَلْ الْعَامِلُونَ , نصف الحزب (45),الجزء الثالث والعشرون
63,أَذَلِكَ خَيْرٌ نُّزُلًا أَمْ شَجَرَةُ الزَّقُّومِ , نصف الحزب (45),الجزء الثالث والعشرون
64,إِنَّا جَعَلْنَاهَا فِتْنَةً لِّلظَّالِمِينَ , نصف الحزب (45),الجزء الثالث والعشرون
65,إِنَّهَا شَجَرَةٌ تَخْرُجُ فِي أَصْلِ الْجَحِيمِ , نصف الحزب (45),الجزء الثالث والعشرون
66,طَلْعُهَا كَأَنَّهُ رُؤُوسُ الشَّيَاطِينِ , نصف الحزب (45),الجزء الثالث والعشرون
67,فَإِنَّهُمْ لَآكِلُونَ مِنْهَا فَمَالِؤُونَ مِنْهَا الْبُطُونَ , نصف الحزب (45),الجزء الثالث والعشرون
68,ثُمَّ إِنَّ لَهُمْ عَلَيْهَا لَشَوْبًا مِّنْ حَمِيمٍ , نصف الحزب (45),الجزء الثالث والعشرون
69,ثُمَّ إِنَّ مَرْجِعَهُمْ لَإِلَى الْجَحِيمِ , نصف الحزب (45),الجزء الثالث والعشرون
70,إِنَّهُمْ أَلْفَوْا آبَاءهُمْ ضَالِّينَ , نصف الحزب (45),الجزء الثالث والعشرون
71,فَهُمْ عَلَى آثَارِهِمْ يُهْرَعُونَ , نصف الحزب (45),الجزء الثالث والعشرون
72,وَلَقَدْ ضَلَّ قَبْلَهُمْ أَكْثَرُ الْأَوَّلِينَ , نصف الحزب (45),الجزء الثالث والعشرون
73,وَلَقَدْ أَرْسَلْنَا فِيهِم مُّنذِرِينَ , نصف الحزب (45),الجزء الثالث والعشرون
74,فَانظُرْ كَيْفَ كَانَ عَاقِبَةُ الْمُنذَرِينَ , نصف الحزب (45),الجزء الثالث والعشرون
75,إِلَّا عِبَادَ اللَّهِ الْمُخْلَصِينَ , نصف الحزب (45),الجزء الثالث والعشرون
76,وَلَقَدْ نَادَانَا نُوحٌ فَلَنِعْمَ الْمُجِيبُونَ , نصف الحزب (45),الجزء الثالث والعشرون
77,وَنَجَّيْنَاهُ وَأَهْلَهُ مِنَ الْكَرْبِ الْعَظِيمِ , نصف الحزب (45),الجزء الثالث والعشرون
78,وَجَعَلْنَا ذُرِّيَّتَهُ هُمْ الْبَاقِينَ , نصف الحزب (45),الجزء الثالث والعشرون
79,وَتَرَكْنَا عَلَيْهِ فِي الْآخِرِينَ , نصف الحزب (45),الجزء الثالث والعشرون
80,سَلَامٌ عَلَى نُوحٍ فِي الْعَالَمِينَ , نصف الحزب (45),الجزء الثالث والعشرون
81,إِنَّا كَذَلِكَ نَجْزِي الْمُحْسِنِينَ , نصف الحزب (45),الجزء الثالث والعشرون
82,إِنَّهُ مِنْ عِبَادِنَا الْمُؤْمِنِينَ , نصف الحزب (45),الجزء الثالث والعشرون
83,ثُمَّ أَغْرَقْنَا الْآخَرِينَ , نصف الحزب (45),الجزء الثالث والعشرون
84,۞ وَإِنَّ مِن شِيعَتِهِ لَإِبْرَاهِيمَ , ثلاثة أرباع الحزب (45),الجزء الثالث والعشرون
85,إِذْ جَاء رَبَّهُ بِقَلْبٍ سَلِيمٍ , ثلاثة أرباع الحزب (45),الجزء الثالث والعشرون
86,إِذْ قَالَ لِأَبِيهِ وَقَوْمِهِ مَاذَا تَعْبُدُونَ , ثلاثة أرباع الحزب (45),الجزء الثالث والعشرون
87,أَئِفْكًا آلِهَةً دُونَ اللَّهِ تُرِيدُونَ , ثلاثة أرباع الحزب (45),الجزء الثالث والعشرون
88,فَمَا ظَنُّكُم بِرَبِّ الْعَالَمِينَ , ثلاثة أرباع الحزب (45),الجزء الثالث والعشرون
89,فَنَظَرَ نَظْرَةً فِي النُّجُومِ , ثلاثة أرباع الحزب (45),الجزء الثالث والعشرون
90,فَقَالَ إِنِّي سَقِيمٌ , ثلاثة أرباع الحزب (45),الجزء الثالث والعشرون
91,فَتَوَلَّوْا عَنْهُ مُدْبِرِينَ , ثلاثة أرباع الحزب (45),الجزء الثالث والعشرون
92,فَرَاغَ إِلَى آلِهَتِهِمْ فَقَالَ أَلَا تَأْكُلُونَ , ثلاثة أرباع الحزب (45),الجزء الثالث والعشرون
93,مَا لَكُمْ لَا تَنطِقُونَ , ثلاثة أرباع الحزب (45),الجزء الثالث والعشرون
94,فَرَاغَ عَلَيْهِمْ ضَرْبًا بِالْيَمِينِ , ثلاثة أرباع الحزب (45),الجزء الثالث والعشرون
95,فَأَقْبَلُوا إِلَيْهِ يَزِفُّونَ , ثلاثة أرباع الحزب (45),الجزء الثالث والعشرون
96,قَالَ أَتَعْبُدُونَ مَا تَنْحِتُونَ , ثلاثة أرباع الحزب (45),الجزء الثالث والعشرون
97,وَاللَّهُ خَلَقَكُمْ وَمَا تَعْمَلُونَ , ثلاثة أرباع الحزب (45),الجزء الثالث والعشرون
98,قَالُوا ابْنُوا لَهُ بُنْيَانًا فَأَلْقُوهُ فِي الْجَحِيمِ , ثلاثة أرباع الحزب (45),الجزء الثالث والعشرون
99,فَأَرَادُوا بِهِ كَيْدًا فَجَعَلْنَاهُمُ الْأَسْفَلِينَ , ثلاثة أرباع الحزب (45),الجزء الثالث والعشرون
100,وَقَالَ إِنِّي ذَاهِبٌ إِلَى رَبِّي سَيَهْدِينِ , ثلاثة أرباع الحزب (45),الجزء الثالث والعشرون
101,رَبِّ هَبْ لِي مِنَ الصَّالِحِينَ , ثلاثة أرباع الحزب (45),الجزء الثالث والعشرون
102,فَبَشَّرْنَاهُ بِغُلَامٍ حَلِيمٍ , ثلاثة أرباع الحزب (45),الجزء الثالث والعشرون
103,فَلَمَّا بَلَغَ مَعَهُ السَّعْيَ قَالَ يَا بُنَيَّ إِنِّي أَرَى فِي الْمَنَامِ أَنِّي أَذْبَحُكَ فَانظُرْ مَاذَا تَرَى قَالَ يَا أَبَتِ افْعَلْ مَا تُؤْمَرُ سَتَجِدُنِي إِن شَاء اللَّهُ مِنَ الصَّابِرِينَ , ثلاثة أرباع الحزب (45),الجزء الثالث والعشرون
104,فَلَمَّا أَسْلَمَا وَتَلَّهُ لِلْجَبِينِ , ثلاثة أرباع الحزب (45),الجزء الثالث والعشرون
105,وَنَادَيْنَاهُ أَنْ يَا إِبْرَاهِيمُ , ثلاثة أرباع الحزب (45),الجزء الثالث والعشرون
106,قَدْ صَدَّقْتَ الرُّؤْيَا إِنَّا كَذَلِكَ نَجْزِي الْمُحْسِنِينَ , ثلاثة أرباع الحزب (45),الجزء الثالث والعشرون
107,إِنَّ هَذَا لَهُوَ الْبَلَاء الْمُبِينُ , ثلاثة أرباع الحزب (45),الجزء الثالث والعشرون
108,وَفَدَيْنَاهُ بِذِبْحٍ عَظِيمٍ , ثلاثة أرباع الحزب (45),الجزء الثالث والعشرون
109,وَتَرَكْنَا عَلَيْهِ فِي الْآخِرِينَ , ثلاثة أرباع الحزب (45),الجزء الثالث والعشرون
110,سَلَامٌ عَلَى إِبْرَاهِيمَ , ثلاثة أرباع الحزب (45),الجزء الثالث والعشرون
111,كَذَلِكَ نَجْزِي الْمُحْسِنِينَ , ثلاثة أرباع الحزب (45),الجزء الثالث والعشرون
112,إِنَّهُ مِنْ عِبَادِنَا الْمُؤْمِنِينَ , ثلاثة أرباع الحزب (45),الجزء الثالث والعشرون
113,وَبَشَّرْنَاهُ بِإِسْحَقَ نَبِيًّا مِّنَ الصَّالِحِينَ , ثلاثة أرباع الحزب (45),الجزء الثالث والعشرون
114,وَبَارَكْنَا عَلَيْهِ وَعَلَى إِسْحَقَ وَمِن ذُرِّيَّتِهِمَا مُحْسِنٌ وَظَالِمٌ لِّنَفْسِهِ مُبِينٌ , ثلاثة أرباع الحزب (45),الجزء الثالث والعشرون
115,وَلَقَدْ مَنَنَّا عَلَى مُوسَى وَهَارُونَ , ثلاثة أرباع الحزب (45),الجزء الثالث والعشرون
116,وَنَجَّيْنَاهُمَا وَقَوْمَهُمَا مِنَ الْكَرْبِ الْعَظِيمِ , ثلاثة أرباع الحزب (45),الجزء الثالث والعشرون
117,وَنَصَرْنَاهُمْ فَكَانُوا هُمُ الْغَالِبِينَ , ثلاثة أرباع الحزب (45),الجزء الثالث والعشرون
118,وَآتَيْنَاهُمَا الْكِتَابَ الْمُسْتَبِينَ , ثلاثة أرباع الحزب (45),الجزء الثالث والعشرون
119,وَهَدَيْنَاهُمَا الصِّرَاطَ الْمُسْتَقِيمَ , ثلاثة أرباع الحزب (45),الجزء الثالث والعشرون
120,وَتَرَكْنَا عَلَيْهِمَا فِي الْآخِرِينَ , ثلاثة أرباع الحزب (45),الجزء الثالث والعشرون
121,سَلَامٌ عَلَى مُوسَى وَهَارُونَ , ثلاثة أرباع الحزب (45),الجزء الثالث والعشرون
122,إِنَّا كَذَلِكَ نَجْزِي الْمُحْسِنِينَ , ثلاثة أرباع الحزب (45),الجزء الثالث والعشرون
123,إِنَّهُمَا مِنْ عِبَادِنَا الْمُؤْمِنِينَ , ثلاثة أرباع الحزب (45),الجزء الثالث والعشرون
124,وَإِنَّ إِلْيَاسَ لَمِنْ الْمُرْسَلِينَ , ثلاثة أرباع الحزب (45),الجزء الثالث والعشرون
125,إِذْ قَالَ لِقَوْمِهِ أَلَا تَتَّقُونَ , ثلاثة أرباع الحزب (45),الجزء الثالث والعشرون
126,أَتَدْعُونَ بَعْلًا وَتَذَرُونَ أَحْسَنَ الْخَالِقِينَ , ثلاثة أرباع الحزب (45),الجزء الثالث والعشرون
127,اللَّهَ رَبَّكُمْ وَرَبَّ آبَائِكُمُ الْأَوَّلِينَ , ثلاثة أرباع الحزب (45),الجزء الثالث والعشرون
128,فَكَذَّبُوهُ فَإِنَّهُمْ لَمُحْضَرُونَ , ثلاثة أرباع الحزب (45),الجزء الثالث والعشرون
129,إِلَّا عِبَادَ اللَّهِ الْمُخْلَصِينَ , ثلاثة أرباع الحزب (45),الجزء الثالث والعشرون
130,وَتَرَكْنَا عَلَيْهِ فِي الْآخِرِينَ , ثلاثة أرباع الحزب (45),الجزء الثالث والعشرون
131,سَلَامٌ عَلَى إِلْ يَاسِينَ , ثلاثة أرباع الحزب (45),الجزء الثالث والعشرون
132,إِنَّا كَذَلِكَ نَجْزِي الْمُحْسِنِينَ , ثلاثة أرباع الحزب (45),الجزء الثالث والعشرون
133,إِنَّهُ مِنْ عِبَادِنَا الْمُؤْمِنِينَ , ثلاثة أرباع الحزب (45),الجزء الثالث والعشرون
134,وَإِنَّ لُوطًا لَّمِنَ الْمُرْسَلِينَ , ثلاثة أرباع الحزب (45),الجزء الثالث والعشرون
135,إِذْ نَجَّيْنَاهُ وَأَهْلَهُ أَجْمَعِينَ , ثلاثة أرباع الحزب (45),الجزء الثالث والعشرون
136,إِلَّا عَجُوزًا فِي الْغَابِرِينَ , ثلاثة أرباع الحزب (45),الجزء الثالث والعشرون
137,ثُمَّ دَمَّرْنَا الْآخَرِينَ , ثلاثة أرباع الحزب (45),الجزء الثالث والعشرون
138,وَإِنَّكُمْ لَتَمُرُّونَ عَلَيْهِم مُّصْبِحِينَ , ثلاثة أرباع الحزب (45),الجزء الثالث والعشرون
139,وَبِاللَّيْلِ أَفَلَا تَعْقِلُونَ , ثلاثة أرباع الحزب (45),الجزء الثالث والعشرون
140,وَإِنَّ يُونُسَ لَمِنَ الْمُرْسَلِينَ , ثلاثة أرباع الحزب (45),الجزء الثالث والعشرون
141,إِذْ أَبَقَ إِلَى الْفُلْكِ الْمَشْحُونِ , ثلاثة أرباع الحزب (45),الجزء الثالث والعشرون
142,فَسَاهَمَ فَكَانَ مِنْ الْمُدْحَضِينَ , ثلاثة أرباع الحزب (45),الجزء الثالث والعشرون
143,فَالْتَقَمَهُ الْحُوتُ وَهُوَ مُلِيمٌ , ثلاثة أرباع الحزب (45),الجزء الثالث والعشرون
144,فَلَوْلَا أَنَّهُ كَانَ مِنْ الْمُسَبِّحِينَ , ثلاثة أرباع الحزب (45),الجزء الثالث والعشرون
145,لَلَبِثَ فِي بَطْنِهِ إِلَى يَوْمِ يُبْعَثُونَ , ثلاثة أرباع الحزب (45),الجزء الثالث والعشرون
146,۞ فَنَبَذْنَاهُ بِالْعَرَاء وَهُوَ سَقِيمٌ , الحزب (46),الجزء الثالث والعشرون
147,وَأَنبَتْنَا عَلَيْهِ شَجَرَةً مِّن يَقْطِينٍ , الحزب (46),الجزء الثالث والعشرون
148,وَأَرْسَلْنَاهُ إِلَى مِئَةِ أَلْفٍ أَوْ يَزِيدُونَ , الحزب (46),الجزء الثالث والعشرون
149,فَآمَنُوا فَمَتَّعْنَاهُمْ إِلَى حِينٍ , الحزب (46),الجزء الثالث والعشرون
150,فَاسْتَفْتِهِمْ أَلِرَبِّكَ الْبَنَاتُ وَلَهُمُ الْبَنُونَ , الحزب (46),الجزء الثالث والعشرون
151,أَمْ خَلَقْنَا الْمَلَائِكَةَ إِنَاثًا وَهُمْ شَاهِدُونَ , الحزب (46),الجزء الثالث والعشرون
152,أَلَا إِنَّهُم مِّنْ إِفْكِهِمْ لَيَقُولُونَ , الحزب (46),الجزء الثالث والعشرون
153,وَلَدَ اللَّهُ وَإِنَّهُمْ لَكَاذِبُونَ , الحزب (46),الجزء الثالث والعشرون
154,أَصْطَفَى الْبَنَاتِ عَلَى الْبَنِينَ , الحزب (46),الجزء الثالث والعشرون
155,مَا لَكُمْ كَيْفَ تَحْكُمُونَ , الحزب (46),الجزء الثالث والعشرون
156,أَفَلَا تَذَكَّرُونَ , الحزب (46),الجزء الثالث والعشرون
157,أَمْ لَكُمْ سُلْطَانٌ مُّبِينٌ , الحزب (46),الجزء الثالث والعشرون
158,فَأْتُوا بِكِتَابِكُمْ إِن كُنتُمْ صَادِقِينَ , الحزب (46),الجزء الثالث والعشرون
159,وَجَعَلُوا بَيْنَهُ وَبَيْنَ الْجِنَّةِ نَسَبًا وَلَقَدْ عَلِمَتِ الْجِنَّةُ إِنَّهُمْ لَمُحْضَرُونَ , الحزب (46),الجزء الثالث والعشرون
160,سُبْحَانَ اللَّهِ عَمَّا يَصِفُونَ , الحزب (46),الجزء الثالث والعشرون
161,إِلَّا عِبَادَ اللَّهِ الْمُخْلَصِينَ , الحزب (46),الجزء الثالث والعشرون
162,فَإِنَّكُمْ وَمَا تَعْبُدُونَ , الحزب (46),الجزء الثالث والعشرون
163,مَا أَنتُمْ عَلَيْهِ بِفَاتِنِينَ , الحزب (46),الجزء الثالث والعشرون
164,إِلَّا مَنْ هُوَ صَالِ الْجَحِيمِ , الحزب (46),الجزء الثالث والعشرون
165,وَمَا مِنَّا إِلَّا لَهُ مَقَامٌ مَّعْلُومٌ , الحزب (46),الجزء الثالث والعشرون
166,وَإِنَّا لَنَحْنُ الصَّافُّونَ , الحزب (46),الجزء الثالث والعشرون
167,وَإِنَّا لَنَحْنُ الْمُسَبِّحُونَ , الحزب (46),الجزء الثالث والعشرون
168,وَإِنْ كَانُوا لَيَقُولُونَ , الحزب (46),الجزء الثالث والعشرون
169,لَوْ أَنَّ عِندَنَا ذِكْرًا مِّنْ الْأَوَّلِينَ , الحزب (46),الجزء الثالث والعشرون
170,لَكُنَّا عِبَادَ اللَّهِ الْمُخْلَصِينَ , الحزب (46),الجزء الثالث والعشرون
171,فَكَفَرُوا بِهِ فَسَوْفَ يَعْلَمُونَ , الحزب (46),الجزء الثالث والعشرون
172,وَلَقَدْ سَبَقَتْ كَلِمَتُنَا لِعِبَادِنَا الْمُرْسَلِينَ , الحزب (46),الجزء الثالث والعشرون
173,إِنَّهُمْ لَهُمُ الْمَنصُورُونَ , الحزب (46),الجزء الثالث والعشرون
174,وَإِنَّ جُندَنَا لَهُمُ الْغَالِبُونَ , الحزب (46),الجزء الثالث والعشرون
175,فَتَوَلَّ عَنْهُمْ حَتَّى حِينٍ , الحزب (46),الجزء الثالث والعشرون
176,وَأَبْصِرْهُمْ فَسَوْفَ يُبْصِرُونَ , الحزب (46),الجزء الثالث والعشرون
177,أَفَبِعَذَابِنَا يَسْتَعْجِلُونَ , الحزب (46),الجزء الثالث والعشرون
178,فَإِذَا نَزَلَ بِسَاحَتِهِمْ فَسَاء صَبَاحُ الْمُنذَرِينَ , الحزب (46),الجزء الثالث والعشرون
179,وَتَوَلَّ عَنْهُمْ حَتَّى حِينٍ , الحزب (46),الجزء الثالث والعشرون
180,وَأَبْصِرْ فَسَوْفَ يُبْصِرُونَ , الحزب (46),الجزء الثالث والعشرون
181,سُبْحَانَ رَبِّكَ رَبِّ الْعِزَّةِ عَمَّا يَصِفُونَ , الحزب (46),الجزء الثالث والعشرون
182,وَسَلَامٌ عَلَى الْمُرْسَلِينَ , الحزب (46),الجزء الثالث والعشرون
183,وَالْحَمْدُ لِلَّهِ رَبِّ الْعَالَمِينَ , الحزب (46),الجزء الثالث والعشرون
