﻿1,بِسْمِ اللَّهِ الرَّحْمَنِ الرَّحِيم, الحزب (46),الجزء الثالث والعشرون
2,ص ۚ وَالْقُرْآنِ ذِي الذِّكْرِ, الحزب (46),الجزء الثالث والعشرون
3,بَلِ الَّذِينَ كَفَرُوا فِي عِزَّةٍ وَشِقَاقٍ, الحزب (46),الجزء الثالث والعشرون
4,كَمْ أَهْلَكْنَا مِنْ قَبْلِهِمْ مِنْ قَرْنٍ فَنَادَوْا وَلَاتَ حِينَ مَنَاصٍ , الحزب (46),الجزء الثالث والعشرون
5,وَعَجِبُوا أَنْ جَاءَهُمْ مُنْذِرٌ مِنْهُمْ ۖ وَقَالَ الْكَافِرُونَ هَٰذَا سَاحِرٌ كَذَّابٌ , الحزب (46),الجزء الثالث والعشرون
6,أَجَعَلَ الْآلِهَةَ إِلَٰهًا وَاحِدًا ۖ إِنَّ هَٰذَا لَشَيْءٌ عُجَابٌ, الحزب (46),الجزء الثالث والعشرون
7,وَانْطَلَقَ الْمَلَأُ مِنْهُمْ أَنِ امْشُوا وَاصْبِرُوا عَلَىٰ آلِهَتِكُمْ ۖ إِنَّ هَٰذَا لَشَيْءٌ يُرَادُ, الحزب (46),الجزء الثالث والعشرون
8,مَا سَمِعْنَا بِهَٰذَا فِي الْمِلَّةِ الْآخِرَةِ إِنْ هَٰذَا إِلَّا اخْتِلَاقٌ , الحزب (46),الجزء الثالث والعشرون
9,أَأُنْزِلَ عَلَيْهِ الذِّكْرُ مِنْ بَيْنِنَا ۚ بَلْ هُمْ فِي شَكٍّ مِنْ ذِكْرِي ۖ بَلْ لَمَّا يَذُوقُوا عَذَابِ , الحزب (46),الجزء الثالث والعشرون
10,أَمْ عِنْدَهُمْ خَزَائِنُ رَحْمَةِ رَبِّكَ الْعَزِيزِ الْوَهَّابِ , الحزب (46),الجزء الثالث والعشرون
11,أَمْ لَهُمْ مُلْكُ السَّمَاوَاتِ وَالْأَرْضِ وَمَا بَيْنَهُمَا ۖ فَلْيَرْتَقُوا فِي الْأَسْبَابِ , الحزب (46),الجزء الثالث والعشرون
12,جُنْدٌ مَا هُنَالِكَ مَهْزُومٌ مِنَ الْأَحْزَابِ, الحزب (46),الجزء الثالث والعشرون
13,كَذَّبَتْ قَبْلَهُمْ قَوْمُ نُوحٍ وَعَادٌ وَفِرْعَوْنُ ذُو الْأَوْتَادِ , الحزب (46),الجزء الثالث والعشرون
14,وَثَمُودُ وَقَوْمُ لُوطٍ وَأَصْحَابُ الْأَيْكَةِ ۚ أُولَٰئِكَ الْأَحْزَابُ , الحزب (46),الجزء الثالث والعشرون
15,إِنْ كُلٌّ إِلَّا كَذَّبَ الرُّسُلَ فَحَقَّ عِقَابِ, الحزب (46),الجزء الثالث والعشرون
16,وَمَا يَنْظُرُ هَٰؤُلَاءِ إِلَّا صَيْحَةً وَاحِدَةً مَا لَهَا مِنْ فَوَاقٍ, الحزب (46),الجزء الثالث والعشرون
17,وَقَالُوا رَبَّنَا عَجِّلْ لَنَا قِطَّنَا قَبْلَ يَوْمِ الْحِسَابِ, الحزب (46),الجزء الثالث والعشرون
18,اصْبِرْ عَلَىٰ مَا يَقُولُونَ وَاذْكُرْ عَبْدَنَا دَاوُودَ ذَا الْأَيْدِ ۖ إِنَّهُ أَوَّابٌ , الحزب (46),الجزء الثالث والعشرون
19,إِنَّا سَخَّرْنَا الْجِبَالَ مَعَهُ يُسَبِّحْنَ بِالْعَشِيِّ وَالْإِشْرَاقِ , الحزب (46),الجزء الثالث والعشرون
20,وَالطَّيْرَ مَحْشُورَةً ۖ كُلٌّ لَهُ أَوَّابٌ , الحزب (46),الجزء الثالث والعشرون
21,وَشَدَدْنَا مُلْكَهُ وَآتَيْنَاهُ الْحِكْمَةَ وَفَصْلَ الْخِطَابِ , الحزب (46),الجزء الثالث والعشرون
22,۞ وَهَلْ أَتَاكَ نَبَأُ الْخَصْمِ إِذْ تَسَوَّرُوا الْمِحْرَابَ , ربع الحزب (46),الجزء الثالث والعشرون
23,إِذْ دَخَلُوا عَلَىٰ دَاوُودَ فَفَزِعَ مِنْهُمْ ۖ قَالُوا لَا تَخَفْ ۖ خَصْمَانِ بَغَىٰ بَعْضُنَا عَلَىٰ بَعْضٍ فَاحْكُمْ بَيْنَنَا بِالْحَقِّ وَلَا تُشْطِطْ وَاهْدِنَا إِلَىٰ سَوَاءِ الصِّرَاطِ, ربع الحزب (46),الجزء الثالث والعشرون
24,إِنَّ هَٰذَا أَخِي لَهُ تِسْعٌ وَتِسْعُونَ نَعْجَةً وَلِيَ نَعْجَةٌ وَاحِدَةٌ فَقَالَ أَكْفِلْنِيهَا وَعَزَّنِي فِي الْخِطَابِ , ربع الحزب (46),الجزء الثالث والعشرون
25,قَالَ لَقَدْ ظَلَمَكَ بِسُؤَالِ نَعْجَتِكَ إِلَىٰ نِعَاجِهِ ۖ وَإِنَّ كَثِيرًا مِنَ الْخُلَطَاءِ لَيَبْغِي بَعْضُهُمْ عَلَىٰ بَعْضٍ إِلَّا الَّذِينَ آمَنُوا وَعَمِلُوا الصَّالِحَاتِ وَقَلِيلٌ مَا هُمْ ۗ وَظَنَّ دَاوُودُ أَنَّمَا فَتَنَّاهُ فَاسْتَغْفَرَ رَبَّهُ وَخَرَّ رَاكِعًا وَأَنَابَ ۩ , ربع الحزب (46),الجزء الثالث والعشرون
26,فَغَفَرْنَا لَهُ ذَٰلِكَ ۖ وَإِنَّ لَهُ عِنْدَنَا لَزُلْفَىٰ وَحُسْنَ مَآبٍ, ربع الحزب (46),الجزء الثالث والعشرون
27,يَا دَاوُودُ إِنَّا جَعَلْنَاكَ خَلِيفَةً فِي الْأَرْضِ فَاحْكُمْ بَيْنَ النَّاسِ بِالْحَقِّ وَلَا تَتَّبِعِ الْهَوَىٰ فَيُضِلَّكَ عَنْ سَبِيلِ اللَّهِ ۚ إِنَّ الَّذِينَ يَضِلُّونَ عَنْ سَبِيلِ اللَّهِ لَهُمْ عَذَابٌ شَدِيدٌ بِمَا نَسُوا يَوْمَ الْحِسَابِ , ربع الحزب (46),الجزء الثالث والعشرون
28,وَمَا خَلَقْنَا السَّمَاءَ وَالْأَرْضَ وَمَا بَيْنَهُمَا بَاطِلًا ۚ ذَٰلِكَ ظَنُّ الَّذِينَ كَفَرُوا ۚ فَوَيْلٌ لِلَّذِينَ كَفَرُوا مِنَ النَّارِ, ربع الحزب (46),الجزء الثالث والعشرون
29,أَمْ نَجْعَلُ الَّذِينَ آمَنُوا وَعَمِلُوا الصَّالِحَاتِ كَالْمُفْسِدِينَ فِي الْأَرْضِ أَمْ نَجْعَلُ الْمُتَّقِينَ كَالْفُجَّارِ , ربع الحزب (46),الجزء الثالث والعشرون
30,كِتَابٌ أَنْزَلْنَاهُ إِلَيْكَ مُبَارَكٌ لِيَدَّبَّرُوا آيَاتِهِ وَلِيَتَذَكَّرَ أُولُو الْأَلْبَابِ, ربع الحزب (46),الجزء الثالث والعشرون
31,وَوَهَبْنَا لِدَاوُودَ سُلَيْمَانَ ۚ نِعْمَ الْعَبْدُ ۖ إِنَّهُ أَوَّابٌ , ربع الحزب (46),الجزء الثالث والعشرون
32,إِذْ عُرِضَ عَلَيْهِ بِالْعَشِيِّ الصَّافِنَاتُ الْجِيَادُ, ربع الحزب (46),الجزء الثالث والعشرون
33,فَقَالَ إِنِّي أَحْبَبْتُ حُبَّ الْخَيْرِ عَنْ ذِكْرِ رَبِّي حَتَّىٰ تَوَارَتْ بِالْحِجَابِ , ربع الحزب (46),الجزء الثالث والعشرون
34,رُدُّوهَا عَلَيَّ ۖ فَطَفِقَ مَسْحًا بِالسُّوقِ وَالْأَعْنَاقِ , ربع الحزب (46),الجزء الثالث والعشرون
35,وَلَقَدْ فَتَنَّا سُلَيْمَانَ وَأَلْقَيْنَا عَلَىٰ كُرْسِيِّهِ جَسَدًا ثُمَّ أَنَابَ , ربع الحزب (46),الجزء الثالث والعشرون
36,قَالَ رَبِّ اغْفِرْ لِي وَهَبْ لِي مُلْكًا لَا يَنْبَغِي لِأَحَدٍ مِنْ بَعْدِي ۖ إِنَّكَ أَنْتَ الْوَهَّابُ , ربع الحزب (46),الجزء الثالث والعشرون
37,فَسَخَّرْنَا لَهُ الرِّيحَ تَجْرِي بِأَمْرِهِ رُخَاءً حَيْثُ أَصَابَ , ربع الحزب (46),الجزء الثالث والعشرون
38,وَالشَّيَاطِينَ كُلَّ بَنَّاءٍ وَغَوَّاصٍ, ربع الحزب (46),الجزء الثالث والعشرون
39,وَآخَرِينَ مُقَرَّنِينَ فِي الْأَصْفَادِ , ربع الحزب (46),الجزء الثالث والعشرون
40,هَٰذَا عَطَاؤُنَا فَامْنُنْ أَوْ أَمْسِكْ بِغَيْرِ حِسَابٍ , ربع الحزب (46),الجزء الثالث والعشرون
41,وَإِنَّ لَهُ عِنْدَنَا لَزُلْفَىٰ وَحُسْنَ مَآبٍ , ربع الحزب (46),الجزء الثالث والعشرون
42,وَاذْكُرْ عَبْدَنَا أَيُّوبَ إِذْ نَادَىٰ رَبَّهُ أَنِّي مَسَّنِيَ الشَّيْطَانُ بِنُصْبٍ وَعَذَابٍ, ربع الحزب (46),الجزء الثالث والعشرون
43,ارْكُضْ بِرِجْلِكَ ۖ هَٰذَا مُغْتَسَلٌ بَارِدٌ وَشَرَابٌ , ربع الحزب (46),الجزء الثالث والعشرون
44,وَوَهَبْنَا لَهُ أَهْلَهُ وَمِثْلَهُمْ مَعَهُمْ رَحْمَةً مِنَّا وَذِكْرَىٰ لِأُولِي الْأَلْبَابِ , ربع الحزب (46),الجزء الثالث والعشرون
45,وَخُذْ بِيَدِكَ ضِغْثًا فَاضْرِبْ بِهِ وَلَا تَحْنَثْ ۗ إِنَّا وَجَدْنَاهُ صَابِرًا ۚ نِعْمَ الْعَبْدُ ۖ إِنَّهُ أَوَّابٌ , ربع الحزب (46),الجزء الثالث والعشرون
46,وَاذْكُرْ عِبَادَنَا إِبْرَاهِيمَ وَإِسْحَاقَ وَيَعْقُوبَ أُولِي الْأَيْدِي وَالْأَبْصَارِ, ربع الحزب (46),الجزء الثالث والعشرون
47,إِنَّا أَخْلَصْنَاهُمْ بِخَالِصَةٍ ذِكْرَى الدَّارِ, ربع الحزب (46),الجزء الثالث والعشرون
48,وَإِنَّهُمْ عِنْدَنَا لَمِنَ الْمُصْطَفَيْنَ الْأَخْيَارِ , ربع الحزب (46),الجزء الثالث والعشرون
49,وَاذْكُرْ إِسْمَاعِيلَ وَالْيَسَعَ وَذَا الْكِفْلِ ۖ وَكُلٌّ مِنَ الْأَخْيَارِ, ربع الحزب (46),الجزء الثالث والعشرون
50,هَٰذَا ذِكْرٌ ۚ وَإِنَّ لِلْمُتَّقِينَ لَحُسْنَ مَآبٍ, ربع الحزب (46),الجزء الثالث والعشرون
51,جَنَّاتِ عَدْنٍ مُفَتَّحَةً لَهُمُ الْأَبْوَابُ , ربع الحزب (46),الجزء الثالث والعشرون
52,مُتَّكِئِينَ فِيهَا يَدْعُونَ فِيهَا بِفَاكِهَةٍ كَثِيرَةٍ وَشَرَابٍ, ربع الحزب (46),الجزء الثالث والعشرون
53,۞ وَعِنْدَهُمْ قَاصِرَاتُ الطَّرْفِ أَتْرَابٌ , نصف الحزب (46),الجزء الثالث والعشرون
54,هَٰذَا مَا تُوعَدُونَ لِيَوْمِ الْحِسَابِ , نصف الحزب (46),الجزء الثالث والعشرون
55,إِنَّ هَٰذَا لَرِزْقُنَا مَا لَهُ مِنْ نَفَادٍ , نصف الحزب (46),الجزء الثالث والعشرون
56,هَٰذَا ۚ وَإِنَّ لِلطَّاغِينَ لَشَرَّ مَآبٍ, نصف الحزب (46),الجزء الثالث والعشرون
57,جَهَنَّمَ يَصْلَوْنَهَا فَبِئْسَ الْمِهَادُ , نصف الحزب (46),الجزء الثالث والعشرون
58,هَٰذَا فَلْيَذُوقُوهُ حَمِيمٌ وَغَسَّاقٌ , نصف الحزب (46),الجزء الثالث والعشرون
59,وَآخَرُ مِنْ شَكْلِهِ أَزْوَاجٌ , نصف الحزب (46),الجزء الثالث والعشرون
60,هَٰذَا فَوْجٌ مُقْتَحِمٌ مَعَكُمْ ۖ لَا مَرْحَبًا بِهِمْ ۚ إِنَّهُمْ صَالُو النَّارِ , نصف الحزب (46),الجزء الثالث والعشرون
61,قَالُوا بَلْ أَنْتُمْ لَا مَرْحَبًا بِكُمْ ۖ أَنْتُمْ قَدَّمْتُمُوهُ لَنَا ۖ فَبِئْسَ الْقَرَارُ , نصف الحزب (46),الجزء الثالث والعشرون
62,قَالُوا رَبَّنَا مَنْ قَدَّمَ لَنَا هَٰذَا فَزِدْهُ عَذَابًا ضِعْفًا فِي النَّارِ , نصف الحزب (46),الجزء الثالث والعشرون
63,وَقَالُوا مَا لَنَا لَا نَرَىٰ رِجَالًا كُنَّا نَعُدُّهُمْ مِنَ الْأَشْرَارِ , نصف الحزب (46),الجزء الثالث والعشرون
64,أَتَّخَذْنَاهُمْ سِخْرِيًّا أَمْ زَاغَتْ عَنْهُمُ الْأَبْصَارُ, نصف الحزب (46),الجزء الثالث والعشرون
65,إِنَّ ذَٰلِكَ لَحَقٌّ تَخَاصُمُ أَهْلِ النَّارِ , نصف الحزب (46),الجزء الثالث والعشرون
66,قُلْ إِنَّمَا أَنَا مُنْذِرٌ ۖ وَمَا مِنْ إِلَٰهٍ إِلَّا اللَّهُ الْوَاحِدُ الْقَهَّارُ, نصف الحزب (46),الجزء الثالث والعشرون
67,رَبُّ السَّمَاوَاتِ وَالْأَرْضِ وَمَا بَيْنَهُمَا الْعَزِيزُ الْغَفَّارُ, نصف الحزب (46),الجزء الثالث والعشرون
68,قُلْ هُوَ نَبَأٌ عَظِيمٌ, نصف الحزب (46),الجزء الثالث والعشرون
69,أَنْتُمْ عَنْهُ مُعْرِضُونَ , نصف الحزب (46),الجزء الثالث والعشرون
70,مَا كَانَ لِيَ مِنْ عِلْمٍ بِالْمَلَإِ الْأَعْلَىٰ إِذْ يَخْتَصِمُونَ , نصف الحزب (46),الجزء الثالث والعشرون
71,إِنْ يُوحَىٰ إِلَيَّ إِلَّا أَنَّمَا أَنَا نَذِيرٌ مُبِينٌ, نصف الحزب (46),الجزء الثالث والعشرون
72,إِذْ قَالَ رَبُّكَ لِلْمَلَائِكَةِ إِنِّي خَالِقٌ بَشَرًا مِنْ طِينٍ , نصف الحزب (46),الجزء الثالث والعشرون
73,فَإِذَا سَوَّيْتُهُ وَنَفَخْتُ فِيهِ مِنْ رُوحِي فَقَعُوا لَهُ سَاجِدِينَ , نصف الحزب (46),الجزء الثالث والعشرون
74,فَسَجَدَ الْمَلَائِكَةُ كُلُّهُمْ أَجْمَعُونَ, نصف الحزب (46),الجزء الثالث والعشرون
75,إِلَّا إِبْلِيسَ اسْتَكْبَرَ وَكَانَ مِنَ الْكَافِرِينَ , نصف الحزب (46),الجزء الثالث والعشرون
76,قَالَ يَا إِبْلِيسُ مَا مَنَعَكَ أَنْ تَسْجُدَ لِمَا خَلَقْتُ بِيَدَيَّ ۖ أَسْتَكْبَرْتَ أَمْ كُنْتَ مِنَ الْعَالِينَ , نصف الحزب (46),الجزء الثالث والعشرون
77,قَالَ أَنَا خَيْرٌ مِنْهُ ۖ خَلَقْتَنِي مِنْ نَارٍ وَخَلَقْتَهُ مِنْ طِينٍ, نصف الحزب (46),الجزء الثالث والعشرون
78,قَالَ فَاخْرُجْ مِنْهَا فَإِنَّكَ رَجِيمٌ , نصف الحزب (46),الجزء الثالث والعشرون
79,وَإِنَّ عَلَيْكَ لَعْنَتِي إِلَىٰ يَوْمِ الدِّينِ, نصف الحزب (46),الجزء الثالث والعشرون
80,قَالَ رَبِّ فَأَنْظِرْنِي إِلَىٰ يَوْمِ يُبْعَثُونَ, نصف الحزب (46),الجزء الثالث والعشرون
81,قَالَ فَإِنَّكَ مِنَ الْمُنْظَرِينَ, نصف الحزب (46),الجزء الثالث والعشرون
82,إِلَىٰ يَوْمِ الْوَقْتِ الْمَعْلُومِ , نصف الحزب (46),الجزء الثالث والعشرون
83,قَالَ فَبِعِزَّتِكَ لَأُغْوِيَنَّهُمْ أَجْمَعِينَ, نصف الحزب (46),الجزء الثالث والعشرون
84,إِلَّا عِبَادَكَ مِنْهُمُ الْمُخْلَصِينَ, نصف الحزب (46),الجزء الثالث والعشرون
85,قَالَ فَالْحَقُّ وَالْحَقَّ أَقُولُ, نصف الحزب (46),الجزء الثالث والعشرون
86,لَأَمْلَأَنَّ جَهَنَّمَ مِنْكَ وَمِمَّنْ تَبِعَكَ مِنْهُمْ أَجْمَعِينَ , نصف الحزب (46),الجزء الثالث والعشرون
87,قُلْ مَا أَسْأَلُكُمْ عَلَيْهِ مِنْ أَجْرٍ وَمَا أَنَا مِنَ الْمُتَكَلِّفِينَ , نصف الحزب (46),الجزء الثالث والعشرون
88,إِنْ هُوَ إِلَّا ذِكْرٌ لِلْعَالَمِينَ, نصف الحزب (46),الجزء الثالث والعشرون
89,وَلَتَعْلَمُنَّ نَبَأَهُ بَعْدَ حِينٍ, نصف الحزب (46),الجزء الثالث والعشرون
