﻿1,بِسْمِ اللَّهِ الرَّحْمَنِ الرَّحِيم, نصف الحزب (47),الجزء الرابع والعشرون
2,حم ۞ , نصف الحزب (47),الجزء الرابع والعشرون
3,تَنْزِيلُ الْكِتَابِ مِنَ اللَّهِ الْعَزِيزِ الْعَلِيمِ, نصف الحزب (47),الجزء الرابع والعشرون
4,غَافِرِ الذَّنْبِ وَقَابِلِ التَّوْبِ شَدِيدِ الْعِقَابِ ذِي الطَّوْلِ ۖ لَا إِلَٰهَ إِلَّا هُوَ ۖ إِلَيْهِ الْمَصِيرُ , نصف الحزب (47),الجزء الرابع والعشرون
5,مَا يُجَادِلُ فِي آيَاتِ اللَّهِ إِلَّا الَّذِينَ كَفَرُوا فَلَا يَغْرُرْكَ تَقَلُّبُهُمْ فِي الْبِلَادِ , نصف الحزب (47),الجزء الرابع والعشرون
6,كَذَّبَتْ قَبْلَهُمْ قَوْمُ نُوحٍ وَالْأَحْزَابُ مِنْ بَعْدِهِمْ ۖ وَهَمَّتْ كُلُّ أُمَّةٍ بِرَسُولِهِمْ لِيَأْخُذُوهُ ۖ وَجَادَلُوا بِالْبَاطِلِ لِيُدْحِضُوا بِهِ الْحَقَّ فَأَخَذْتُهُمْ ۖ فَكَيْفَ كَانَ عِقَابِ, نصف الحزب (47),الجزء الرابع والعشرون
7,وَكَذَٰلِكَ حَقَّتْ كَلِمَتُ رَبِّكَ عَلَى الَّذِينَ كَفَرُوا أَنَّهُمْ أَصْحَابُ النَّارِ , نصف الحزب (47),الجزء الرابع والعشرون
8,الَّذِينَ يَحْمِلُونَ الْعَرْشَ وَمَنْ حَوْلَهُ يُسَبِّحُونَ بِحَمْدِ رَبِّهِمْ وَيُؤْمِنُونَ بِهِ وَيَسْتَغْفِرُونَ لِلَّذِينَ آمَنُوا رَبَّنَا وَسِعْتَ كُلَّ شَيْءٍ رَحْمَةً وَعِلْمًا فَاغْفِرْ لِلَّذِينَ تَابُوا وَاتَّبَعُوا سَبِيلَكَ وَقِهِمْ عَذَابَ الْجَحِيمِ, نصف الحزب (47),الجزء الرابع والعشرون
9,رَبَّنَا وَأَدْخِلْهُمْ جَنَّاتِ عَدْنٍ الَّتِي وَعَدْتَهُمْ وَمَنْ صَلَحَ مِنْ آبَائِهِمْ وَأَزْوَاجِهِمْ وَذُرِّيَّاتِهِمْ ۚ إِنَّكَ أَنْتَ الْعَزِيزُ الْحَكِيمُ, نصف الحزب (47),الجزء الرابع والعشرون
10,وَقِهِمُ السَّيِّئَاتِ ۚ وَمَنْ تَقِ السَّيِّئَاتِ يَوْمَئِذٍ فَقَدْ رَحِمْتَهُ ۚ وَذَٰلِكَ هُوَ الْفَوْزُ الْعَظِيمُ , نصف الحزب (47),الجزء الرابع والعشرون
11,إِنَّ الَّذِينَ كَفَرُوا يُنَادَوْنَ لَمَقْتُ اللَّهِ أَكْبَرُ مِنْ مَقْتِكُمْ أَنْفُسَكُمْ إِذْ تُدْعَوْنَ إِلَى الْإِيمَانِ فَتَكْفُرُونَ , نصف الحزب (47),الجزء الرابع والعشرون
12,قَالُوا رَبَّنَا أَمَتَّنَا اثْنَتَيْنِ وَأَحْيَيْتَنَا اثْنَتَيْنِ فَاعْتَرَفْنَا بِذُنُوبِنَا فَهَلْ إِلَىٰ خُرُوجٍ مِنْ سَبِيلٍ , نصف الحزب (47),الجزء الرابع والعشرون
13,ذَٰلِكُمْ بِأَنَّهُ إِذَا دُعِيَ اللَّهُ وَحْدَهُ كَفَرْتُمْ ۖ وَإِنْ يُشْرَكْ بِهِ تُؤْمِنُوا ۚ فَالْحُكْمُ لِلَّهِ الْعَلِيِّ الْكَبِيرِ , نصف الحزب (47),الجزء الرابع والعشرون
14,هُوَ الَّذِي يُرِيكُمْ آيَاتِهِ وَيُنَزِّلُ لَكُمْ مِنَ السَّمَاءِ رِزْقًا ۚ وَمَا يَتَذَكَّرُ إِلَّا مَنْ يُنِيبُ , نصف الحزب (47),الجزء الرابع والعشرون
15,فَادْعُوا اللَّهَ مُخْلِصِينَ لَهُ الدِّينَ وَلَوْ كَرِهَ الْكَافِرُونَ , نصف الحزب (47),الجزء الرابع والعشرون
16,رَفِيعُ الدَّرَجَاتِ ذُو الْعَرْشِ يُلْقِي الرُّوحَ مِنْ أَمْرِهِ عَلَىٰ مَنْ يَشَاءُ مِنْ عِبَادِهِ لِيُنْذِرَ يَوْمَ التَّلَاقِ , نصف الحزب (47),الجزء الرابع والعشرون
17,يَوْمَ هُمْ بَارِزُونَ ۖ لَا يَخْفَىٰ عَلَى اللَّهِ مِنْهُمْ شَيْءٌ ۚ لِمَنِ الْمُلْكُ الْيَوْمَ ۖ لِلَّهِ الْوَاحِدِ الْقَهَّارِ, نصف الحزب (47),الجزء الرابع والعشرون
18,الْيَوْمَ تُجْزَىٰ كُلُّ نَفْسٍ بِمَا كَسَبَتْ ۚ لَا ظُلْمَ الْيَوْمَ ۚ إِنَّ اللَّهَ سَرِيعُ الْحِسَابِ, نصف الحزب (47),الجزء الرابع والعشرون
19,وَأَنْذِرْهُمْ يَوْمَ الْآزِفَةِ إِذِ الْقُلُوبُ لَدَى الْحَنَاجِرِ كَاظِمِينَ ۚ مَا لِلظَّالِمِينَ مِنْ حَمِيمٍ وَلَا شَفِيعٍ يُطَاعُ , نصف الحزب (47),الجزء الرابع والعشرون
20,يَعْلَمُ خَائِنَةَ الْأَعْيُنِ وَمَا تُخْفِي الصُّدُورُ, نصف الحزب (47),الجزء الرابع والعشرون
21,وَاللَّهُ يَقْضِي بِالْحَقِّ ۖ وَالَّذِينَ يَدْعُونَ مِنْ دُونِهِ لَا يَقْضُونَ بِشَيْءٍ ۗ إِنَّ اللَّهَ هُوَ السَّمِيعُ الْبَصِيرُ, نصف الحزب (47),الجزء الرابع والعشرون
22,۞ أَوَلَمْ يَسِيرُوا فِي الْأَرْضِ فَيَنْظُرُوا كَيْفَ كَانَ عَاقِبَةُ الَّذِينَ كَانُوا مِنْ قَبْلِهِمْ ۚ كَانُوا هُمْ أَشَدَّ مِنْهُمْ قُوَّةً وَآثَارًا فِي الْأَرْضِ فَأَخَذَهُمُ اللَّهُ بِذُنُوبِهِمْ وَمَا كَانَ لَهُمْ مِنَ اللَّهِ مِنْ وَاقٍ , ثلاثة أرباع الحزب (47),الجزء الرابع والعشرون
23,ذَٰلِكَ بِأَنَّهُمْ كَانَتْ تَأْتِيهِمْ رُسُلُهُمْ بِالْبَيِّنَاتِ فَكَفَرُوا فَأَخَذَهُمُ اللَّهُ ۚ إِنَّهُ قَوِيٌّ شَدِيدُ الْعِقَابِ, ثلاثة أرباع الحزب (47),الجزء الرابع والعشرون
24,وَلَقَدْ أَرْسَلْنَا مُوسَىٰ بِآيَاتِنَا وَسُلْطَانٍ مُبِينٍ , ثلاثة أرباع الحزب (47),الجزء الرابع والعشرون
25,إِلَىٰ فِرْعَوْنَ وَهَامَانَ وَقَارُونَ فَقَالُوا سَاحِرٌ كَذَّابٌ , ثلاثة أرباع الحزب (47),الجزء الرابع والعشرون
26,فَلَمَّا جَاءَهُمْ بِالْحَقِّ مِنْ عِنْدِنَا قَالُوا اقْتُلُوا أَبْنَاءَ الَّذِينَ آمَنُوا مَعَهُ وَاسْتَحْيُوا نِسَاءَهُمْ ۚ وَمَا كَيْدُ الْكَافِرِينَ إِلَّا فِي ضَلَالٍ , ثلاثة أرباع الحزب (47),الجزء الرابع والعشرون
27,وَقَالَ فِرْعَوْنُ ذَرُونِي أَقْتُلْ مُوسَىٰ وَلْيَدْعُ رَبَّهُ ۖ إِنِّي أَخَافُ أَنْ يُبَدِّلَ دِينَكُمْ أَوْ أَنْ يُظْهِرَ فِي الْأَرْضِ الْفَسَادَ , ثلاثة أرباع الحزب (47),الجزء الرابع والعشرون
28,وَقَالَ مُوسَىٰ إِنِّي عُذْتُ بِرَبِّي وَرَبِّكُمْ مِنْ كُلِّ مُتَكَبِّرٍ لَا يُؤْمِنُ بِيَوْمِ الْحِسَابِ , ثلاثة أرباع الحزب (47),الجزء الرابع والعشرون
29,وَقَالَ رَجُلٌ مُؤْمِنٌ مِنْ آلِ فِرْعَوْنَ يَكْتُمُ إِيمَانَهُ أَتَقْتُلُونَ رَجُلًا أَنْ يَقُولَ رَبِّيَ اللَّهُ وَقَدْ جَاءَكُمْ بِالْبَيِّنَاتِ مِنْ رَبِّكُمْ ۖ وَإِنْ يَكُ كَاذِبًا فَعَلَيْهِ كَذِبُهُ ۖ وَإِنْ يَكُ صَادِقًا يُصِبْكُمْ بَعْضُ الَّذِي يَعِدُكُمْ ۖ إِنَّ اللَّهَ لَا يَهْدِي مَنْ هُوَ مُسْرِفٌ كَذَّابٌ, ثلاثة أرباع الحزب (47),الجزء الرابع والعشرون
30,يَا قَوْمِ لَكُمُ الْمُلْكُ الْيَوْمَ ظَاهِرِينَ فِي الْأَرْضِ فَمَنْ يَنْصُرُنَا مِنْ بَأْسِ اللَّهِ إِنْ جَاءَنَا ۚ قَالَ فِرْعَوْنُ مَا أُرِيكُمْ إِلَّا مَا أَرَىٰ وَمَا أَهْدِيكُمْ إِلَّا سَبِيلَ الرَّشَادِ, ثلاثة أرباع الحزب (47),الجزء الرابع والعشرون
31,وَقَالَ الَّذِي آمَنَ يَا قَوْمِ إِنِّي أَخَافُ عَلَيْكُمْ مِثْلَ يَوْمِ الْأَحْزَابِ , ثلاثة أرباع الحزب (47),الجزء الرابع والعشرون
32,مِثْلَ دَأْبِ قَوْمِ نُوحٍ وَعَادٍ وَثَمُودَ وَالَّذِينَ مِنْ بَعْدِهِمْ ۚ وَمَا اللَّهُ يُرِيدُ ظُلْمًا لِلْعِبَادِ, ثلاثة أرباع الحزب (47),الجزء الرابع والعشرون
33,وَيَا قَوْمِ إِنِّي أَخَافُ عَلَيْكُمْ يَوْمَ التَّنَادِ , ثلاثة أرباع الحزب (47),الجزء الرابع والعشرون
34,يَوْمَ تُوَلُّونَ مُدْبِرِينَ مَا لَكُمْ مِنَ اللَّهِ مِنْ عَاصِمٍ ۗ وَمَنْ يُضْلِلِ اللَّهُ فَمَا لَهُ مِنْ هَادٍ , ثلاثة أرباع الحزب (47),الجزء الرابع والعشرون
35,وَلَقَدْ جَاءَكُمْ يُوسُفُ مِنْ قَبْلُ بِالْبَيِّنَاتِ فَمَا زِلْتُمْ فِي شَكٍّ مِمَّا جَاءَكُمْ بِهِ ۖ حَتَّىٰ إِذَا هَلَكَ قُلْتُمْ لَنْ يَبْعَثَ اللَّهُ مِنْ بَعْدِهِ رَسُولًا ۚ كَذَٰلِكَ يُضِلُّ اللَّهُ مَنْ هُوَ مُسْرِفٌ مُرْتَابٌ , ثلاثة أرباع الحزب (47),الجزء الرابع والعشرون
36,الَّذِينَ يُجَادِلُونَ فِي آيَاتِ اللَّهِ بِغَيْرِ سُلْطَانٍ أَتَاهُمْ ۖ كَبُرَ مَقْتًا عِنْدَ اللَّهِ وَعِنْدَ الَّذِينَ آمَنُوا ۚ كَذَٰلِكَ يَطْبَعُ اللَّهُ عَلَىٰ كُلِّ قَلْبِ مُتَكَبِّرٍ جَبَّارٍ, ثلاثة أرباع الحزب (47),الجزء الرابع والعشرون
37,وَقَالَ فِرْعَوْنُ يَا هَامَانُ ابْنِ لِي صَرْحًا لَعَلِّي أَبْلُغُ الْأَسْبَابَ, ثلاثة أرباع الحزب (47),الجزء الرابع والعشرون
38,أَسْبَابَ السَّمَاوَاتِ فَأَطَّلِعَ إِلَىٰ إِلَٰهِ مُوسَىٰ وَإِنِّي لَأَظُنُّهُ كَاذِبًا ۚ وَكَذَٰلِكَ زُيِّنَ لِفِرْعَوْنَ سُوءُ عَمَلِهِ وَصُدَّ عَنِ السَّبِيلِ ۚ وَمَا كَيْدُ فِرْعَوْنَ إِلَّا فِي تَبَابٍ, ثلاثة أرباع الحزب (47),الجزء الرابع والعشرون
39,وَقَالَ الَّذِي آمَنَ يَا قَوْمِ اتَّبِعُونِ أَهْدِكُمْ سَبِيلَ الرَّشَادِ, ثلاثة أرباع الحزب (47),الجزء الرابع والعشرون
40,يَا قَوْمِ إِنَّمَا هَٰذِهِ الْحَيَاةُ الدُّنْيَا مَتَاعٌ وَإِنَّ الْآخِرَةَ هِيَ دَارُ الْقَرَارِ, ثلاثة أرباع الحزب (47),الجزء الرابع والعشرون
41,مَنْ عَمِلَ سَيِّئَةً فَلَا يُجْزَىٰ إِلَّا مِثْلَهَا ۖ وَمَنْ عَمِلَ صَالِحًا مِنْ ذَكَرٍ أَوْ أُنْثَىٰ وَهُوَ مُؤْمِنٌ فَأُولَٰئِكَ يَدْخُلُونَ الْجَنَّةَ يُرْزَقُونَ فِيهَا بِغَيْرِ حِسَابٍ, ثلاثة أرباع الحزب (47),الجزء الرابع والعشرون
42,۞ وَيَا قَوْمِ مَا لِي أَدْعُوكُمْ إِلَى النَّجَاةِ وَتَدْعُونَنِي إِلَى النَّارِ , الحزب (48),الجزء الرابع والعشرون
43,تَدْعُونَنِي لِأَكْفُرَ بِاللَّهِ وَأُشْرِكَ بِهِ مَا لَيْسَ لِي بِهِ عِلْمٌ وَأَنَا أَدْعُوكُمْ إِلَى الْعَزِيزِ الْغَفَّارِ , الحزب (48),الجزء الرابع والعشرون
44,لَا جَرَمَ أَنَّمَا تَدْعُونَنِي إِلَيْهِ لَيْسَ لَهُ دَعْوَةٌ فِي الدُّنْيَا وَلَا فِي الْآخِرَةِ وَأَنَّ مَرَدَّنَا إِلَى اللَّهِ وَأَنَّ الْمُسْرِفِينَ هُمْ أَصْحَابُ النَّارِ, الحزب (48),الجزء الرابع والعشرون
45,فَسَتَذْكُرُونَ مَا أَقُولُ لَكُمْ ۚ وَأُفَوِّضُ أَمْرِي إِلَى اللَّهِ ۚ إِنَّ اللَّهَ بَصِيرٌ بِالْعِبَادِ , الحزب (48),الجزء الرابع والعشرون
46,فَوَقَاهُ اللَّهُ سَيِّئَاتِ مَا مَكَرُوا ۖ وَحَاقَ بِآلِ فِرْعَوْنَ سُوءُ الْعَذَابِ, الحزب (48),الجزء الرابع والعشرون
47,النَّارُ يُعْرَضُونَ عَلَيْهَا غُدُوًّا وَعَشِيًّا ۖ وَيَوْمَ تَقُومُ السَّاعَةُ أَدْخِلُوا آلَ فِرْعَوْنَ أَشَدَّ الْعَذَابِ , الحزب (48),الجزء الرابع والعشرون
48,وَإِذْ يَتَحَاجُّونَ فِي النَّارِ فَيَقُولُ الضُّعَفَاءُ لِلَّذِينَ اسْتَكْبَرُوا إِنَّا كُنَّا لَكُمْ تَبَعًا فَهَلْ أَنْتُمْ مُغْنُونَ عَنَّا نَصِيبًا مِنَ النَّارِ , الحزب (48),الجزء الرابع والعشرون
49,قَالَ الَّذِينَ اسْتَكْبَرُوا إِنَّا كُلٌّ فِيهَا إِنَّ اللَّهَ قَدْ حَكَمَ بَيْنَ الْعِبَادِ , الحزب (48),الجزء الرابع والعشرون
50,وَقَالَ الَّذِينَ فِي النَّارِ لِخَزَنَةِ جَهَنَّمَ ادْعُوا رَبَّكُمْ يُخَفِّفْ عَنَّا يَوْمًا مِنَ الْعَذَابِ , الحزب (48),الجزء الرابع والعشرون
51,قَالُوا أَوَلَمْ تَكُ تَأْتِيكُمْ رُسُلُكُمْ بِالْبَيِّنَاتِ ۖ قَالُوا بَلَىٰ ۚ قَالُوا فَادْعُوا ۗ وَمَا دُعَاءُ الْكَافِرِينَ إِلَّا فِي ضَلَالٍ , الحزب (48),الجزء الرابع والعشرون
52,إِنَّا لَنَنْصُرُ رُسُلَنَا وَالَّذِينَ آمَنُوا فِي الْحَيَاةِ الدُّنْيَا وَيَوْمَ يَقُومُ الْأَشْهَادُ , الحزب (48),الجزء الرابع والعشرون
53,يَوْمَ لَا يَنْفَعُ الظَّالِمِينَ مَعْذِرَتُهُمْ ۖ وَلَهُمُ اللَّعْنَةُ وَلَهُمْ سُوءُ الدَّارِ, الحزب (48),الجزء الرابع والعشرون
54,وَلَقَدْ آتَيْنَا مُوسَى الْهُدَىٰ وَأَوْرَثْنَا بَنِي إِسْرَائِيلَ الْكِتَابَ, الحزب (48),الجزء الرابع والعشرون
55,هُدًى وَذِكْرَىٰ لِأُولِي الْأَلْبَابِ, الحزب (48),الجزء الرابع والعشرون
56,فَاصْبِرْ إِنَّ وَعْدَ اللَّهِ حَقٌّ وَاسْتَغْفِرْ لِذَنْبِكَ وَسَبِّحْ بِحَمْدِ رَبِّكَ بِالْعَشِيِّ وَالْإِبْكَارِ , الحزب (48),الجزء الرابع والعشرون
57,إِنَّ الَّذِينَ يُجَادِلُونَ فِي آيَاتِ اللَّهِ بِغَيْرِ سُلْطَانٍ أَتَاهُمْ ۙ إِنْ فِي صُدُورِهِمْ إِلَّا كِبْرٌ مَا هُمْ بِبَالِغِيهِ ۚ فَاسْتَعِذْ بِاللَّهِ ۖ إِنَّهُ هُوَ السَّمِيعُ الْبَصِيرُ , الحزب (48),الجزء الرابع والعشرون
58,لَخَلْقُ السَّمَاوَاتِ وَالْأَرْضِ أَكْبَرُ مِنْ خَلْقِ النَّاسِ وَلَٰكِنَّ أَكْثَرَ النَّاسِ لَا يَعْلَمُونَ , الحزب (48),الجزء الرابع والعشرون
59,وَمَا يَسْتَوِي الْأَعْمَىٰ وَالْبَصِيرُ وَالَّذِينَ آمَنُوا وَعَمِلُوا الصَّالِحَاتِ وَلَا الْمُسِيءُ ۚ قَلِيلًا مَا تَتَذَكَّرُونَ , الحزب (48),الجزء الرابع والعشرون
60,إِنَّ السَّاعَةَ لَآتِيَةٌ لَا رَيْبَ فِيهَا وَلَٰكِنَّ أَكْثَرَ النَّاسِ لَا يُؤْمِنُونَ , الحزب (48),الجزء الرابع والعشرون
61,وَقَالَ رَبُّكُمُ ادْعُونِي أَسْتَجِبْ لَكُمْ ۚ إِنَّ الَّذِينَ يَسْتَكْبِرُونَ عَنْ عِبَادَتِي سَيَدْخُلُونَ جَهَنَّمَ دَاخِرِينَ , الحزب (48),الجزء الرابع والعشرون
62,اللَّهُ الَّذِي جَعَلَ لَكُمُ اللَّيْلَ لِتَسْكُنُوا فِيهِ وَالنَّهَارَ مُبْصِرًا ۚ إِنَّ اللَّهَ لَذُو فَضْلٍ عَلَى النَّاسِ وَلَٰكِنَّ أَكْثَرَ النَّاسِ لَا يَشْكُرُونَ , الحزب (48),الجزء الرابع والعشرون
63,ذَٰلِكُمُ اللَّهُ رَبُّكُمْ خَالِقُ كُلِّ شَيْءٍ لَا إِلَٰهَ إِلَّا هُوَ ۖ فَأَنَّىٰ تُؤْفَكُونَ , الحزب (48),الجزء الرابع والعشرون
64,كَذَٰلِكَ يُؤْفَكُ الَّذِينَ كَانُوا بِآيَاتِ اللَّهِ يَجْحَدُونَ, الحزب (48),الجزء الرابع والعشرون
65,اللَّهُ الَّذِي جَعَلَ لَكُمُ الْأَرْضَ قَرَارًا وَالسَّمَاءَ بِنَاءً وَصَوَّرَكُمْ فَأَحْسَنَ صُوَرَكُمْ وَرَزَقَكُمْ مِنَ الطَّيِّبَاتِ ۚ ذَٰلِكُمُ اللَّهُ رَبُّكُمْ ۖ فَتَبَارَكَ اللَّهُ رَبُّ الْعَالَمِينَ, الحزب (48),الجزء الرابع والعشرون
66,هُوَ الْحَيُّ لَا إِلَٰهَ إِلَّا هُوَ فَادْعُوهُ مُخْلِصِينَ لَهُ الدِّينَ ۗ الْحَمْدُ لِلَّهِ رَبِّ الْعَالَمِينَ , الحزب (48),الجزء الرابع والعشرون
67,۞ قُلْ إِنِّي نُهِيتُ أَنْ أَعْبُدَ الَّذِينَ تَدْعُونَ مِنْ دُونِ اللَّهِ لَمَّا جَاءَنِيَ الْبَيِّنَاتُ مِنْ رَبِّي وَأُمِرْتُ أَنْ أُسْلِمَ لِرَبِّ الْعَالَمِينَ, ربع الحزب (48),الجزء الرابع والعشرون
68,هُوَ الَّذِي خَلَقَكُمْ مِنْ تُرَابٍ ثُمَّ مِنْ نُطْفَةٍ ثُمَّ مِنْ عَلَقَةٍ ثُمَّ يُخْرِجُكُمْ طِفْلًا ثُمَّ لِتَبْلُغُوا أَشُدَّكُمْ ثُمَّ لِتَكُونُوا شُيُوخًا ۚ وَمِنْكُمْ مَنْ يُتَوَفَّىٰ مِنْ قَبْلُ ۖ وَلِتَبْلُغُوا أَجَلًا مُسَمًّى وَلَعَلَّكُمْ تَعْقِلُونَ, ربع الحزب (48),الجزء الرابع والعشرون
69,هُوَ الَّذِي يُحْيِي وَيُمِيتُ ۖ فَإِذَا قَضَىٰ أَمْرًا فَإِنَّمَا يَقُولُ لَهُ كُنْ فَيَكُونُ, ربع الحزب (48),الجزء الرابع والعشرون
70,أَلَمْ تَرَ إِلَى الَّذِينَ يُجَادِلُونَ فِي آيَاتِ اللَّهِ أَنَّىٰ يُصْرَفُونَ, ربع الحزب (48),الجزء الرابع والعشرون
71,الَّذِينَ كَذَّبُوا بِالْكِتَابِ وَبِمَا أَرْسَلْنَا بِهِ رُسُلَنَا ۖ فَسَوْفَ يَعْلَمُونَ , ربع الحزب (48),الجزء الرابع والعشرون
72,إِذِ الْأَغْلَالُ فِي أَعْنَاقِهِمْ وَالسَّلَاسِلُ يُسْحَبُونَ , ربع الحزب (48),الجزء الرابع والعشرون
73,فِي الْحَمِيمِ ثُمَّ فِي النَّارِ يُسْجَرُونَ, ربع الحزب (48),الجزء الرابع والعشرون
74,ثُمَّ قِيلَ لَهُمْ أَيْنَ مَا كُنْتُمْ تُشْرِكُونَ , ربع الحزب (48),الجزء الرابع والعشرون
75,مِنْ دُونِ اللَّهِ ۖ قَالُوا ضَلُّوا عَنَّا بَلْ لَمْ نَكُنْ نَدْعُو مِنْ قَبْلُ شَيْئًا ۚ كَذَٰلِكَ يُضِلُّ اللَّهُ الْكَافِرِينَ , ربع الحزب (48),الجزء الرابع والعشرون
76,ذَٰلِكُمْ بِمَا كُنْتُمْ تَفْرَحُونَ فِي الْأَرْضِ بِغَيْرِ الْحَقِّ وَبِمَا كُنْتُمْ تَمْرَحُونَ , ربع الحزب (48),الجزء الرابع والعشرون
77,ادْخُلُوا أَبْوَابَ جَهَنَّمَ خَالِدِينَ فِيهَا ۖ فَبِئْسَ مَثْوَى الْمُتَكَبِّرِينَ, ربع الحزب (48),الجزء الرابع والعشرون
78,فَاصْبِرْ إِنَّ وَعْدَ اللَّهِ حَقٌّ ۚ فَإِمَّا نُرِيَنَّكَ بَعْضَ الَّذِي نَعِدُهُمْ أَوْ نَتَوَفَّيَنَّكَ فَإِلَيْنَا يُرْجَعُونَ, ربع الحزب (48),الجزء الرابع والعشرون
79,وَلَقَدْ أَرْسَلْنَا رُسُلًا مِنْ قَبْلِكَ مِنْهُمْ مَنْ قَصَصْنَا عَلَيْكَ وَمِنْهُمْ مَنْ لَمْ نَقْصُصْ عَلَيْكَ ۗ وَمَا كَانَ لِرَسُولٍ أَنْ يَأْتِيَ بِآيَةٍ إِلَّا بِإِذْنِ اللَّهِ ۚ فَإِذَا جَاءَ أَمْرُ اللَّهِ قُضِيَ بِالْحَقِّ وَخَسِرَ هُنَالِكَ الْمُبْطِلُونَ, ربع الحزب (48),الجزء الرابع والعشرون
80,اللَّهُ الَّذِي جَعَلَ لَكُمُ الْأَنْعَامَ لِتَرْكَبُوا مِنْهَا وَمِنْهَا تَأْكُلُونَ, ربع الحزب (48),الجزء الرابع والعشرون
81,وَلَكُمْ فِيهَا مَنَافِعُ وَلِتَبْلُغُوا عَلَيْهَا حَاجَةً فِي صُدُورِكُمْ وَعَلَيْهَا وَعَلَى الْفُلْكِ تُحْمَلُونَ, ربع الحزب (48),الجزء الرابع والعشرون
82,وَيُرِيكُمْ آيَاتِهِ فَأَيَّ آيَاتِ اللَّهِ تُنْكِرُونَ , ربع الحزب (48),الجزء الرابع والعشرون
83,أَفَلَمْ يَسِيرُوا فِي الْأَرْضِ فَيَنْظُرُوا كَيْفَ كَانَ عَاقِبَةُ الَّذِينَ مِنْ قَبْلِهِمْ ۚ كَانُوا أَكْثَرَ مِنْهُمْ وَأَشَدَّ قُوَّةً وَآثَارًا فِي الْأَرْضِ فَمَا أَغْنَىٰ عَنْهُمْ مَا كَانُوا يَكْسِبُونَ, ربع الحزب (48),الجزء الرابع والعشرون
84,فَلَمَّا جَاءَتْهُمْ رُسُلُهُمْ بِالْبَيِّنَاتِ فَرِحُوا بِمَا عِنْدَهُمْ مِنَ الْعِلْمِ وَحَاقَ بِهِمْ مَا كَانُوا بِهِ يَسْتَهْزِئُونَ , ربع الحزب (48),الجزء الرابع والعشرون
85,فَلَمَّا رَأَوْا بَأْسَنَا قَالُوا آمَنَّا بِاللَّهِ وَحْدَهُ وَكَفَرْنَا بِمَا كُنَّا بِهِ مُشْرِكِينَ , ربع الحزب (48),الجزء الرابع والعشرون
86,فَلَمْ يَكُ يَنْفَعُهُمْ إِيمَانُهُمْ لَمَّا رَأَوْا بَأْسَنَا ۖ سُنَّتَ اللَّهِ الَّتِي قَدْ خَلَتْ فِي عِبَادِهِ ۖ وَخَسِرَ هُنَالِكَ الْكَافِرُونَ, ربع الحزب (48),الجزء الرابع والعشرون
