﻿1,بِسْمِ اللَّهِ الرَّحْمَنِ الرَّحِيم, ربع الحزب (48),الجزء الرابع والعشرون
2,حم , ربع الحزب (48),الجزء الرابع والعشرون
3,تَنْزِيلٌ مِنَ الرَّحْمَٰنِ الرَّحِيمِ, ربع الحزب (48),الجزء الرابع والعشرون
4,كِتَابٌ فُصِّلَتْ آيَاتُهُ قُرْآنًا عَرَبِيًّا لِقَوْمٍ يَعْلَمُونَ , ربع الحزب (48),الجزء الرابع والعشرون
5,بَشِيرًا وَنَذِيرًا فَأَعْرَضَ أَكْثَرُهُمْ فَهُمْ لَا يَسْمَعُونَ , ربع الحزب (48),الجزء الرابع والعشرون
6,وَقَالُوا قُلُوبُنَا فِي أَكِنَّةٍ مِمَّا تَدْعُونَا إِلَيْهِ وَفِي آذَانِنَا وَقْرٌ وَمِنْ بَيْنِنَا وَبَيْنِكَ حِجَابٌ فَاعْمَلْ إِنَّنَا عَامِلُونَ , ربع الحزب (48),الجزء الرابع والعشرون
7,قُلْ إِنَّمَا أَنَا بَشَرٌ مِثْلُكُمْ يُوحَىٰ إِلَيَّ أَنَّمَا إِلَٰهُكُمْ إِلَٰهٌ وَاحِدٌ فَاسْتَقِيمُوا إِلَيْهِ وَاسْتَغْفِرُوهُ ۗ وَوَيْلٌ لِلْمُشْرِكِينَ , ربع الحزب (48),الجزء الرابع والعشرون
8,الَّذِينَ لَا يُؤْتُونَ الزَّكَاةَ وَهُمْ بِالْآخِرَةِ هُمْ كَافِرُونَ , ربع الحزب (48),الجزء الرابع والعشرون
9,إِنَّ الَّذِينَ آمَنُوا وَعَمِلُوا الصَّالِحَاتِ لَهُمْ أَجْرٌ غَيْرُ مَمْنُونٍ , ربع الحزب (48),الجزء الرابع والعشرون
10,۞ قُلْ أَئِنَّكُمْ لَتَكْفُرُونَ بِالَّذِي خَلَقَ الْأَرْضَ فِي يَوْمَيْنِ وَتَجْعَلُونَ لَهُ أَنْدَادًا ۚ ذَٰلِكَ رَبُّ الْعَالَمِينَ , نصف الحزب (48),الجزء الرابع والعشرون
11,وَجَعَلَ فِيهَا رَوَاسِيَ مِنْ فَوْقِهَا وَبَارَكَ فِيهَا وَقَدَّرَ فِيهَا أَقْوَاتَهَا فِي أَرْبَعَةِ أَيَّامٍ سَوَاءً لِلسَّائِلِينَ , نصف الحزب (48),الجزء الرابع والعشرون
12,ثُمَّ اسْتَوَىٰ إِلَى السَّمَاءِ وَهِيَ دُخَانٌ فَقَالَ لَهَا وَلِلْأَرْضِ ائْتِيَا طَوْعًا أَوْ كَرْهًا قَالَتَا أَتَيْنَا طَائِعِينَ , نصف الحزب (48),الجزء الرابع والعشرون
13,فَقَضَاهُنَّ سَبْعَ سَمَاوَاتٍ فِي يَوْمَيْنِ وَأَوْحَىٰ فِي كُلِّ سَمَاءٍ أَمْرَهَا ۚ وَزَيَّنَّا السَّمَاءَ الدُّنْيَا بِمَصَابِيحَ وَحِفْظًا ۚ ذَٰلِكَ تَقْدِيرُ الْعَزِيزِ الْعَلِيمِ , نصف الحزب (48),الجزء الرابع والعشرون
14,فَإِنْ أَعْرَضُوا فَقُلْ أَنْذَرْتُكُمْ صَاعِقَةً مِثْلَ صَاعِقَةِ عَادٍ وَثَمُودَ, نصف الحزب (48),الجزء الرابع والعشرون
15,إِذْ جَاءَتْهُمُ الرُّسُلُ مِنْ بَيْنِ أَيْدِيهِمْ وَمِنْ خَلْفِهِمْ أَلَّا تَعْبُدُوا إِلَّا اللَّهَ ۖ قَالُوا لَوْ شَاءَ رَبُّنَا لَأَنْزَلَ مَلَائِكَةً فَإِنَّا بِمَا أُرْسِلْتُمْ بِهِ كَافِرُونَ, نصف الحزب (48),الجزء الرابع والعشرون
16,فَأَمَّا عَادٌ فَاسْتَكْبَرُوا فِي الْأَرْضِ بِغَيْرِ الْحَقِّ وَقَالُوا مَنْ أَشَدُّ مِنَّا قُوَّةً ۖ أَوَلَمْ يَرَوْا أَنَّ اللَّهَ الَّذِي خَلَقَهُمْ هُوَ أَشَدُّ مِنْهُمْ قُوَّةً ۖ وَكَانُوا بِآيَاتِنَا يَجْحَدُونَ , نصف الحزب (48),الجزء الرابع والعشرون
17,فَأَرْسَلْنَا عَلَيْهِمْ رِيحًا صَرْصَرًا فِي أَيَّامٍ نَحِسَاتٍ لِنُذِيقَهُمْ عَذَابَ الْخِزْيِ فِي الْحَيَاةِ الدُّنْيَا ۖ وَلَعَذَابُ الْآخِرَةِ أَخْزَىٰ ۖ وَهُمْ لَا يُنْصَرُونَ , نصف الحزب (48),الجزء الرابع والعشرون
18,وَأَمَّا ثَمُودُ فَهَدَيْنَاهُمْ فَاسْتَحَبُّوا الْعَمَىٰ عَلَى الْهُدَىٰ فَأَخَذَتْهُمْ صَاعِقَةُ الْعَذَابِ الْهُونِ بِمَا كَانُوا يَكْسِبُونَ , نصف الحزب (48),الجزء الرابع والعشرون
19,وَنَجَّيْنَا الَّذِينَ آمَنُوا وَكَانُوا يَتَّقُونَ , نصف الحزب (48),الجزء الرابع والعشرون
20,وَيَوْمَ يُحْشَرُ أَعْدَاءُ اللَّهِ إِلَى النَّارِ فَهُمْ يُوزَعُونَ , نصف الحزب (48),الجزء الرابع والعشرون
21,حَتَّىٰ إِذَا مَا جَاءُوهَا شَهِدَ عَلَيْهِمْ سَمْعُهُمْ وَأَبْصَارُهُمْ وَجُلُودُهُمْ بِمَا كَانُوا يَعْمَلُونَ , نصف الحزب (48),الجزء الرابع والعشرون
22,وَقَالُوا لِجُلُودِهِمْ لِمَ شَهِدْتُمْ عَلَيْنَا ۖ قَالُوا أَنْطَقَنَا اللَّهُ الَّذِي أَنْطَقَ كُلَّ شَيْءٍ وَهُوَ خَلَقَكُمْ أَوَّلَ مَرَّةٍ وَإِلَيْهِ تُرْجَعُونَ , نصف الحزب (48),الجزء الرابع والعشرون
23,وَمَا كُنْتُمْ تَسْتَتِرُونَ أَنْ يَشْهَدَ عَلَيْكُمْ سَمْعُكُمْ وَلَا أَبْصَارُكُمْ وَلَا جُلُودُكُمْ وَلَٰكِنْ ظَنَنْتُمْ أَنَّ اللَّهَ لَا يَعْلَمُ كَثِيرًا مِمَّا تَعْمَلُونَ , نصف الحزب (48),الجزء الرابع والعشرون
24,وَذَٰلِكُمْ ظَنُّكُمُ الَّذِي ظَنَنْتُمْ بِرَبِّكُمْ أَرْدَاكُمْ فَأَصْبَحْتُمْ مِنَ الْخَاسِرِينَ, نصف الحزب (48),الجزء الرابع والعشرون
25,فَإِنْ يَصْبِرُوا فَالنَّارُ مَثْوًى لَهُمْ ۖ وَإِنْ يَسْتَعْتِبُوا فَمَا هُمْ مِنَ الْمُعْتَبِينَ , نصف الحزب (48),الجزء الرابع والعشرون
26,۞ وَقَيَّضْنَا لَهُمْ قُرَنَاءَ فَزَيَّنُوا لَهُمْ مَا بَيْنَ أَيْدِيهِمْ وَمَا خَلْفَهُمْ وَحَقَّ عَلَيْهِمُ الْقَوْلُ فِي أُمَمٍ قَدْ خَلَتْ مِنْ قَبْلِهِمْ مِنَ الْجِنِّ وَالْإِنْسِ ۖ إِنَّهُمْ كَانُوا خَاسِرِينَ , ثلاثة أرباع الحزب (48),الجزء الرابع والعشرون
27,وَقَالَ الَّذِينَ كَفَرُوا لَا تَسْمَعُوا لِهَٰذَا الْقُرْآنِ وَالْغَوْا فِيهِ لَعَلَّكُمْ تَغْلِبُونَ , ثلاثة أرباع الحزب (48),الجزء الرابع والعشرون
28,فَلَنُذِيقَنَّ الَّذِينَ كَفَرُوا عَذَابًا شَدِيدًا وَلَنَجْزِيَنَّهُمْ أَسْوَأَ الَّذِي كَانُوا يَعْمَلُونَ, ثلاثة أرباع الحزب (48),الجزء الرابع والعشرون
29,ذَٰلِكَ جَزَاءُ أَعْدَاءِ اللَّهِ النَّارُ ۖ لَهُمْ فِيهَا دَارُ الْخُلْدِ ۖ جَزَاءً بِمَا كَانُوا بِآيَاتِنَا يَجْحَدُونَ , ثلاثة أرباع الحزب (48),الجزء الرابع والعشرون
30,وَقَالَ الَّذِينَ كَفَرُوا رَبَّنَا أَرِنَا اللَّذَيْنِ أَضَلَّانَا مِنَ الْجِنِّ وَالْإِنْسِ نَجْعَلْهُمَا تَحْتَ أَقْدَامِنَا لِيَكُونَا مِنَ الْأَسْفَلِينَ , ثلاثة أرباع الحزب (48),الجزء الرابع والعشرون
31,إِنَّ الَّذِينَ قَالُوا رَبُّنَا اللَّهُ ثُمَّ اسْتَقَامُوا تَتَنَزَّلُ عَلَيْهِمُ الْمَلَائِكَةُ أَلَّا تَخَافُوا وَلَا تَحْزَنُوا وَأَبْشِرُوا بِالْجَنَّةِ الَّتِي كُنْتُمْ تُوعَدُونَ , ثلاثة أرباع الحزب (48),الجزء الرابع والعشرون
32,نَحْنُ أَوْلِيَاؤُكُمْ فِي الْحَيَاةِ الدُّنْيَا وَفِي الْآخِرَةِ ۖ وَلَكُمْ فِيهَا مَا تَشْتَهِي أَنْفُسُكُمْ وَلَكُمْ فِيهَا مَا تَدَّعُونَ , ثلاثة أرباع الحزب (48),الجزء الرابع والعشرون
33,نُزُلًا مِنْ غَفُورٍ رَحِيمٍ , ثلاثة أرباع الحزب (48),الجزء الرابع والعشرون
34,وَمَنْ أَحْسَنُ قَوْلًا مِمَّنْ دَعَا إِلَى اللَّهِ وَعَمِلَ صَالِحًا وَقَالَ إِنَّنِي مِنَ الْمُسْلِمِينَ , ثلاثة أرباع الحزب (48),الجزء الرابع والعشرون
35,وَلَا تَسْتَوِي الْحَسَنَةُ وَلَا السَّيِّئَةُ ۚ ادْفَعْ بِالَّتِي هِيَ أَحْسَنُ فَإِذَا الَّذِي بَيْنَكَ وَبَيْنَهُ عَدَاوَةٌ كَأَنَّهُ وَلِيٌّ حَمِيمٌ, ثلاثة أرباع الحزب (48),الجزء الرابع والعشرون
36,وَمَا يُلَقَّاهَا إِلَّا الَّذِينَ صَبَرُوا وَمَا يُلَقَّاهَا إِلَّا ذُو حَظٍّ عَظِيمٍ , ثلاثة أرباع الحزب (48),الجزء الرابع والعشرون
37,وَإِمَّا يَنْزَغَنَّكَ مِنَ الشَّيْطَانِ نَزْغٌ فَاسْتَعِذْ بِاللَّهِ ۖ إِنَّهُ هُوَ السَّمِيعُ الْعَلِيمُ , ثلاثة أرباع الحزب (48),الجزء الرابع والعشرون
38,وَمِنْ آيَاتِهِ اللَّيْلُ وَالنَّهَارُ وَالشَّمْسُ وَالْقَمَرُ ۚ لَا تَسْجُدُوا لِلشَّمْسِ وَلَا لِلْقَمَرِ وَاسْجُدُوا لِلَّهِ الَّذِي خَلَقَهُنَّ إِنْ كُنْتُمْ إِيَّاهُ تَعْبُدُونَ , ثلاثة أرباع الحزب (48),الجزء الرابع والعشرون
39,فَإِنِ اسْتَكْبَرُوا فَالَّذِينَ عِنْدَ رَبِّكَ يُسَبِّحُونَ لَهُ بِاللَّيْلِ وَالنَّهَارِ وَهُمْ لَا يَسْأَمُونَ ۩, ثلاثة أرباع الحزب (48),الجزء الرابع والعشرون
40,وَمِنْ آيَاتِهِ أَنَّكَ تَرَى الْأَرْضَ خَاشِعَةً فَإِذَا أَنْزَلْنَا عَلَيْهَا الْمَاءَ اهْتَزَّتْ وَرَبَتْ ۚ إِنَّ الَّذِي أَحْيَاهَا لَمُحْيِي الْمَوْتَىٰ ۚ إِنَّهُ عَلَىٰ كُلِّ شَيْءٍ قَدِيرٌ, ثلاثة أرباع الحزب (48),الجزء الرابع والعشرون
41,إِنَّ الَّذِينَ يُلْحِدُونَ فِي آيَاتِنَا لَا يَخْفَوْنَ عَلَيْنَا ۗ أَفَمَنْ يُلْقَىٰ فِي النَّارِ خَيْرٌ أَمْ مَنْ يَأْتِي آمِنًا يَوْمَ الْقِيَامَةِ ۚ اعْمَلُوا مَا شِئْتُمْ ۖ إِنَّهُ بِمَا تَعْمَلُونَ بَصِيرٌ, ثلاثة أرباع الحزب (48),الجزء الرابع والعشرون
42,إِنَّ الَّذِينَ كَفَرُوا بِالذِّكْرِ لَمَّا جَاءَهُمْ ۖ وَإِنَّهُ لَكِتَابٌ عَزِيزٌ, ثلاثة أرباع الحزب (48),الجزء الرابع والعشرون
43,لَا يَأْتِيهِ الْبَاطِلُ مِنْ بَيْنِ يَدَيْهِ وَلَا مِنْ خَلْفِهِ ۖ تَنْزِيلٌ مِنْ حَكِيمٍ حَمِيدٍ, ثلاثة أرباع الحزب (48),الجزء الرابع والعشرون
44,مَا يُقَالُ لَكَ إِلَّا مَا قَدْ قِيلَ لِلرُّسُلِ مِنْ قَبْلِكَ ۚ إِنَّ رَبَّكَ لَذُو مَغْفِرَةٍ وَذُو عِقَابٍ أَلِيمٍ , ثلاثة أرباع الحزب (48),الجزء الرابع والعشرون
45,وَلَوْ جَعَلْنَاهُ قُرْآنًا أَعْجَمِيًّا لَقَالُوا لَوْلَا فُصِّلَتْ آيَاتُهُ ۖ أَأَعْجَمِيٌّ وَعَرَبِيٌّ ۗ قُلْ هُوَ لِلَّذِينَ آمَنُوا هُدًى وَشِفَاءٌ ۖ وَالَّذِينَ لَا يُؤْمِنُونَ فِي آذَانِهِمْ وَقْرٌ وَهُوَ عَلَيْهِمْ عَمًى ۚ أُولَٰئِكَ يُنَادَوْنَ مِنْ مَكَانٍ بَعِيدٍ , ثلاثة أرباع الحزب (48),الجزء الرابع والعشرون
46,وَلَقَدْ آتَيْنَا مُوسَى الْكِتَابَ فَاخْتُلِفَ فِيهِ ۗ وَلَوْلَا كَلِمَةٌ سَبَقَتْ مِنْ رَبِّكَ لَقُضِيَ بَيْنَهُمْ ۚ وَإِنَّهُمْ لَفِي شَكٍّ مِنْهُ مُرِيبٍ , ثلاثة أرباع الحزب (48),الجزء الرابع والعشرون
47,مَنْ عَمِلَ صَالِحًا فَلِنَفْسِهِ ۖ وَمَنْ أَسَاءَ فَعَلَيْهَا ۗ وَمَا رَبُّكَ بِظَلَّامٍ لِلْعَبِيدِ , ثلاثة أرباع الحزب (48),الجزء الرابع والعشرون
48,۞ إِلَيْهِ يُرَدُّ عِلْمُ السَّاعَةِ ۚ وَمَا تَخْرُجُ مِنْ ثَمَرَاتٍ مِنْ أَكْمَامِهَا وَمَا تَحْمِلُ مِنْ أُنْثَىٰ وَلَا تَضَعُ إِلَّا بِعِلْمِهِ ۚ وَيَوْمَ يُنَادِيهِمْ أَيْنَ شُرَكَائِي قَالُوا آذَنَّاكَ مَا مِنَّا مِنْ شَهِيدٍ , الحزب (49),الجزء الخامس والعشرون
49,وَضَلَّ عَنْهُمْ مَا كَانُوا يَدْعُونَ مِنْ قَبْلُ ۖ وَظَنُّوا مَا لَهُمْ مِنْ مَحِيصٍ , الحزب (49),الجزء الخامس والعشرون
50,لَا يَسْأَمُ الْإِنْسَانُ مِنْ دُعَاءِ الْخَيْرِ وَإِنْ مَسَّهُ الشَّرُّ فَيَئُوسٌ قَنُوطٌ, الحزب (49),الجزء الخامس والعشرون
51,وَلَئِنْ أَذَقْنَاهُ رَحْمَةً مِنَّا مِنْ بَعْدِ ضَرَّاءَ مَسَّتْهُ لَيَقُولَنَّ هَٰذَا لِي وَمَا أَظُنُّ السَّاعَةَ قَائِمَةً وَلَئِنْ رُجِعْتُ إِلَىٰ رَبِّي إِنَّ لِي عِنْدَهُ لَلْحُسْنَىٰ ۚ فَلَنُنَبِّئَنَّ الَّذِينَ كَفَرُوا بِمَا عَمِلُوا وَلَنُذِيقَنَّهُمْ مِنْ عَذَابٍ غَلِيظٍ, الحزب (49),الجزء الخامس والعشرون
52,وَإِذَا أَنْعَمْنَا عَلَى الْإِنْسَانِ أَعْرَضَ وَنَأَىٰ بِجَانِبِهِ وَإِذَا مَسَّهُ الشَّرُّ فَذُو دُعَاءٍ عَرِيضٍ , الحزب (49),الجزء الخامس والعشرون
53,قُلْ أَرَأَيْتُمْ إِنْ كَانَ مِنْ عِنْدِ اللَّهِ ثُمَّ كَفَرْتُمْ بِهِ مَنْ أَضَلُّ مِمَّنْ هُوَ فِي شِقَاقٍ بَعِيدٍ , الحزب (49),الجزء الخامس والعشرون
54,سَنُرِيهِمْ آيَاتِنَا فِي الْآفَاقِ وَفِي أَنْفُسِهِمْ حَتَّىٰ يَتَبَيَّنَ لَهُمْ أَنَّهُ الْحَقُّ ۗ أَوَلَمْ يَكْفِ بِرَبِّكَ أَنَّهُ عَلَىٰ كُلِّ شَيْءٍ شَهِيدٌ , الحزب (49),الجزء الخامس والعشرون
55,أَلَا إِنَّهُمْ فِي مِرْيَةٍ مِنْ لِقَاءِ رَبِّهِمْ ۗ أَلَا إِنَّهُ بِكُلِّ شَيْءٍ مُحِيطٌ, الحزب (49),الجزء الخامس والعشرون
