﻿1,بِسْمِ اللَّهِ الرَّحْمَنِ الرَّحِيم, الحزب (49),الجزء الخامس والعشرون
2,حم , الحزب (49),الجزء الخامس والعشرون
3,عسق , الحزب (49),الجزء الخامس والعشرون
4,كَذَٰلِكَ يُوحِي إِلَيْكَ وَإِلَى الَّذِينَ مِنْ قَبْلِكَ اللَّهُ الْعَزِيزُ الْحَكِيمُ, الحزب (49),الجزء الخامس والعشرون
5,لَهُ مَا فِي السَّمَاوَاتِ وَمَا فِي الْأَرْضِ ۖ وَهُوَ الْعَلِيُّ الْعَظِيمُ, الحزب (49),الجزء الخامس والعشرون
6,تَكَادُ السَّمَاوَاتُ يَتَفَطَّرْنَ مِنْ فَوْقِهِنَّ ۚ وَالْمَلَائِكَةُ يُسَبِّحُونَ بِحَمْدِ رَبِّهِمْ وَيَسْتَغْفِرُونَ لِمَنْ فِي الْأَرْضِ ۗ أَلَا إِنَّ اللَّهَ هُوَ الْغَفُورُ الرَّحِيمُ , الحزب (49),الجزء الخامس والعشرون
7,وَالَّذِينَ اتَّخَذُوا مِنْ دُونِهِ أَوْلِيَاءَ اللَّهُ حَفِيظٌ عَلَيْهِمْ وَمَا أَنْتَ عَلَيْهِمْ بِوَكِيلٍ, الحزب (49),الجزء الخامس والعشرون
8,وَكَذَٰلِكَ أَوْحَيْنَا إِلَيْكَ قُرْآنًا عَرَبِيًّا لِتُنْذِرَ أُمَّ الْقُرَىٰ وَمَنْ حَوْلَهَا وَتُنْذِرَ يَوْمَ الْجَمْعِ لَا رَيْبَ فِيهِ ۚ فَرِيقٌ فِي الْجَنَّةِ وَفَرِيقٌ فِي السَّعِيرِ , الحزب (49),الجزء الخامس والعشرون
9,وَلَوْ شَاءَ اللَّهُ لَجَعَلَهُمْ أُمَّةً وَاحِدَةً وَلَٰكِنْ يُدْخِلُ مَنْ يَشَاءُ فِي رَحْمَتِهِ ۚ وَالظَّالِمُونَ مَا لَهُمْ مِنْ وَلِيٍّ وَلَا نَصِيرٍ , الحزب (49),الجزء الخامس والعشرون
10,أَمِ اتَّخَذُوا مِنْ دُونِهِ أَوْلِيَاءَ ۖ فَاللَّهُ هُوَ الْوَلِيُّ وَهُوَ يُحْيِي الْمَوْتَىٰ وَهُوَ عَلَىٰ كُلِّ شَيْءٍ قَدِيرٌ, الحزب (49),الجزء الخامس والعشرون
11,وَمَا اخْتَلَفْتُمْ فِيهِ مِنْ شَيْءٍ فَحُكْمُهُ إِلَى اللَّهِ ۚ ذَٰلِكُمُ اللَّهُ رَبِّي عَلَيْهِ تَوَكَّلْتُ وَإِلَيْهِ أُنِيبُ , الحزب (49),الجزء الخامس والعشرون
12,فَاطِرُ السَّمَاوَاتِ وَالْأَرْضِ ۚ جَعَلَ لَكُمْ مِنْ أَنْفُسِكُمْ أَزْوَاجًا وَمِنَ الْأَنْعَامِ أَزْوَاجًا ۖ يَذْرَؤُكُمْ فِيهِ ۚ لَيْسَ كَمِثْلِهِ شَيْءٌ ۖ وَهُوَ السَّمِيعُ الْبَصِيرُ, الحزب (49),الجزء الخامس والعشرون
13,لَهُ مَقَالِيدُ السَّمَاوَاتِ وَالْأَرْضِ ۖ يَبْسُطُ الرِّزْقَ لِمَنْ يَشَاءُ وَيَقْدِرُ ۚ إِنَّهُ بِكُلِّ شَيْءٍ عَلِيمٌ , الحزب (49),الجزء الخامس والعشرون
14,۞ شَرَعَ لَكُمْ مِنَ الدِّينِ مَا وَصَّىٰ بِهِ نُوحًا وَالَّذِي أَوْحَيْنَا إِلَيْكَ وَمَا وَصَّيْنَا بِهِ إِبْرَاهِيمَ وَمُوسَىٰ وَعِيسَىٰ ۖ أَنْ أَقِيمُوا الدِّينَ وَلَا تَتَفَرَّقُوا فِيهِ ۚ كَبُرَ عَلَى الْمُشْرِكِينَ مَا تَدْعُوهُمْ إِلَيْهِ ۚ اللَّهُ يَجْتَبِي إِلَيْهِ مَنْ يَشَاءُ وَيَهْدِي إِلَيْهِ مَنْ يُنِيبُ, ربع الحزب (49),الجزء الخامس والعشرون
15,وَمَا تَفَرَّقُوا إِلَّا مِنْ بَعْدِ مَا جَاءَهُمُ الْعِلْمُ بَغْيًا بَيْنَهُمْ ۚ وَلَوْلَا كَلِمَةٌ سَبَقَتْ مِنْ رَبِّكَ إِلَىٰ أَجَلٍ مُسَمًّى لَقُضِيَ بَيْنَهُمْ ۚ وَإِنَّ الَّذِينَ أُورِثُوا الْكِتَابَ مِنْ بَعْدِهِمْ لَفِي شَكٍّ مِنْهُ مُرِيبٍ , ربع الحزب (49),الجزء الخامس والعشرون
16,فَلِذَٰلِكَ فَادْعُ ۖ وَاسْتَقِمْ كَمَا أُمِرْتَ ۖ وَلَا تَتَّبِعْ أَهْوَاءَهُمْ ۖ وَقُلْ آمَنْتُ بِمَا أَنْزَلَ اللَّهُ مِنْ كِتَابٍ ۖ وَأُمِرْتُ لِأَعْدِلَ بَيْنَكُمُ ۖ اللَّهُ رَبُّنَا وَرَبُّكُمْ ۖ لَنَا أَعْمَالُنَا وَلَكُمْ أَعْمَالُكُمْ ۖ لَا حُجَّةَ بَيْنَنَا وَبَيْنَكُمُ ۖ اللَّهُ يَجْمَعُ بَيْنَنَا ۖ وَإِلَيْهِ الْمَصِيرُ , ربع الحزب (49),الجزء الخامس والعشرون
17,وَالَّذِينَ يُحَاجُّونَ فِي اللَّهِ مِنْ بَعْدِ مَا اسْتُجِيبَ لَهُ حُجَّتُهُمْ دَاحِضَةٌ عِنْدَ رَبِّهِمْ وَعَلَيْهِمْ غَضَبٌ وَلَهُمْ عَذَابٌ شَدِيدٌ , ربع الحزب (49),الجزء الخامس والعشرون
18,اللَّهُ الَّذِي أَنْزَلَ الْكِتَابَ بِالْحَقِّ وَالْمِيزَانَ ۗ وَمَا يُدْرِيكَ لَعَلَّ السَّاعَةَ قَرِيبٌ , ربع الحزب (49),الجزء الخامس والعشرون
19,يَسْتَعْجِلُ بِهَا الَّذِينَ لَا يُؤْمِنُونَ بِهَا ۖ وَالَّذِينَ آمَنُوا مُشْفِقُونَ مِنْهَا وَيَعْلَمُونَ أَنَّهَا الْحَقُّ ۗ أَلَا إِنَّ الَّذِينَ يُمَارُونَ فِي السَّاعَةِ لَفِي ضَلَالٍ بَعِيدٍ , ربع الحزب (49),الجزء الخامس والعشرون
20,اللَّهُ لَطِيفٌ بِعِبَادِهِ يَرْزُقُ مَنْ يَشَاءُ ۖ وَهُوَ الْقَوِيُّ الْعَزِيزُ, ربع الحزب (49),الجزء الخامس والعشرون
21,مَنْ كَانَ يُرِيدُ حَرْثَ الْآخِرَةِ نَزِدْ لَهُ فِي حَرْثِهِ ۖ وَمَنْ كَانَ يُرِيدُ حَرْثَ الدُّنْيَا نُؤْتِهِ مِنْهَا وَمَا لَهُ فِي الْآخِرَةِ مِنْ نَصِيبٍ, ربع الحزب (49),الجزء الخامس والعشرون
22,أَمْ لَهُمْ شُرَكَاءُ شَرَعُوا لَهُمْ مِنَ الدِّينِ مَا لَمْ يَأْذَنْ بِهِ اللَّهُ ۚ وَلَوْلَا كَلِمَةُ الْفَصْلِ لَقُضِيَ بَيْنَهُمْ ۗ وَإِنَّ الظَّالِمِينَ لَهُمْ عَذَابٌ أَلِيمٌ , ربع الحزب (49),الجزء الخامس والعشرون
23,تَرَى الظَّالِمِينَ مُشْفِقِينَ مِمَّا كَسَبُوا وَهُوَ وَاقِعٌ بِهِمْ ۗ وَالَّذِينَ آمَنُوا وَعَمِلُوا الصَّالِحَاتِ فِي رَوْضَاتِ الْجَنَّاتِ ۖ لَهُمْ مَا يَشَاءُونَ عِنْدَ رَبِّهِمْ ۚ ذَٰلِكَ هُوَ الْفَضْلُ الْكَبِيرُ , ربع الحزب (49),الجزء الخامس والعشرون
24,ذَٰلِكَ الَّذِي يُبَشِّرُ اللَّهُ عِبَادَهُ الَّذِينَ آمَنُوا وَعَمِلُوا الصَّالِحَاتِ ۗ قُلْ لَا أَسْأَلُكُمْ عَلَيْهِ أَجْرًا إِلَّا الْمَوَدَّةَ فِي الْقُرْبَىٰ ۗ وَمَنْ يَقْتَرِفْ حَسَنَةً نَزِدْ لَهُ فِيهَا حُسْنًا ۚ إِنَّ اللَّهَ غَفُورٌ شَكُورٌ , ربع الحزب (49),الجزء الخامس والعشرون
25,أَمْ يَقُولُونَ افْتَرَىٰ عَلَى اللَّهِ كَذِبًا ۖ فَإِنْ يَشَإِ اللَّهُ يَخْتِمْ عَلَىٰ قَلْبِكَ ۗ وَيَمْحُ اللَّهُ الْبَاطِلَ وَيُحِقُّ الْحَقَّ بِكَلِمَاتِهِ ۚ إِنَّهُ عَلِيمٌ بِذَاتِ الصُّدُورِ , ربع الحزب (49),الجزء الخامس والعشرون
26,وَهُوَ الَّذِي يَقْبَلُ التَّوْبَةَ عَنْ عِبَادِهِ وَيَعْفُو عَنِ السَّيِّئَاتِ وَيَعْلَمُ مَا تَفْعَلُونَ, ربع الحزب (49),الجزء الخامس والعشرون
27,وَيَسْتَجِيبُ الَّذِينَ آمَنُوا وَعَمِلُوا الصَّالِحَاتِ وَيَزِيدُهُمْ مِنْ فَضْلِهِ ۚ وَالْكَافِرُونَ لَهُمْ عَذَابٌ شَدِيدٌ , ربع الحزب (49),الجزء الخامس والعشرون
28,۞ وَلَوْ بَسَطَ اللَّهُ الرِّزْقَ لِعِبَادِهِ لَبَغَوْا فِي الْأَرْضِ وَلَٰكِنْ يُنَزِّلُ بِقَدَرٍ مَا يَشَاءُ ۚ إِنَّهُ بِعِبَادِهِ خَبِيرٌ بَصِيرٌ , نصف الحزب (49),الجزء الخامس والعشرون
29,وَهُوَ الَّذِي يُنَزِّلُ الْغَيْثَ مِنْ بَعْدِ مَا قَنَطُوا وَيَنْشُرُ رَحْمَتَهُ ۚ وَهُوَ الْوَلِيُّ الْحَمِيدُ , نصف الحزب (49),الجزء الخامس والعشرون
30,وَمِنْ آيَاتِهِ خَلْقُ السَّمَاوَاتِ وَالْأَرْضِ وَمَا بَثَّ فِيهِمَا مِنْ دَابَّةٍ ۚ وَهُوَ عَلَىٰ جَمْعِهِمْ إِذَا يَشَاءُ قَدِيرٌ , نصف الحزب (49),الجزء الخامس والعشرون
31,وَمَا أَصَابَكُمْ مِنْ مُصِيبَةٍ فَبِمَا كَسَبَتْ أَيْدِيكُمْ وَيَعْفُو عَنْ كَثِيرٍ , نصف الحزب (49),الجزء الخامس والعشرون
32,وَمَا أَنْتُمْ بِمُعْجِزِينَ فِي الْأَرْضِ ۖ وَمَا لَكُمْ مِنْ دُونِ اللَّهِ مِنْ وَلِيٍّ وَلَا نَصِيرٍ , نصف الحزب (49),الجزء الخامس والعشرون
33,وَمِنْ آيَاتِهِ الْجَوَارِ فِي الْبَحْرِ كَالْأَعْلَامِ, نصف الحزب (49),الجزء الخامس والعشرون
34,إِنْ يَشَأْ يُسْكِنِ الرِّيحَ فَيَظْلَلْنَ رَوَاكِدَ عَلَىٰ ظَهْرِهِ ۚ إِنَّ فِي ذَٰلِكَ لَآيَاتٍ لِكُلِّ صَبَّارٍ شَكُورٍ , نصف الحزب (49),الجزء الخامس والعشرون
35,أَوْ يُوبِقْهُنَّ بِمَا كَسَبُوا وَيَعْفُ عَنْ كَثِيرٍ , نصف الحزب (49),الجزء الخامس والعشرون
36,وَيَعْلَمَ الَّذِينَ يُجَادِلُونَ فِي آيَاتِنَا مَا لَهُمْ مِنْ مَحِيصٍ , نصف الحزب (49),الجزء الخامس والعشرون
37,فَمَا أُوتِيتُمْ مِنْ شَيْءٍ فَمَتَاعُ الْحَيَاةِ الدُّنْيَا ۖ وَمَا عِنْدَ اللَّهِ خَيْرٌ وَأَبْقَىٰ لِلَّذِينَ آمَنُوا وَعَلَىٰ رَبِّهِمْ يَتَوَكَّلُونَ, نصف الحزب (49),الجزء الخامس والعشرون
38,وَالَّذِينَ يَجْتَنِبُونَ كَبَائِرَ الْإِثْمِ وَالْفَوَاحِشَ وَإِذَا مَا غَضِبُوا هُمْ يَغْفِرُونَ , نصف الحزب (49),الجزء الخامس والعشرون
39,وَالَّذِينَ اسْتَجَابُوا لِرَبِّهِمْ وَأَقَامُوا الصَّلَاةَ وَأَمْرُهُمْ شُورَىٰ بَيْنَهُمْ وَمِمَّا رَزَقْنَاهُمْ يُنْفِقُونَ , نصف الحزب (49),الجزء الخامس والعشرون
40,وَالَّذِينَ إِذَا أَصَابَهُمُ الْبَغْيُ هُمْ يَنْتَصِرُونَ , نصف الحزب (49),الجزء الخامس والعشرون
41,وَجَزَاءُ سَيِّئَةٍ سَيِّئَةٌ مِثْلُهَا ۖ فَمَنْ عَفَا وَأَصْلَحَ فَأَجْرُهُ عَلَى اللَّهِ ۚ إِنَّهُ لَا يُحِبُّ الظَّالِمِينَ , نصف الحزب (49),الجزء الخامس والعشرون
42,وَلَمَنِ انْتَصَرَ بَعْدَ ظُلْمِهِ فَأُولَٰئِكَ مَا عَلَيْهِمْ مِنْ سَبِيلٍ , نصف الحزب (49),الجزء الخامس والعشرون
43,إِنَّمَا السَّبِيلُ عَلَى الَّذِينَ يَظْلِمُونَ النَّاسَ وَيَبْغُونَ فِي الْأَرْضِ بِغَيْرِ الْحَقِّ ۚ أُولَٰئِكَ لَهُمْ عَذَابٌ أَلِيمٌ, نصف الحزب (49),الجزء الخامس والعشرون
44,وَلَمَنْ صَبَرَ وَغَفَرَ إِنَّ ذَٰلِكَ لَمِنْ عَزْمِ الْأُمُورِ , نصف الحزب (49),الجزء الخامس والعشرون
45,وَمَنْ يُضْلِلِ اللَّهُ فَمَا لَهُ مِنْ وَلِيٍّ مِنْ بَعْدِهِ ۗ وَتَرَى الظَّالِمِينَ لَمَّا رَأَوُا الْعَذَابَ يَقُولُونَ هَلْ إِلَىٰ مَرَدٍّ مِنْ سَبِيلٍ, نصف الحزب (49),الجزء الخامس والعشرون
46,وَتَرَاهُمْ يُعْرَضُونَ عَلَيْهَا خَاشِعِينَ مِنَ الذُّلِّ يَنْظُرُونَ مِنْ طَرْفٍ خَفِيٍّ ۗ وَقَالَ الَّذِينَ آمَنُوا إِنَّ الْخَاسِرِينَ الَّذِينَ خَسِرُوا أَنْفُسَهُمْ وَأَهْلِيهِمْ يَوْمَ الْقِيَامَةِ ۗ أَلَا إِنَّ الظَّالِمِينَ فِي عَذَابٍ مُقِيمٍ , نصف الحزب (49),الجزء الخامس والعشرون
47,وَمَا كَانَ لَهُمْ مِنْ أَوْلِيَاءَ يَنْصُرُونَهُمْ مِنْ دُونِ اللَّهِ ۗ وَمَنْ يُضْلِلِ اللَّهُ فَمَا لَهُ مِنْ سَبِيلٍ, نصف الحزب (49),الجزء الخامس والعشرون
48,اسْتَجِيبُوا لِرَبِّكُمْ مِنْ قَبْلِ أَنْ يَأْتِيَ يَوْمٌ لَا مَرَدَّ لَهُ مِنَ اللَّهِ ۚ مَا لَكُمْ مِنْ مَلْجَإٍ يَوْمَئِذٍ وَمَا لَكُمْ مِنْ نَكِيرٍ , نصف الحزب (49),الجزء الخامس والعشرون
49,فَإِنْ أَعْرَضُوا فَمَا أَرْسَلْنَاكَ عَلَيْهِمْ حَفِيظًا ۖ إِنْ عَلَيْكَ إِلَّا الْبَلَاغُ ۗ وَإِنَّا إِذَا أَذَقْنَا الْإِنْسَانَ مِنَّا رَحْمَةً فَرِحَ بِهَا ۖ وَإِنْ تُصِبْهُمْ سَيِّئَةٌ بِمَا قَدَّمَتْ أَيْدِيهِمْ فَإِنَّ الْإِنْسَانَ كَفُورٌ , نصف الحزب (49),الجزء الخامس والعشرون
50,لِلَّهِ مُلْكُ السَّمَاوَاتِ وَالْأَرْضِ ۚ يَخْلُقُ مَا يَشَاءُ ۚ يَهَبُ لِمَنْ يَشَاءُ إِنَاثًا وَيَهَبُ لِمَنْ يَشَاءُ الذُّكُورَ , نصف الحزب (49),الجزء الخامس والعشرون
51,أَوْ يُزَوِّجُهُمْ ذُكْرَانًا وَإِنَاثًا ۖ وَيَجْعَلُ مَنْ يَشَاءُ عَقِيمًا ۚ إِنَّهُ عَلِيمٌ قَدِيرٌ, نصف الحزب (49),الجزء الخامس والعشرون
52,۞ وَمَا كَانَ لِبَشَرٍ أَنْ يُكَلِّمَهُ اللَّهُ إِلَّا وَحْيًا أَوْ مِنْ وَرَاءِ حِجَابٍ أَوْ يُرْسِلَ رَسُولًا فَيُوحِيَ بِإِذْنِهِ مَا يَشَاءُ ۚ إِنَّهُ عَلِيٌّ حَكِيمٌ , ثلاثة أرباع الحزب (49),الجزء الخامس والعشرون
53,وَكَذَٰلِكَ أَوْحَيْنَا إِلَيْكَ رُوحًا مِنْ أَمْرِنَا ۚ مَا كُنْتَ تَدْرِي مَا الْكِتَابُ وَلَا الْإِيمَانُ وَلَٰكِنْ جَعَلْنَاهُ نُورًا نَهْدِي بِهِ مَنْ نَشَاءُ مِنْ عِبَادِنَا ۚ وَإِنَّكَ لَتَهْدِي إِلَىٰ صِرَاطٍ مُسْتَقِيمٍ, ثلاثة أرباع الحزب (49),الجزء الخامس والعشرون
54,صِرَاطِ اللَّهِ الَّذِي لَهُ مَا فِي السَّمَاوَاتِ وَمَا فِي الْأَرْضِ ۗ أَلَا إِلَى اللَّهِ تَصِيرُ الْأُمُورُ, ثلاثة أرباع الحزب (49),الجزء الخامس والعشرون
