﻿1,بِسْمِ اللَّهِ الرَّحْمَنِ الرَّحِيم, ثلاثة أرباع الحزب (49),الجزء الخامس والعشرون
2,حم , ثلاثة أرباع الحزب (49),الجزء الخامس والعشرون
3,وَالْكِتَابِ الْمُبِينِ , ثلاثة أرباع الحزب (49),الجزء الخامس والعشرون
4,إِنَّا جَعَلْنَاهُ قُرْآنًا عَرَبِيًّا لَعَلَّكُمْ تَعْقِلُونَ, ثلاثة أرباع الحزب (49),الجزء الخامس والعشرون
5,وَإِنَّهُ فِي أُمِّ الْكِتَابِ لَدَيْنَا لَعَلِيٌّ حَكِيمٌ , ثلاثة أرباع الحزب (49),الجزء الخامس والعشرون
6,أَفَنَضْرِبُ عَنْكُمُ الذِّكْرَ صَفْحًا أَنْ كُنْتُمْ قَوْمًا مُسْرِفِينَ, ثلاثة أرباع الحزب (49),الجزء الخامس والعشرون
7,وَكَمْ أَرْسَلْنَا مِنْ نَبِيٍّ فِي الْأَوَّلِينَ , ثلاثة أرباع الحزب (49),الجزء الخامس والعشرون
8,وَمَا يَأْتِيهِمْ مِنْ نَبِيٍّ إِلَّا كَانُوا بِهِ يَسْتَهْزِئُونَ, ثلاثة أرباع الحزب (49),الجزء الخامس والعشرون
9,فَأَهْلَكْنَا أَشَدَّ مِنْهُمْ بَطْشًا وَمَضَىٰ مَثَلُ الْأَوَّلِينَ, ثلاثة أرباع الحزب (49),الجزء الخامس والعشرون
10,وَلَئِنْ سَأَلْتَهُمْ مَنْ خَلَقَ السَّمَاوَاتِ وَالْأَرْضَ لَيَقُولُنَّ خَلَقَهُنَّ الْعَزِيزُ الْعَلِيمُ, ثلاثة أرباع الحزب (49),الجزء الخامس والعشرون
11,الَّذِي جَعَلَ لَكُمُ الْأَرْضَ مَهْدًا وَجَعَلَ لَكُمْ فِيهَا سُبُلًا لَعَلَّكُمْ تَهْتَدُونَ , ثلاثة أرباع الحزب (49),الجزء الخامس والعشرون
12,وَالَّذِي نَزَّلَ مِنَ السَّمَاءِ مَاءً بِقَدَرٍ فَأَنْشَرْنَا بِهِ بَلْدَةً مَيْتًا ۚ كَذَٰلِكَ تُخْرَجُونَ, ثلاثة أرباع الحزب (49),الجزء الخامس والعشرون
13,وَالَّذِي خَلَقَ الْأَزْوَاجَ كُلَّهَا وَجَعَلَ لَكُمْ مِنَ الْفُلْكِ وَالْأَنْعَامِ مَا تَرْكَبُونَ, ثلاثة أرباع الحزب (49),الجزء الخامس والعشرون
14,لِتَسْتَوُوا عَلَىٰ ظُهُورِهِ ثُمَّ تَذْكُرُوا نِعْمَةَ رَبِّكُمْ إِذَا اسْتَوَيْتُمْ عَلَيْهِ وَتَقُولُوا سُبْحَانَ الَّذِي سَخَّرَ لَنَا هَٰذَا وَمَا كُنَّا لَهُ مُقْرِنِينَ , ثلاثة أرباع الحزب (49),الجزء الخامس والعشرون
15,وَإِنَّا إِلَىٰ رَبِّنَا لَمُنْقَلِبُونَ, ثلاثة أرباع الحزب (49),الجزء الخامس والعشرون
16,وَجَعَلُوا لَهُ مِنْ عِبَادِهِ جُزْءًا ۚ إِنَّ الْإِنْسَانَ لَكَفُورٌ مُبِينٌ , ثلاثة أرباع الحزب (49),الجزء الخامس والعشرون
17,أَمِ اتَّخَذَ مِمَّا يَخْلُقُ بَنَاتٍ وَأَصْفَاكُمْ بِالْبَنِينَ , ثلاثة أرباع الحزب (49),الجزء الخامس والعشرون
18,وَإِذَا بُشِّرَ أَحَدُهُمْ بِمَا ضَرَبَ لِلرَّحْمَٰنِ مَثَلًا ظَلَّ وَجْهُهُ مُسْوَدًّا وَهُوَ كَظِيمٌ , ثلاثة أرباع الحزب (49),الجزء الخامس والعشرون
19,أَوَمَنْ يُنَشَّأُ فِي الْحِلْيَةِ وَهُوَ فِي الْخِصَامِ غَيْرُ مُبِينٍ , ثلاثة أرباع الحزب (49),الجزء الخامس والعشرون
20,وَجَعَلُوا الْمَلَائِكَةَ الَّذِينَ هُمْ عِبَادُ الرَّحْمَٰنِ إِنَاثًا ۚ أَشَهِدُوا خَلْقَهُمْ ۚ سَتُكْتَبُ شَهَادَتُهُمْ وَيُسْأَلُونَ, ثلاثة أرباع الحزب (49),الجزء الخامس والعشرون
21,وَقَالُوا لَوْ شَاءَ الرَّحْمَٰنُ مَا عَبَدْنَاهُمْ ۗ مَا لَهُمْ بِذَٰلِكَ مِنْ عِلْمٍ ۖ إِنْ هُمْ إِلَّا يَخْرُصُونَ , ثلاثة أرباع الحزب (49),الجزء الخامس والعشرون
22,أَمْ آتَيْنَاهُمْ كِتَابًا مِنْ قَبْلِهِ فَهُمْ بِهِ مُسْتَمْسِكُونَ , ثلاثة أرباع الحزب (49),الجزء الخامس والعشرون
23,بَلْ قَالُوا إِنَّا وَجَدْنَا آبَاءَنَا عَلَىٰ أُمَّةٍ وَإِنَّا عَلَىٰ آثَارِهِمْ مُهْتَدُونَ, ثلاثة أرباع الحزب (49),الجزء الخامس والعشرون
24,وَكَذَٰلِكَ مَا أَرْسَلْنَا مِنْ قَبْلِكَ فِي قَرْيَةٍ مِنْ نَذِيرٍ إِلَّا قَالَ مُتْرَفُوهَا إِنَّا وَجَدْنَا آبَاءَنَا عَلَىٰ أُمَّةٍ وَإِنَّا عَلَىٰ آثَارِهِمْ مُقْتَدُونَ , ثلاثة أرباع الحزب (49),الجزء الخامس والعشرون
25,۞ قَالَ أَوَلَوْ جِئْتُكُمْ بِأَهْدَىٰ مِمَّا وَجَدْتُمْ عَلَيْهِ آبَاءَكُمْ ۖ قَالُوا إِنَّا بِمَا أُرْسِلْتُمْ بِهِ كَافِرُونَ , الحزب (50),الجزء الخامس والعشرون
26,فَانْتَقَمْنَا مِنْهُمْ ۖ فَانْظُرْ كَيْفَ كَانَ عَاقِبَةُ الْمُكَذِّبِينَ , الحزب (50),الجزء الخامس والعشرون
27,وَإِذْ قَالَ إِبْرَاهِيمُ لِأَبِيهِ وَقَوْمِهِ إِنَّنِي بَرَاءٌ مِمَّا تَعْبُدُونَ , الحزب (50),الجزء الخامس والعشرون
28,إِلَّا الَّذِي فَطَرَنِي فَإِنَّهُ سَيَهْدِينِ , الحزب (50),الجزء الخامس والعشرون
29,وَجَعَلَهَا كَلِمَةً بَاقِيَةً فِي عَقِبِهِ لَعَلَّهُمْ يَرْجِعُونَ , الحزب (50),الجزء الخامس والعشرون
30,بَلْ مَتَّعْتُ هَٰؤُلَاءِ وَآبَاءَهُمْ حَتَّىٰ جَاءَهُمُ الْحَقُّ وَرَسُولٌ مُبِينٌ, الحزب (50),الجزء الخامس والعشرون
31,وَلَمَّا جَاءَهُمُ الْحَقُّ قَالُوا هَٰذَا سِحْرٌ وَإِنَّا بِهِ كَافِرُونَ , الحزب (50),الجزء الخامس والعشرون
32,وَقَالُوا لَوْلَا نُزِّلَ هَٰذَا الْقُرْآنُ عَلَىٰ رَجُلٍ مِنَ الْقَرْيَتَيْنِ عَظِيمٍ , الحزب (50),الجزء الخامس والعشرون
33,أَهُمْ يَقْسِمُونَ رَحْمَتَ رَبِّكَ ۚ نَحْنُ قَسَمْنَا بَيْنَهُمْ مَعِيشَتَهُمْ فِي الْحَيَاةِ الدُّنْيَا ۚ وَرَفَعْنَا بَعْضَهُمْ فَوْقَ بَعْضٍ دَرَجَاتٍ لِيَتَّخِذَ بَعْضُهُمْ بَعْضًا سُخْرِيًّا ۗ وَرَحْمَتُ رَبِّكَ خَيْرٌ مِمَّا يَجْمَعُونَ , الحزب (50),الجزء الخامس والعشرون
34,وَلَوْلَا أَنْ يَكُونَ النَّاسُ أُمَّةً وَاحِدَةً لَجَعَلْنَا لِمَنْ يَكْفُرُ بِالرَّحْمَٰنِ لِبُيُوتِهِمْ سُقُفًا مِنْ فِضَّةٍ وَمَعَارِجَ عَلَيْهَا يَظْهَرُونَ , الحزب (50),الجزء الخامس والعشرون
35,وَلِبُيُوتِهِمْ أَبْوَابًا وَسُرُرًا عَلَيْهَا يَتَّكِئُونَ , الحزب (50),الجزء الخامس والعشرون
36,وَزُخْرُفًا ۚ وَإِنْ كُلُّ ذَٰلِكَ لَمَّا مَتَاعُ الْحَيَاةِ الدُّنْيَا ۚ وَالْآخِرَةُ عِنْدَ رَبِّكَ لِلْمُتَّقِينَ , الحزب (50),الجزء الخامس والعشرون
37,وَمَنْ يَعْشُ عَنْ ذِكْرِ الرَّحْمَٰنِ نُقَيِّضْ لَهُ شَيْطَانًا فَهُوَ لَهُ قَرِينٌ , الحزب (50),الجزء الخامس والعشرون
38,وَإِنَّهُمْ لَيَصُدُّونَهُمْ عَنِ السَّبِيلِ وَيَحْسَبُونَ أَنَّهُمْ مُهْتَدُونَ , الحزب (50),الجزء الخامس والعشرون
39,حَتَّىٰ إِذَا جَاءَنَا قَالَ يَا لَيْتَ بَيْنِي وَبَيْنَكَ بُعْدَ الْمَشْرِقَيْنِ فَبِئْسَ الْقَرِينُ , الحزب (50),الجزء الخامس والعشرون
40,وَلَنْ يَنْفَعَكُمُ الْيَوْمَ إِذْ ظَلَمْتُمْ أَنَّكُمْ فِي الْعَذَابِ مُشْتَرِكُونَ , الحزب (50),الجزء الخامس والعشرون
41,أَفَأَنْتَ تُسْمِعُ الصُّمَّ أَوْ تَهْدِي الْعُمْيَ وَمَنْ كَانَ فِي ضَلَالٍ مُبِينٍ , الحزب (50),الجزء الخامس والعشرون
42,فَإِمَّا نَذْهَبَنَّ بِكَ فَإِنَّا مِنْهُمْ مُنْتَقِمُونَ, الحزب (50),الجزء الخامس والعشرون
43,أَوْ نُرِيَنَّكَ الَّذِي وَعَدْنَاهُمْ فَإِنَّا عَلَيْهِمْ مُقْتَدِرُونَ , الحزب (50),الجزء الخامس والعشرون
44,فَاسْتَمْسِكْ بِالَّذِي أُوحِيَ إِلَيْكَ ۖ إِنَّكَ عَلَىٰ صِرَاطٍ مُسْتَقِيمٍ , الحزب (50),الجزء الخامس والعشرون
45,وَإِنَّهُ لَذِكْرٌ لَكَ وَلِقَوْمِكَ ۖ وَسَوْفَ تُسْأَلُونَ, الحزب (50),الجزء الخامس والعشرون
46,وَاسْأَلْ مَنْ أَرْسَلْنَا مِنْ قَبْلِكَ مِنْ رُسُلِنَا أَجَعَلْنَا مِنْ دُونِ الرَّحْمَٰنِ آلِهَةً يُعْبَدُونَ, الحزب (50),الجزء الخامس والعشرون
47,وَلَقَدْ أَرْسَلْنَا مُوسَىٰ بِآيَاتِنَا إِلَىٰ فِرْعَوْنَ وَمَلَئِهِ فَقَالَ إِنِّي رَسُولُ رَبِّ الْعَالَمِينَ , الحزب (50),الجزء الخامس والعشرون
48,فَلَمَّا جَاءَهُمْ بِآيَاتِنَا إِذَا هُمْ مِنْهَا يَضْحَكُونَ , الحزب (50),الجزء الخامس والعشرون
49,وَمَا نُرِيهِمْ مِنْ آيَةٍ إِلَّا هِيَ أَكْبَرُ مِنْ أُخْتِهَا ۖ وَأَخَذْنَاهُمْ بِالْعَذَابِ لَعَلَّهُمْ يَرْجِعُونَ, الحزب (50),الجزء الخامس والعشرون
50,وَقَالُوا يَا أَيُّهَ السَّاحِرُ ادْعُ لَنَا رَبَّكَ بِمَا عَهِدَ عِنْدَكَ إِنَّنَا لَمُهْتَدُونَ, الحزب (50),الجزء الخامس والعشرون
51,فَلَمَّا كَشَفْنَا عَنْهُمُ الْعَذَابَ إِذَا هُمْ يَنْكُثُونَ , الحزب (50),الجزء الخامس والعشرون
52,وَنَادَىٰ فِرْعَوْنُ فِي قَوْمِهِ قَالَ يَا قَوْمِ أَلَيْسَ لِي مُلْكُ مِصْرَ وَهَٰذِهِ الْأَنْهَارُ تَجْرِي مِنْ تَحْتِي ۖ أَفَلَا تُبْصِرُونَ , الحزب (50),الجزء الخامس والعشرون
53,أَمْ أَنَا خَيْرٌ مِنْ هَٰذَا الَّذِي هُوَ مَهِينٌ وَلَا يَكَادُ يُبِينُ, الحزب (50),الجزء الخامس والعشرون
54,فَلَوْلَا أُلْقِيَ عَلَيْهِ أَسْوِرَةٌ مِنْ ذَهَبٍ أَوْ جَاءَ مَعَهُ الْمَلَائِكَةُ مُقْتَرِنِينَ , الحزب (50),الجزء الخامس والعشرون
55,فَاسْتَخَفَّ قَوْمَهُ فَأَطَاعُوهُ ۚ إِنَّهُمْ كَانُوا قَوْمًا فَاسِقِينَ , الحزب (50),الجزء الخامس والعشرون
56,فَلَمَّا آسَفُونَا انْتَقَمْنَا مِنْهُمْ فَأَغْرَقْنَاهُمْ أَجْمَعِينَ , الحزب (50),الجزء الخامس والعشرون
57,فَجَعَلْنَاهُمْ سَلَفًا وَمَثَلًا لِلْآخِرِينَ , الحزب (50),الجزء الخامس والعشرون
58,وَلَمَّا ضُرِبَ ابْنُ مَرْيَمَ مَثَلًا إِذَا قَوْمُكَ مِنْهُ يَصِدُّونَ ۞, ربع الحزب (50),الجزء الخامس والعشرون
59,وَقَالُوا أَآلِهَتُنَا خَيْرٌ أَمْ هُوَ ۚ مَا ضَرَبُوهُ لَكَ إِلَّا جَدَلًا ۚ بَلْ هُمْ قَوْمٌ خَصِمُونَ , ربع الحزب (50),الجزء الخامس والعشرون
60,إِنْ هُوَ إِلَّا عَبْدٌ أَنْعَمْنَا عَلَيْهِ وَجَعَلْنَاهُ مَثَلًا لِبَنِي إِسْرَائِيلَ, ربع الحزب (50),الجزء الخامس والعشرون
61,وَلَوْ نَشَاءُ لَجَعَلْنَا مِنْكُمْ مَلَائِكَةً فِي الْأَرْضِ يَخْلُفُونَ , ربع الحزب (50),الجزء الخامس والعشرون
62,وَإِنَّهُ لَعِلْمٌ لِلسَّاعَةِ فَلَا تَمْتَرُنَّ بِهَا وَاتَّبِعُونِ ۚ هَٰذَا صِرَاطٌ مُسْتَقِيمٌ , ربع الحزب (50),الجزء الخامس والعشرون
63,وَلَا يَصُدَّنَّكُمُ الشَّيْطَانُ ۖ إِنَّهُ لَكُمْ عَدُوٌّ مُبِينٌ , ربع الحزب (50),الجزء الخامس والعشرون
64,وَلَمَّا جَاءَ عِيسَىٰ بِالْبَيِّنَاتِ قَالَ قَدْ جِئْتُكُمْ بِالْحِكْمَةِ وَلِأُبَيِّنَ لَكُمْ بَعْضَ الَّذِي تَخْتَلِفُونَ فِيهِ ۖ فَاتَّقُوا اللَّهَ وَأَطِيعُونِ, ربع الحزب (50),الجزء الخامس والعشرون
65,إِنَّ اللَّهَ هُوَ رَبِّي وَرَبُّكُمْ فَاعْبُدُوهُ ۚ هَٰذَا صِرَاطٌ مُسْتَقِيمٌ, ربع الحزب (50),الجزء الخامس والعشرون
66,فَاخْتَلَفَ الْأَحْزَابُ مِنْ بَيْنِهِمْ ۖ فَوَيْلٌ لِلَّذِينَ ظَلَمُوا مِنْ عَذَابِ يَوْمٍ أَلِيمٍ , ربع الحزب (50),الجزء الخامس والعشرون
67,هَلْ يَنْظُرُونَ إِلَّا السَّاعَةَ أَنْ تَأْتِيَهُمْ بَغْتَةً وَهُمْ لَا يَشْعُرُونَ , ربع الحزب (50),الجزء الخامس والعشرون
68,الْأَخِلَّاءُ يَوْمَئِذٍ بَعْضُهُمْ لِبَعْضٍ عَدُوٌّ إِلَّا الْمُتَّقِينَ , ربع الحزب (50),الجزء الخامس والعشرون
69,يَا عِبَادِ لَا خَوْفٌ عَلَيْكُمُ الْيَوْمَ وَلَا أَنْتُمْ تَحْزَنُونَ , ربع الحزب (50),الجزء الخامس والعشرون
70,الَّذِينَ آمَنُوا بِآيَاتِنَا وَكَانُوا مُسْلِمِينَ , ربع الحزب (50),الجزء الخامس والعشرون
71,ادْخُلُوا الْجَنَّةَ أَنْتُمْ وَأَزْوَاجُكُمْ تُحْبَرُونَ, ربع الحزب (50),الجزء الخامس والعشرون
72,يُطَافُ عَلَيْهِمْ بِصِحَافٍ مِنْ ذَهَبٍ وَأَكْوَابٍ ۖ وَفِيهَا مَا تَشْتَهِيهِ الْأَنْفُسُ وَتَلَذُّ الْأَعْيُنُ ۖ وَأَنْتُمْ فِيهَا خَالِدُونَ , ربع الحزب (50),الجزء الخامس والعشرون
73,وَتِلْكَ الْجَنَّةُ الَّتِي أُورِثْتُمُوهَا بِمَا كُنْتُمْ تَعْمَلُونَ , ربع الحزب (50),الجزء الخامس والعشرون
74,لَكُمْ فِيهَا فَاكِهَةٌ كَثِيرَةٌ مِنْهَا تَأْكُلُونَ, ربع الحزب (50),الجزء الخامس والعشرون
75,إِنَّ الْمُجْرِمِينَ فِي عَذَابِ جَهَنَّمَ خَالِدُونَ , ربع الحزب (50),الجزء الخامس والعشرون
76,لَا يُفَتَّرُ عَنْهُمْ وَهُمْ فِيهِ مُبْلِسُونَ , ربع الحزب (50),الجزء الخامس والعشرون
77,وَمَا ظَلَمْنَاهُمْ وَلَٰكِنْ كَانُوا هُمُ الظَّالِمِينَ , ربع الحزب (50),الجزء الخامس والعشرون
78,وَنَادَوْا يَا مَالِكُ لِيَقْضِ عَلَيْنَا رَبُّكَ ۖ قَالَ إِنَّكُمْ مَاكِثُونَ , ربع الحزب (50),الجزء الخامس والعشرون
79,لَقَدْ جِئْنَاكُمْ بِالْحَقِّ وَلَٰكِنَّ أَكْثَرَكُمْ لِلْحَقِّ كَارِهُونَ, ربع الحزب (50),الجزء الخامس والعشرون
80,أَمْ أَبْرَمُوا أَمْرًا فَإِنَّا مُبْرِمُونَ, ربع الحزب (50),الجزء الخامس والعشرون
81,أَمْ يَحْسَبُونَ أَنَّا لَا نَسْمَعُ سِرَّهُمْ وَنَجْوَاهُمْ ۚ بَلَىٰ وَرُسُلُنَا لَدَيْهِمْ يَكْتُبُونَ , ربع الحزب (50),الجزء الخامس والعشرون
82,قُلْ إِنْ كَانَ لِلرَّحْمَٰنِ وَلَدٌ فَأَنَا أَوَّلُ الْعَابِدِينَ , ربع الحزب (50),الجزء الخامس والعشرون
83,سُبْحَانَ رَبِّ السَّمَاوَاتِ وَالْأَرْضِ رَبِّ الْعَرْشِ عَمَّا يَصِفُونَ, ربع الحزب (50),الجزء الخامس والعشرون
84,فَذَرْهُمْ يَخُوضُوا وَيَلْعَبُوا حَتَّىٰ يُلَاقُوا يَوْمَهُمُ الَّذِي يُوعَدُونَ , ربع الحزب (50),الجزء الخامس والعشرون
85,وَهُوَ الَّذِي فِي السَّمَاءِ إِلَٰهٌ وَفِي الْأَرْضِ إِلَٰهٌ ۚ وَهُوَ الْحَكِيمُ الْعَلِيمُ , ربع الحزب (50),الجزء الخامس والعشرون
86,وَتَبَارَكَ الَّذِي لَهُ مُلْكُ السَّمَاوَاتِ وَالْأَرْضِ وَمَا بَيْنَهُمَا وَعِنْدَهُ عِلْمُ السَّاعَةِ وَإِلَيْهِ تُرْجَعُونَ , ربع الحزب (50),الجزء الخامس والعشرون
87,وَلَا يَمْلِكُ الَّذِينَ يَدْعُونَ مِنْ دُونِهِ الشَّفَاعَةَ إِلَّا مَنْ شَهِدَ بِالْحَقِّ وَهُمْ يَعْلَمُونَ, ربع الحزب (50),الجزء الخامس والعشرون
88,وَلَئِنْ سَأَلْتَهُمْ مَنْ خَلَقَهُمْ لَيَقُولُنَّ اللَّهُ ۖ فَأَنَّىٰ يُؤْفَكُونَ , ربع الحزب (50),الجزء الخامس والعشرون
89,وَقِيلِهِ يَا رَبِّ إِنَّ هَٰؤُلَاءِ قَوْمٌ لَا يُؤْمِنُونَ, ربع الحزب (50),الجزء الخامس والعشرون
90,فَاصْفَحْ عَنْهُمْ وَقُلْ سَلَامٌ ۚ فَسَوْفَ يَعْلَمُونَ, ربع الحزب (50),الجزء الخامس والعشرون
