﻿1,بِسْمِ اللَّهِ الرَّحْمَنِ الرَّحِيم, ربع الحزب (50),الجزء الخامس والعشرون
2,حم , ربع الحزب (50),الجزء الخامس والعشرون
3,وَالْكِتَابِ الْمُبِينِ, ربع الحزب (50),الجزء الخامس والعشرون
4,إِنَّا أَنْزَلْنَاهُ فِي لَيْلَةٍ مُبَارَكَةٍ ۚ إِنَّا كُنَّا مُنْذِرِينَ , ربع الحزب (50),الجزء الخامس والعشرون
5,فِيهَا يُفْرَقُ كُلُّ أَمْرٍ حَكِيمٍ, ربع الحزب (50),الجزء الخامس والعشرون
6,أَمْرًا مِنْ عِنْدِنَا ۚ إِنَّا كُنَّا مُرْسِلِينَ, ربع الحزب (50),الجزء الخامس والعشرون
7,رَحْمَةً مِنْ رَبِّكَ ۚ إِنَّهُ هُوَ السَّمِيعُ الْعَلِيمُ , ربع الحزب (50),الجزء الخامس والعشرون
8,رَبِّ السَّمَاوَاتِ وَالْأَرْضِ وَمَا بَيْنَهُمَا ۖ إِنْ كُنْتُمْ مُوقِنِينَ , ربع الحزب (50),الجزء الخامس والعشرون
9,لَا إِلَٰهَ إِلَّا هُوَ يُحْيِي وَيُمِيتُ ۖ رَبُّكُمْ وَرَبُّ آبَائِكُمُ الْأَوَّلِينَ , ربع الحزب (50),الجزء الخامس والعشرون
10,بَلْ هُمْ فِي شَكٍّ يَلْعَبُونَ , ربع الحزب (50),الجزء الخامس والعشرون
11,فَارْتَقِبْ يَوْمَ تَأْتِي السَّمَاءُ بِدُخَانٍ مُبِينٍ , ربع الحزب (50),الجزء الخامس والعشرون
12,يَغْشَى النَّاسَ ۖ هَٰذَا عَذَابٌ أَلِيمٌ , ربع الحزب (50),الجزء الخامس والعشرون
13,رَبَّنَا اكْشِفْ عَنَّا الْعَذَابَ إِنَّا مُؤْمِنُونَ, ربع الحزب (50),الجزء الخامس والعشرون
14,أَنَّىٰ لَهُمُ الذِّكْرَىٰ وَقَدْ جَاءَهُمْ رَسُولٌ مُبِينٌ, ربع الحزب (50),الجزء الخامس والعشرون
15,ثُمَّ تَوَلَّوْا عَنْهُ وَقَالُوا مُعَلَّمٌ مَجْنُونٌ , ربع الحزب (50),الجزء الخامس والعشرون
16,إِنَّا كَاشِفُو الْعَذَابِ قَلِيلًا ۚ إِنَّكُمْ عَائِدُونَ , ربع الحزب (50),الجزء الخامس والعشرون
17,يَوْمَ نَبْطِشُ الْبَطْشَةَ الْكُبْرَىٰ إِنَّا مُنْتَقِمُونَ, ربع الحزب (50),الجزء الخامس والعشرون
18,۞ وَلَقَدْ فَتَنَّا قَبْلَهُمْ قَوْمَ فِرْعَوْنَ وَجَاءَهُمْ رَسُولٌ كَرِيمٌ , نصف الحزب (50),الجزء الخامس والعشرون
19,أَنْ أَدُّوا إِلَيَّ عِبَادَ اللَّهِ ۖ إِنِّي لَكُمْ رَسُولٌ أَمِينٌ , نصف الحزب (50),الجزء الخامس والعشرون
20,وَأَنْ لَا تَعْلُوا عَلَى اللَّهِ ۖ إِنِّي آتِيكُمْ بِسُلْطَانٍ مُبِينٍ , نصف الحزب (50),الجزء الخامس والعشرون
21,وَإِنِّي عُذْتُ بِرَبِّي وَرَبِّكُمْ أَنْ تَرْجُمُونِ , نصف الحزب (50),الجزء الخامس والعشرون
22,وَإِنْ لَمْ تُؤْمِنُوا لِي فَاعْتَزِلُونِ , نصف الحزب (50),الجزء الخامس والعشرون
23,فَدَعَا رَبَّهُ أَنَّ هَٰؤُلَاءِ قَوْمٌ مُجْرِمُونَ , نصف الحزب (50),الجزء الخامس والعشرون
24,فَأَسْرِ بِعِبَادِي لَيْلًا إِنَّكُمْ مُتَّبَعُونَ , نصف الحزب (50),الجزء الخامس والعشرون
25,وَاتْرُكِ الْبَحْرَ رَهْوًا ۖ إِنَّهُمْ جُنْدٌ مُغْرَقُونَ , نصف الحزب (50),الجزء الخامس والعشرون
26,كَمْ تَرَكُوا مِنْ جَنَّاتٍ وَعُيُونٍ, نصف الحزب (50),الجزء الخامس والعشرون
27,وَزُرُوعٍ وَمَقَامٍ كَرِيمٍ , نصف الحزب (50),الجزء الخامس والعشرون
28,وَنَعْمَةٍ كَانُوا فِيهَا فَاكِهِينَ , نصف الحزب (50),الجزء الخامس والعشرون
29,كَذَٰلِكَ ۖ وَأَوْرَثْنَاهَا قَوْمًا آخَرِينَ, نصف الحزب (50),الجزء الخامس والعشرون
30,فَمَا بَكَتْ عَلَيْهِمُ السَّمَاءُ وَالْأَرْضُ وَمَا كَانُوا مُنْظَرِينَ , نصف الحزب (50),الجزء الخامس والعشرون
31,وَلَقَدْ نَجَّيْنَا بَنِي إِسْرَائِيلَ مِنَ الْعَذَابِ الْمُهِينِ , نصف الحزب (50),الجزء الخامس والعشرون
32,مِنْ فِرْعَوْنَ ۚ إِنَّهُ كَانَ عَالِيًا مِنَ الْمُسْرِفِينَ, نصف الحزب (50),الجزء الخامس والعشرون
33,وَلَقَدِ اخْتَرْنَاهُمْ عَلَىٰ عِلْمٍ عَلَى الْعَالَمِينَ , نصف الحزب (50),الجزء الخامس والعشرون
34,وَآتَيْنَاهُمْ مِنَ الْآيَاتِ مَا فِيهِ بَلَاءٌ مُبِينٌ , نصف الحزب (50),الجزء الخامس والعشرون
35,إِنَّ هَٰؤُلَاءِ لَيَقُولُونَ, نصف الحزب (50),الجزء الخامس والعشرون
36,إِنْ هِيَ إِلَّا مَوْتَتُنَا الْأُولَىٰ وَمَا نَحْنُ بِمُنْشَرِينَ, نصف الحزب (50),الجزء الخامس والعشرون
37,فَأْتُوا بِآبَائِنَا إِنْ كُنْتُمْ صَادِقِينَ , نصف الحزب (50),الجزء الخامس والعشرون
38,أَهُمْ خَيْرٌ أَمْ قَوْمُ تُبَّعٍ وَالَّذِينَ مِنْ قَبْلِهِمْ ۚ أَهْلَكْنَاهُمْ ۖ إِنَّهُمْ كَانُوا مُجْرِمِينَ, نصف الحزب (50),الجزء الخامس والعشرون
39,وَمَا خَلَقْنَا السَّمَاوَاتِ وَالْأَرْضَ وَمَا بَيْنَهُمَا لَاعِبِينَ , نصف الحزب (50),الجزء الخامس والعشرون
40,مَا خَلَقْنَاهُمَا إِلَّا بِالْحَقِّ وَلَٰكِنَّ أَكْثَرَهُمْ لَا يَعْلَمُونَ, نصف الحزب (50),الجزء الخامس والعشرون
41,إِنَّ يَوْمَ الْفَصْلِ مِيقَاتُهُمْ أَجْمَعِينَ , نصف الحزب (50),الجزء الخامس والعشرون
42,يَوْمَ لَا يُغْنِي مَوْلًى عَنْ مَوْلًى شَيْئًا وَلَا هُمْ يُنْصَرُونَ , نصف الحزب (50),الجزء الخامس والعشرون
43,إِلَّا مَنْ رَحِمَ اللَّهُ ۚ إِنَّهُ هُوَ الْعَزِيزُ الرَّحِيمُ , نصف الحزب (50),الجزء الخامس والعشرون
44,إِنَّ شَجَرَتَ الزَّقُّومِ , نصف الحزب (50),الجزء الخامس والعشرون
45,طَعَامُ الْأَثِيمِ , نصف الحزب (50),الجزء الخامس والعشرون
46,كَالْمُهْلِ يَغْلِي فِي الْبُطُونِ , نصف الحزب (50),الجزء الخامس والعشرون
47,كَغَلْيِ الْحَمِيمِ , نصف الحزب (50),الجزء الخامس والعشرون
48,خُذُوهُ فَاعْتِلُوهُ إِلَىٰ سَوَاءِ الْجَحِيمِ , نصف الحزب (50),الجزء الخامس والعشرون
49,ثُمَّ صُبُّوا فَوْقَ رَأْسِهِ مِنْ عَذَابِ الْحَمِيمِ , نصف الحزب (50),الجزء الخامس والعشرون
50,ذُقْ إِنَّكَ أَنْتَ الْعَزِيزُ الْكَرِيمُ , نصف الحزب (50),الجزء الخامس والعشرون
51,إِنَّ هَٰذَا مَا كُنْتُمْ بِهِ تَمْتَرُونَ, نصف الحزب (50),الجزء الخامس والعشرون
52,إِنَّ الْمُتَّقِينَ فِي مَقَامٍ أَمِينٍ , نصف الحزب (50),الجزء الخامس والعشرون
53,فِي جَنَّاتٍ وَعُيُونٍ , نصف الحزب (50),الجزء الخامس والعشرون
54,يَلْبَسُونَ مِنْ سُنْدُسٍ وَإِسْتَبْرَقٍ مُتَقَابِلِينَ , نصف الحزب (50),الجزء الخامس والعشرون
55,كَذَٰلِكَ وَزَوَّجْنَاهُمْ بِحُورٍ عِينٍ, نصف الحزب (50),الجزء الخامس والعشرون
56,يَدْعُونَ فِيهَا بِكُلِّ فَاكِهَةٍ آمِنِينَ , نصف الحزب (50),الجزء الخامس والعشرون
57,لَا يَذُوقُونَ فِيهَا الْمَوْتَ إِلَّا الْمَوْتَةَ الْأُولَىٰ ۖ وَوَقَاهُمْ عَذَابَ الْجَحِيمِ , نصف الحزب (50),الجزء الخامس والعشرون
58,فَضْلًا مِنْ رَبِّكَ ۚ ذَٰلِكَ هُوَ الْفَوْزُ الْعَظِيمُ , نصف الحزب (50),الجزء الخامس والعشرون
59,فَإِنَّمَا يَسَّرْنَاهُ بِلِسَانِكَ لَعَلَّهُمْ يَتَذَكَّرُونَ, نصف الحزب (50),الجزء الخامس والعشرون
60,فَارْتَقِبْ إِنَّهُمْ مُرْتَقِبُونَ, نصف الحزب (50),الجزء الخامس والعشرون
