﻿1,بِسْمِ اللَّهِ الرَّحْمَنِ الرَّحِيم, ثلاثة أرباع الحزب (51),الجزء السادس والعشرون
2,إِنَّا فَتَحْنَا لَكَ فَتْحًا مُبِينًا , ثلاثة أرباع الحزب (51),الجزء السادس والعشرون
3,لِيَغْفِرَ لَكَ اللَّهُ مَا تَقَدَّمَ مِنْ ذَنْبِكَ وَمَا تَأَخَّرَ وَيُتِمَّ نِعْمَتَهُ عَلَيْكَ وَيَهْدِيَكَ صِرَاطًا مُسْتَقِيمًا , ثلاثة أرباع الحزب (51),الجزء السادس والعشرون
4,وَيَنْصُرَكَ اللَّهُ نَصْرًا عَزِيزًا , ثلاثة أرباع الحزب (51),الجزء السادس والعشرون
5,هُوَ الَّذِي أَنْزَلَ السَّكِينَةَ فِي قُلُوبِ الْمُؤْمِنِينَ لِيَزْدَادُوا إِيمَانًا مَعَ إِيمَانِهِمْ ۗ وَلِلَّهِ جُنُودُ السَّمَاوَاتِ وَالْأَرْضِ ۚ وَكَانَ اللَّهُ عَلِيمًا حَكِيمًا , ثلاثة أرباع الحزب (51),الجزء السادس والعشرون
6,لِيُدْخِلَ الْمُؤْمِنِينَ وَالْمُؤْمِنَاتِ جَنَّاتٍ تَجْرِي مِنْ تَحْتِهَا الْأَنْهَارُ خَالِدِينَ فِيهَا وَيُكَفِّرَ عَنْهُمْ سَيِّئَاتِهِمْ ۚ وَكَانَ ذَٰلِكَ عِنْدَ اللَّهِ فَوْزًا عَظِيمًا, ثلاثة أرباع الحزب (51),الجزء السادس والعشرون
7,وَيُعَذِّبَ الْمُنَافِقِينَ وَالْمُنَافِقَاتِ وَالْمُشْرِكِينَ وَالْمُشْرِكَاتِ الظَّانِّينَ بِاللَّهِ ظَنَّ السَّوْءِ ۚ عَلَيْهِمْ دَائِرَةُ السَّوْءِ ۖ وَغَضِبَ اللَّهُ عَلَيْهِمْ وَلَعَنَهُمْ وَأَعَدَّ لَهُمْ جَهَنَّمَ ۖ وَسَاءَتْ مَصِيرًا , ثلاثة أرباع الحزب (51),الجزء السادس والعشرون
8,وَلِلَّهِ جُنُودُ السَّمَاوَاتِ وَالْأَرْضِ ۚ وَكَانَ اللَّهُ عَزِيزًا حَكِيمًا , ثلاثة أرباع الحزب (51),الجزء السادس والعشرون
9,إِنَّا أَرْسَلْنَاكَ شَاهِدًا وَمُبَشِّرًا وَنَذِيرًا , ثلاثة أرباع الحزب (51),الجزء السادس والعشرون
10,لِتُؤْمِنُوا بِاللَّهِ وَرَسُولِهِ وَتُعَزِّرُوهُ وَتُوَقِّرُوهُ وَتُسَبِّحُوهُ بُكْرَةً وَأَصِيلًا , ثلاثة أرباع الحزب (51),الجزء السادس والعشرون
11,إِنَّ الَّذِينَ يُبَايِعُونَكَ إِنَّمَا يُبَايِعُونَ اللَّهَ يَدُ اللَّهِ فَوْقَ أَيْدِيهِمْ ۚ فَمَنْ نَكَثَ فَإِنَّمَا يَنْكُثُ عَلَىٰ نَفْسِهِ ۖ وَمَنْ أَوْفَىٰ بِمَا عَاهَدَ عَلَيْهُ اللَّهَ فَسَيُؤْتِيهِ أَجْرًا عَظِيمًا , ثلاثة أرباع الحزب (51),الجزء السادس والعشرون
12,سَيَقُولُ لَكَ الْمُخَلَّفُونَ مِنَ الْأَعْرَابِ شَغَلَتْنَا أَمْوَالُنَا وَأَهْلُونَا فَاسْتَغْفِرْ لَنَا ۚ يَقُولُونَ بِأَلْسِنَتِهِمْ مَا لَيْسَ فِي قُلُوبِهِمْ ۚ قُلْ فَمَنْ يَمْلِكُ لَكُمْ مِنَ اللَّهِ شَيْئًا إِنْ أَرَادَ بِكُمْ ضَرًّا أَوْ أَرَادَ بِكُمْ نَفْعًا ۚ بَلْ كَانَ اللَّهُ بِمَا تَعْمَلُونَ خَبِيرًا , ثلاثة أرباع الحزب (51),الجزء السادس والعشرون
13,بَلْ ظَنَنْتُمْ أَنْ لَنْ يَنْقَلِبَ الرَّسُولُ وَالْمُؤْمِنُونَ إِلَىٰ أَهْلِيهِمْ أَبَدًا وَزُيِّنَ ذَٰلِكَ فِي قُلُوبِكُمْ وَظَنَنْتُمْ ظَنَّ السَّوْءِ وَكُنْتُمْ قَوْمًا بُورًا , ثلاثة أرباع الحزب (51),الجزء السادس والعشرون
14,وَمَنْ لَمْ يُؤْمِنْ بِاللَّهِ وَرَسُولِهِ فَإِنَّا أَعْتَدْنَا لِلْكَافِرِينَ سَعِيرًا, ثلاثة أرباع الحزب (51),الجزء السادس والعشرون
15,وَلِلَّهِ مُلْكُ السَّمَاوَاتِ وَالْأَرْضِ ۚ يَغْفِرُ لِمَنْ يَشَاءُ وَيُعَذِّبُ مَنْ يَشَاءُ ۚ وَكَانَ اللَّهُ غَفُورًا رَحِيمًا , ثلاثة أرباع الحزب (51),الجزء السادس والعشرون
16,سَيَقُولُ الْمُخَلَّفُونَ إِذَا انْطَلَقْتُمْ إِلَىٰ مَغَانِمَ لِتَأْخُذُوهَا ذَرُونَا نَتَّبِعْكُمْ ۖ يُرِيدُونَ أَنْ يُبَدِّلُوا كَلَامَ اللَّهِ ۚ قُلْ لَنْ تَتَّبِعُونَا كَذَٰلِكُمْ قَالَ اللَّهُ مِنْ قَبْلُ ۖ فَسَيَقُولُونَ بَلْ تَحْسُدُونَنَا ۚ بَلْ كَانُوا لَا يَفْقَهُونَ إِلَّا قَلِيلًا, ثلاثة أرباع الحزب (51),الجزء السادس والعشرون
17,قُلْ لِلْمُخَلَّفِينَ مِنَ الْأَعْرَابِ سَتُدْعَوْنَ إِلَىٰ قَوْمٍ أُولِي بَأْسٍ شَدِيدٍ تُقَاتِلُونَهُمْ أَوْ يُسْلِمُونَ ۖ فَإِنْ تُطِيعُوا يُؤْتِكُمُ اللَّهُ أَجْرًا حَسَنًا ۖ وَإِنْ تَتَوَلَّوْا كَمَا تَوَلَّيْتُمْ مِنْ قَبْلُ يُعَذِّبْكُمْ عَذَابًا أَلِيمًا , ثلاثة أرباع الحزب (51),الجزء السادس والعشرون
18,لَيْسَ عَلَى الْأَعْمَىٰ حَرَجٌ وَلَا عَلَى الْأَعْرَجِ حَرَجٌ وَلَا عَلَى الْمَرِيضِ حَرَجٌ ۗ وَمَنْ يُطِعِ اللَّهَ وَرَسُولَهُ يُدْخِلْهُ جَنَّاتٍ تَجْرِي مِنْ تَحْتِهَا الْأَنْهَارُ ۖ وَمَنْ يَتَوَلَّ يُعَذِّبْهُ عَذَابًا أَلِيمًا , ثلاثة أرباع الحزب (51),الجزء السادس والعشرون
19,۞ لَقَدْ رَضِيَ اللَّهُ عَنِ الْمُؤْمِنِينَ إِذْ يُبَايِعُونَكَ تَحْتَ الشَّجَرَةِ فَعَلِمَ مَا فِي قُلُوبِهِمْ فَأَنْزَلَ السَّكِينَةَ عَلَيْهِمْ وَأَثَابَهُمْ فَتْحًا قَرِيبًا , الحزب (52),الجزء السادس والعشرون
20,وَمَغَانِمَ كَثِيرَةً يَأْخُذُونَهَا ۗ وَكَانَ اللَّهُ عَزِيزًا حَكِيمًا , الحزب (52),الجزء السادس والعشرون
21,وَعَدَكُمُ اللَّهُ مَغَانِمَ كَثِيرَةً تَأْخُذُونَهَا فَعَجَّلَ لَكُمْ هَٰذِهِ وَكَفَّ أَيْدِيَ النَّاسِ عَنْكُمْ وَلِتَكُونَ آيَةً لِلْمُؤْمِنِينَ وَيَهْدِيَكُمْ صِرَاطًا مُسْتَقِيمًا, الحزب (52),الجزء السادس والعشرون
22,وَأُخْرَىٰ لَمْ تَقْدِرُوا عَلَيْهَا قَدْ أَحَاطَ اللَّهُ بِهَا ۚ وَكَانَ اللَّهُ عَلَىٰ كُلِّ شَيْءٍ قَدِيرًا , الحزب (52),الجزء السادس والعشرون
23,وَلَوْ قَاتَلَكُمُ الَّذِينَ كَفَرُوا لَوَلَّوُا الْأَدْبَارَ ثُمَّ لَا يَجِدُونَ وَلِيًّا وَلَا نَصِيرًا , الحزب (52),الجزء السادس والعشرون
24,سُنَّةَ اللَّهِ الَّتِي قَدْ خَلَتْ مِنْ قَبْلُ ۖ وَلَنْ تَجِدَ لِسُنَّةِ اللَّهِ تَبْدِيلًا , الحزب (52),الجزء السادس والعشرون
25,وَهُوَ الَّذِي كَفَّ أَيْدِيَهُمْ عَنْكُمْ وَأَيْدِيَكُمْ عَنْهُمْ بِبَطْنِ مَكَّةَ مِنْ بَعْدِ أَنْ أَظْفَرَكُمْ عَلَيْهِمْ ۚ وَكَانَ اللَّهُ بِمَا تَعْمَلُونَ بَصِيرًا , الحزب (52),الجزء السادس والعشرون
26,هُمُ الَّذِينَ كَفَرُوا وَصَدُّوكُمْ عَنِ الْمَسْجِدِ الْحَرَامِ وَالْهَدْيَ مَعْكُوفًا أَنْ يَبْلُغَ مَحِلَّهُ ۚ وَلَوْلَا رِجَالٌ مُؤْمِنُونَ وَنِسَاءٌ مُؤْمِنَاتٌ لَمْ تَعْلَمُوهُمْ أَنْ تَطَئُوهُمْ فَتُصِيبَكُمْ مِنْهُمْ مَعَرَّةٌ بِغَيْرِ عِلْمٍ ۖ لِيُدْخِلَ اللَّهُ فِي رَحْمَتِهِ مَنْ يَشَاءُ ۚ لَوْ تَزَيَّلُوا لَعَذَّبْنَا الَّذِينَ كَفَرُوا مِنْهُمْ عَذَابًا أَلِيمًا , الحزب (52),الجزء السادس والعشرون
27,إِذْ جَعَلَ الَّذِينَ كَفَرُوا فِي قُلُوبِهِمُ الْحَمِيَّةَ حَمِيَّةَ الْجَاهِلِيَّةِ فَأَنْزَلَ اللَّهُ سَكِينَتَهُ عَلَىٰ رَسُولِهِ وَعَلَى الْمُؤْمِنِينَ وَأَلْزَمَهُمْ كَلِمَةَ التَّقْوَىٰ وَكَانُوا أَحَقَّ بِهَا وَأَهْلَهَا ۚ وَكَانَ اللَّهُ بِكُلِّ شَيْءٍ عَلِيمًا , الحزب (52),الجزء السادس والعشرون
28,لَقَدْ صَدَقَ اللَّهُ رَسُولَهُ الرُّؤْيَا بِالْحَقِّ ۖ لَتَدْخُلُنَّ الْمَسْجِدَ الْحَرَامَ إِنْ شَاءَ اللَّهُ آمِنِينَ مُحَلِّقِينَ رُءُوسَكُمْ وَمُقَصِّرِينَ لَا تَخَافُونَ ۖ فَعَلِمَ مَا لَمْ تَعْلَمُوا فَجَعَلَ مِنْ دُونِ ذَٰلِكَ فَتْحًا قَرِيبًا, الحزب (52),الجزء السادس والعشرون
29,هُوَ الَّذِي أَرْسَلَ رَسُولَهُ بِالْهُدَىٰ وَدِينِ الْحَقِّ لِيُظْهِرَهُ عَلَى الدِّينِ كُلِّهِ ۚ وَكَفَىٰ بِاللَّهِ شَهِيدًا, الحزب (52),الجزء السادس والعشرون
30,مُحَمَّدٌ رَسُولُ اللَّهِ ۚ وَالَّذِينَ مَعَهُ أَشِدَّاءُ عَلَى الْكُفَّارِ رُحَمَاءُ بَيْنَهُمْ ۖ تَرَاهُمْ رُكَّعًا سُجَّدًا يَبْتَغُونَ فَضْلًا مِنَ اللَّهِ وَرِضْوَانًا ۖ سِيمَاهُمْ فِي وُجُوهِهِمْ مِنْ أَثَرِ السُّجُودِ ۚ ذَٰلِكَ مَثَلُهُمْ فِي التَّوْرَاةِ ۚ وَمَثَلُهُمْ فِي الْإِنْجِيلِ كَزَرْعٍ أَخْرَجَ شَطْأَهُ فَآزَرَهُ فَاسْتَغْلَظَ فَاسْتَوَىٰ عَلَىٰ سُوقِهِ يُعْجِبُ الزُّرَّاعَ لِيَغِيظَ بِهِمُ الْكُفَّارَ ۗ وَعَدَ اللَّهُ الَّذِينَ آمَنُوا وَعَمِلُوا الصَّالِحَاتِ مِنْهُمْ مَغْفِرَةً وَأَجْرًا عَظِيمًا, الحزب (52),الجزء السادس والعشرون
