1,710401.mp3,0B4tD5h5eyo6rMFVYVk5DblBBc1U
2,710402.mp3,0B4tD5h5eyo6rdERyR1hJVWJ4aU0
3,710403.mp3,0B4tD5h5eyo6rdnlpSVpZT3BFMGc
4,710404.mp3,0B4tD5h5eyo6rWDZpdFNueUNHMVk
5,710405.mp3,0B4tD5h5eyo6rTi1JWHNXYmNuODQ
6,710406.mp3,0B4tD5h5eyo6rM3ZwYnoybHZSZTA
7,710407.mp3,0B4tD5h5eyo6rRk9CaWhTUk9wbzg
8,710408.mp3,0B4tD5h5eyo6rRHdJWmNxa1ItX00
9,710409.mp3,0B4tD5h5eyo6rTENkM0twUkluUEU
10,7104010.mp3,0B4tD5h5eyo6rWWdEYXJpRzFuX2s
11,7104011.mp3,0B4tD5h5eyo6rZElNN1NiUjlmbmM
12,7104012.mp3,0B4tD5h5eyo6rMzVRUTd0ZEw1Y3c
13,7104013.mp3,0B4tD5h5eyo6rcWM5WjU1ZWJvTWM
14,7104014.mp3,0B4tD5h5eyo6rMk9RNEEzV0R1OG8
15,7104015.mp3,0B4tD5h5eyo6rV2J3RF9jQ0dYS3M
16,7104016.mp3,0B4tD5h5eyo6rYkRUNVBwR0NDQzA
17,7104017.mp3,0B4tD5h5eyo6rMllDYlFEcUI1TDA
18,7104018.mp3,0B4tD5h5eyo6rcW9XR3ExMkx1VDg
19,7104019.mp3,0B4tD5h5eyo6rT1prSGhOMnY5dzA
20,7104020.mp3,0B4tD5h5eyo6reUlQalJaZ2ZvRkU
21,7104021.mp3,0B4tD5h5eyo6rNmROOFQ1MXdLaG8
22,7104022.mp3,0B4tD5h5eyo6rUVY5RG40M054eGc
23,7104023.mp3,0B4tD5h5eyo6raS04NWpkUk44bHM
24,7104024.mp3,0B4tD5h5eyo6rdXExWExQTnFtNWc
25,7104025.mp3,0B4tD5h5eyo6rek9JQmhoRVRIR28
26,7104026.mp3,0B4tD5h5eyo6rMGxkZGlFLTJBWlE
27,7104027.mp3,0B4tD5h5eyo6rR1p4MDdXcGFlYTA
28,7104028.mp3,0B4tD5h5eyo6rakl6M0luVE1wYUE
29,7104029.mp3,0B4tD5h5eyo6rZ1R3azQzUEJsRVE
30,7104030.mp3,0B4tD5h5eyo6rbS1HbGFzZ3BiQnM
31,7104031.mp3,0B4tD5h5eyo6raWhSbVZGTTlub3M
32,7104032.mp3,0B4tD5h5eyo6rQ1h6ejhjSTduU3c
33,7104033.mp3,0B4tD5h5eyo6ra05scjlhRG1RMlU
34,7104034.mp3,0B4tD5h5eyo6rbXg1Sl9iX19TNG8
35,7104035.mp3,0B4tD5h5eyo6rTW0wUlU4aE9JVHc
36,7104036.mp3,0B4tD5h5eyo6rQWVPWWhPU3JvUzg
37,7104037.mp3,0B4tD5h5eyo6ralgzMnA2Ul9GT2c
38,7104038.mp3,0B4tD5h5eyo6rLWZ6Sm9sM3U4YVk
39,7104039.mp3,0B4tD5h5eyo6rS3ZDZW9VdHRoSHc
40,7104040.mp3,0B4tD5h5eyo6rcmdnc1hwVzFqbXM
41,7104041.mp3,0B4tD5h5eyo6rQmN6RXN5T3RYTFE
42,7104042.mp3,0B4tD5h5eyo6rQmhZak42cUpjME0
43,7104043.mp3,0B4tD5h5eyo6rV1pKanJUNEpKT1E
44,7104044.mp3,0B4tD5h5eyo6rUkZJVGZKTW9BWjA
45,7104045.mp3,0B4tD5h5eyo6rTHhlMXNLQ1VXX2s
46,7104046.mp3,0B4tD5h5eyo6rZDZ5ZjZzeWk2YjA
47,7104047.mp3,0B4tD5h5eyo6rYmZKWnZlUmJNdk0
48,7104048.mp3,0B4tD5h5eyo6rX1lXejcyekJWajQ
49,7104049.mp3,0B4tD5h5eyo6rU1VENDRBMUJCbDQ
50,7104050.mp3,0B4tD5h5eyo6rb3dqNXktOHkzQzg
51,7104051.mp3,0B4tD5h5eyo6rZk9QU3prXzFiTlU
52,7104052.mp3,0B4tD5h5eyo6rNk9JSWwtR0w1cUU
53,7104053.mp3,0B4tD5h5eyo6rWlBUNU1RVUJJVEE
54,7104054.mp3,0B4tD5h5eyo6rS2REWWhDQ0tJNTg
55,7104055.mp3,0B4tD5h5eyo6rVHlvLUNtZGtXMGs
56,7104056.mp3,0B4tD5h5eyo6rTUlPVFFESVVjTVE
57,7104057.mp3,0B4tD5h5eyo6rVDliNDVXZ3VQLXc
58,7104058.mp3,0B4tD5h5eyo6rODRSbXFPOWFpM1k
59,7104059.mp3,0B4tD5h5eyo6rUDI5ZERwM21QY2M
60,7104060.mp3,0B4tD5h5eyo6rdFhSWWVIS3BPTk0
61,7104061.mp3,0B4tD5h5eyo6rcGlVeTdFUHJHc2c
62,7104062.mp3,0B4tD5h5eyo6raHloZE93TmVuX0k
63,7104063.mp3,0B4tD5h5eyo6rLWJVUmJtRFB0NlU
64,7104064.mp3,0B4tD5h5eyo6rVVUxVmFnQ3BOdjQ
65,7104065.mp3,0B4tD5h5eyo6rUFVaeW1zRE5VMm8
66,7104066.mp3,0B4tD5h5eyo6rN0ZheDhQb29PT0E
67,7104067.mp3,0B4tD5h5eyo6rVmtmZG9nYmpsVkk
68,7104068.mp3,0B4tD5h5eyo6rVjhaVFp1UE5pMFk
69,7104069.mp3,0B4tD5h5eyo6rUE1hVUpmT25nSFE
70,7104070.mp3,0B4tD5h5eyo6ramUwSHhMekxHeGc
71,7104071.mp3,0B4tD5h5eyo6rUHFSWU4xWW1LbTg
72,7104072.mp3,0B4tD5h5eyo6rQWlaTUt4WDFwNTA
73,7104073.mp3,0B4tD5h5eyo6raXFEeHZJUHBPczQ
74,7104074.mp3,0B4tD5h5eyo6rUTRfVGZraVNmNXM
75,7104075.mp3,0B4tD5h5eyo6rLUw5czlLOTBfSVE
76,7104076.mp3,0B4tD5h5eyo6raU5GZEZwNW5paW8
77,7104077.mp3,0B4tD5h5eyo6rWnBiR2RtU3B5TVk
78,7104078.mp3,0B4tD5h5eyo6rbFVuTV9GZDIySkk
79,7104079.mp3,0B4tD5h5eyo6rNHFwOHZGcFhSMUE
80,7104080.mp3,0B4tD5h5eyo6rbGFZMk83ZDZKQ00
81,7104081.mp3,0B4tD5h5eyo6rSU8yR1pWVkhwR2M
82,7104082.mp3,0B4tD5h5eyo6rdGRzNTAzeGN2Mzg
83,7104083.mp3,0B4tD5h5eyo6rS1Zoc2JmSE1aaVU
84,7104084.mp3,0B4tD5h5eyo6rOWdHN25tWGdMZ2s
85,7104085.mp3,0B4tD5h5eyo6rNGo2UG44S1NwbTQ
86,7104086.mp3,0B4tD5h5eyo6rX1BrS1VobTNCbGs
87,7104087.mp3,0B4tD5h5eyo6rblk5M3AyVlpjcDg
88,7104088.mp3,0B4tD5h5eyo6razh4UHNxeGxjN3M
89,7104089.mp3,0B4tD5h5eyo6rNXlXSGxsTVhXRnM
90,7104090.mp3,0B4tD5h5eyo6rbVdVQkU2UHA5UVE
91,7104091.mp3,0B4tD5h5eyo6rN0t4NlI5V29ROFE
92,7104092.mp3,0B4tD5h5eyo6reHhJenFJM1prN1k
93,7104093.mp3,0B4tD5h5eyo6rcFotZE0tQVF2MEU
94,7104094.mp3,0B4tD5h5eyo6rWUlRazZvQmdpYmM
95,7104095.mp3,0B4tD5h5eyo6rSUJ0d3FGYl9Mck0
96,7104096.mp3,0B4tD5h5eyo6rVGhnY2lGYzN4NlE
97,7104097.mp3,0B4tD5h5eyo6rZnk0U2tiekVzVGs
98,7104098.mp3,0B4tD5h5eyo6rTG9MSzdrOVp4VnM
99,7104099.mp3,0B4tD5h5eyo6rXzVBekRmWktEY2c
100,7104100.mp3,0B4tD5h5eyo6rNkRTYjJkX1hNN1k
101,7104101.mp3,0B4tD5h5eyo6rUDU0c1ptZUVpQTQ
102,7104102.mp3,0B4tD5h5eyo6rRDdib0w5QkdzOEE
103,7104103.mp3,0B4tD5h5eyo6rUjFra2hIZHExQzg
104,7104104.mp3,0B4tD5h5eyo6rOFVmWFNRTml5WDg
105,7104105.mp3,0B4tD5h5eyo6rbFVoMDFGWXJvSDg
106,7104106.mp3,0B4tD5h5eyo6rRFZuTklnY0xSYzQ
107,7104107.mp3,0B4tD5h5eyo6rNDBaRV9qakVBck0
108,7104108.mp3,0B4tD5h5eyo6rLV9oWGVRLWUwN0E
109,7104109.mp3,0B4tD5h5eyo6rQzFuZEpzX0cwNGM
110,7104110.mp3,0B4tD5h5eyo6rUE0wRDIyb1RnTEE
111,7104111.mp3,0B4tD5h5eyo6rVUFZS1NjV2JVQ2c
112,7104112.mp3,0B4tD5h5eyo6rUmVWX3Y0OGR1NmM
113,7104113.mp3,0B4tD5h5eyo6rbEZFNzN5REhHd1E
114,7104114.mp3,0B4tD5h5eyo6rQ2tFYTFpYU9wSUk
