﻿1,بِسْمِ اللَّهِ الرَّحْمَنِ الرَّحِيم, نصف الحزب (11),الجزء السادس
2,۞ يَا أَيُّهَا الَّذِينَ آمَنُوا أَوْفُوا بِالْعُقُودِ ۚ أُحِلَّتْ لَكُمْ بَهِيمَةُ الْأَنْعَامِ إِلَّا مَا يُتْلَىٰ عَلَيْكُمْ غَيْرَ مُحِلِّي الصَّيْدِ وَأَنْتُمْ حُرُمٌ ۗ إِنَّ اللَّهَ يَحْكُمُ مَا يُرِيدُ , نصف الحزب (11),الجزء السادس
3,يَا أَيُّهَا الَّذِينَ آمَنُوا لَا تُحِلُّوا شَعَائِرَ اللَّهِ وَلَا الشَّهْرَ الْحَرَامَ وَلَا الْهَدْيَ وَلَا الْقَلَائِدَ وَلَا آمِّينَ الْبَيْتَ الْحَرَامَ يَبْتَغُونَ فَضْلًا مِنْ رَبِّهِمْ وَرِضْوَانًا ۚ وَإِذَا حَلَلْتُمْ فَاصْطَادُوا ۚ وَلَا يَجْرِمَنَّكُمْ شَنَآنُ قَوْمٍ أَنْ صَدُّوكُمْ عَنِ الْمَسْجِدِ الْحَرَامِ أَنْ تَعْتَدُوا ۘ وَتَعَاوَنُوا عَلَى الْبِرِّ وَالتَّقْوَىٰ ۖ وَلَا تَعَاوَنُوا عَلَى الْإِثْمِ وَالْعُدْوَانِ ۚ وَاتَّقُوا اللَّهَ ۖ إِنَّ اللَّهَ شَدِيدُ الْعِقَابِ , نصف الحزب (11),الجزء السادس
4,حُرِّمَتْ عَلَيْكُمُ الْمَيْتَةُ وَالدَّمُ وَلَحْمُ الْخِنْزِيرِ وَمَا أُهِلَّ لِغَيْرِ اللَّهِ بِهِ وَالْمُنْخَنِقَةُ وَالْمَوْقُوذَةُ وَالْمُتَرَدِّيَةُ وَالنَّطِيحَةُ وَمَا أَكَلَ السَّبُعُ إِلَّا مَا ذَكَّيْتُمْ وَمَا ذُبِحَ عَلَى النُّصُبِ وَأَنْ تَسْتَقْسِمُوا بِالْأَزْلَامِ ۚ ذَٰلِكُمْ فِسْقٌ ۗ الْيَوْمَ يَئِسَ الَّذِينَ كَفَرُوا مِنْ دِينِكُمْ فَلَا تَخْشَوْهُمْ وَاخْشَوْنِ ۚ الْيَوْمَ أَكْمَلْتُ لَكُمْ دِينَكُمْ وَأَتْمَمْتُ عَلَيْكُمْ نِعْمَتِي وَرَضِيتُ لَكُمُ الْإِسْلَامَ دِينًا ۚ فَمَنِ اضْطُرَّ فِي مَخْمَصَةٍ غَيْرَ مُتَجَانِفٍ لِإِثْمٍ ۙ فَإِنَّ اللَّهَ غَفُورٌ رَحِيمٌ , نصف الحزب (11),الجزء السادس
5,يَسْأَلُونَكَ مَاذَا أُحِلَّ لَهُمْ ۖ قُلْ أُحِلَّ لَكُمُ الطَّيِّبَاتُ ۙ وَمَا عَلَّمْتُمْ مِنَ الْجَوَارِحِ مُكَلِّبِينَ تُعَلِّمُونَهُنَّ مِمَّا عَلَّمَكُمُ اللَّهُ ۖ فَكُلُوا مِمَّا أَمْسَكْنَ عَلَيْكُمْ وَاذْكُرُوا اسْمَ اللَّهِ عَلَيْهِ ۖ وَاتَّقُوا اللَّهَ ۚ إِنَّ اللَّهَ سَرِيعُ الْحِسَابِ , نصف الحزب (11),الجزء السادس
6,الْيَوْمَ أُحِلَّ لَكُمُ الطَّيِّبَاتُ ۖ وَطَعَامُ الَّذِينَ أُوتُوا الْكِتَابَ حِلٌّ لَكُمْ وَطَعَامُكُمْ حِلٌّ لَهُمْ ۖ وَالْمُحْصَنَاتُ مِنَ الْمُؤْمِنَاتِ وَالْمُحْصَنَاتُ مِنَ الَّذِينَ أُوتُوا الْكِتَابَ مِنْ قَبْلِكُمْ إِذَا آتَيْتُمُوهُنَّ أُجُورَهُنَّ مُحْصِنِينَ غَيْرَ مُسَافِحِينَ وَلَا مُتَّخِذِي أَخْدَانٍ ۗ وَمَنْ يَكْفُرْ بِالْإِيمَانِ فَقَدْ حَبِطَ عَمَلُهُ وَهُوَ فِي الْآخِرَةِ مِنَ الْخَاسِرِينَ , نصف الحزب (11),الجزء السادس
7,يَا أَيُّهَا الَّذِينَ آمَنُوا إِذَا قُمْتُمْ إِلَى الصَّلَاةِ فَاغْسِلُوا وُجُوهَكُمْ وَأَيْدِيَكُمْ إِلَى الْمَرَافِقِ وَامْسَحُوا بِرُءُوسِكُمْ وَأَرْجُلَكُمْ إِلَى الْكَعْبَيْنِ ۚ وَإِنْ كُنْتُمْ جُنُبًا فَاطَّهَّرُوا ۚ وَإِنْ كُنْتُمْ مَرْضَىٰ أَوْ عَلَىٰ سَفَرٍ أَوْ جَاءَ أَحَدٌ مِنْكُمْ مِنَ الْغَائِطِ أَوْ لَامَسْتُمُ النِّسَاءَ فَلَمْ تَجِدُوا مَاءً فَتَيَمَّمُوا صَعِيدًا طَيِّبًا فَامْسَحُوا بِوُجُوهِكُمْ وَأَيْدِيكُمْ مِنْهُ ۚ مَا يُرِيدُ اللَّهُ لِيَجْعَلَ عَلَيْكُمْ مِنْ حَرَجٍ وَلَٰكِنْ يُرِيدُ لِيُطَهِّرَكُمْ وَلِيُتِمَّ نِعْمَتَهُ عَلَيْكُمْ لَعَلَّكُمْ تَشْكُرُونَ , نصف الحزب (11),الجزء السادس
8,وَاذْكُرُوا نِعْمَةَ اللَّهِ عَلَيْكُمْ وَمِيثَاقَهُ الَّذِي وَاثَقَكُمْ بِهِ إِذْ قُلْتُمْ سَمِعْنَا وَأَطَعْنَا ۖ وَاتَّقُوا اللَّهَ ۚ إِنَّ اللَّهَ عَلِيمٌ بِذَاتِ الصُّدُورِ, نصف الحزب (11),الجزء السادس
9,يَا أَيُّهَا الَّذِينَ آمَنُوا كُونُوا قَوَّامِينَ لِلَّهِ شُهَدَاءَ بِالْقِسْطِ ۖ وَلَا يَجْرِمَنَّكُمْ شَنَآنُ قَوْمٍ عَلَىٰ أَلَّا تَعْدِلُوا ۚ اعْدِلُوا هُوَ أَقْرَبُ لِلتَّقْوَىٰ ۖ وَاتَّقُوا اللَّهَ ۚ إِنَّ اللَّهَ خَبِيرٌ بِمَا تَعْمَلُونَ , نصف الحزب (11),الجزء السادس
10,وَعَدَ اللَّهُ الَّذِينَ آمَنُوا وَعَمِلُوا الصَّالِحَاتِ ۙ لَهُمْ مَغْفِرَةٌ وَأَجْرٌ عَظِيمٌ , نصف الحزب (11),الجزء السادس
11,وَالَّذِينَ كَفَرُوا وَكَذَّبُوا بِآيَاتِنَا أُولَٰئِكَ أَصْحَابُ الْجَحِيمِ, نصف الحزب (11),الجزء السادس
12,يَا أَيُّهَا الَّذِينَ آمَنُوا اذْكُرُوا نِعْمَتَ اللَّهِ عَلَيْكُمْ إِذْ هَمَّ قَوْمٌ أَنْ يَبْسُطُوا إِلَيْكُمْ أَيْدِيَهُمْ فَكَفَّ أَيْدِيَهُمْ عَنْكُمْ ۖ وَاتَّقُوا اللَّهَ ۚ وَعَلَى اللَّهِ فَلْيَتَوَكَّلِ الْمُؤْمِنُونَ, نصف الحزب (11),الجزء السادس
13,۞ وَلَقَدْ أَخَذَ اللَّهُ مِيثَاقَ بَنِي إِسْرَائِيلَ وَبَعَثْنَا مِنْهُمُ اثْنَيْ عَشَرَ نَقِيبًا ۖ وَقَالَ اللَّهُ إِنِّي مَعَكُمْ ۖ لَئِنْ أَقَمْتُمُ الصَّلَاةَ وَآتَيْتُمُ الزَّكَاةَ وَآمَنْتُمْ بِرُسُلِي وَعَزَّرْتُمُوهُمْ وَأَقْرَضْتُمُ اللَّهَ قَرْضًا حَسَنًا لَأُكَفِّرَنَّ عَنْكُمْ سَيِّئَاتِكُمْ وَلَأُدْخِلَنَّكُمْ جَنَّاتٍ تَجْرِي مِنْ تَحْتِهَا الْأَنْهَارُ ۚ فَمَنْ كَفَرَ بَعْدَ ذَٰلِكَ مِنْكُمْ فَقَدْ ضَلَّ سَوَاءَ السَّبِيلِ , ثلاثة أرباع الحزب (11),الجزء السادس
14,فَبِمَا نَقْضِهِمْ مِيثَاقَهُمْ لَعَنَّاهُمْ وَجَعَلْنَا قُلُوبَهُمْ قَاسِيَةً ۖ يُحَرِّفُونَ الْكَلِمَ عَنْ مَوَاضِعِهِ ۙ وَنَسُوا حَظًّا مِمَّا ذُكِّرُوا بِهِ ۚ وَلَا تَزَالُ تَطَّلِعُ عَلَىٰ خَائِنَةٍ مِنْهُمْ إِلَّا قَلِيلًا مِنْهُمْ ۖ فَاعْفُ عَنْهُمْ وَاصْفَحْ ۚ إِنَّ اللَّهَ يُحِبُّ الْمُحْسِنِينَ , ثلاثة أرباع الحزب (11),الجزء السادس
15,وَمِنَ الَّذِينَ قَالُوا إِنَّا نَصَارَىٰ أَخَذْنَا مِيثَاقَهُمْ فَنَسُوا حَظًّا مِمَّا ذُكِّرُوا بِهِ فَأَغْرَيْنَا بَيْنَهُمُ الْعَدَاوَةَ وَالْبَغْضَاءَ إِلَىٰ يَوْمِ الْقِيَامَةِ ۚ وَسَوْفَ يُنَبِّئُهُمُ اللَّهُ بِمَا كَانُوا يَصْنَعُونَ, ثلاثة أرباع الحزب (11),الجزء السادس
16,يَا أَهْلَ الْكِتَابِ قَدْ جَاءَكُمْ رَسُولُنَا يُبَيِّنُ لَكُمْ كَثِيرًا مِمَّا كُنْتُمْ تُخْفُونَ مِنَ الْكِتَابِ وَيَعْفُو عَنْ كَثِيرٍ ۚ قَدْ جَاءَكُمْ مِنَ اللَّهِ نُورٌ وَكِتَابٌ مُبِينٌ, ثلاثة أرباع الحزب (11),الجزء السادس
17,يَهْدِي بِهِ اللَّهُ مَنِ اتَّبَعَ رِضْوَانَهُ سُبُلَ السَّلَامِ وَيُخْرِجُهُمْ مِنَ الظُّلُمَاتِ إِلَى النُّورِ بِإِذْنِهِ وَيَهْدِيهِمْ إِلَىٰ صِرَاطٍ مُسْتَقِيمٍ , ثلاثة أرباع الحزب (11),الجزء السادس
18,لَقَدْ كَفَرَ الَّذِينَ قَالُوا إِنَّ اللَّهَ هُوَ الْمَسِيحُ ابْنُ مَرْيَمَ ۚ قُلْ فَمَنْ يَمْلِكُ مِنَ اللَّهِ شَيْئًا إِنْ أَرَادَ أَنْ يُهْلِكَ الْمَسِيحَ ابْنَ مَرْيَمَ وَأُمَّهُ وَمَنْ فِي الْأَرْضِ جَمِيعًا ۗ وَلِلَّهِ مُلْكُ السَّمَاوَاتِ وَالْأَرْضِ وَمَا بَيْنَهُمَا ۚ يَخْلُقُ مَا يَشَاءُ ۚ وَاللَّهُ عَلَىٰ كُلِّ شَيْءٍ قَدِيرٌ , ثلاثة أرباع الحزب (11),الجزء السادس
19,وَقَالَتِ الْيَهُودُ وَالنَّصَارَىٰ نَحْنُ أَبْنَاءُ اللَّهِ وَأَحِبَّاؤُهُ ۚ قُلْ فَلِمَ يُعَذِّبُكُمْ بِذُنُوبِكُمْ ۖ بَلْ أَنْتُمْ بَشَرٌ مِمَّنْ خَلَقَ ۚ يَغْفِرُ لِمَنْ يَشَاءُ وَيُعَذِّبُ مَنْ يَشَاءُ ۚ وَلِلَّهِ مُلْكُ السَّمَاوَاتِ وَالْأَرْضِ وَمَا بَيْنَهُمَا ۖ وَإِلَيْهِ الْمَصِيرُ , ثلاثة أرباع الحزب (11),الجزء السادس
20,يَا أَهْلَ الْكِتَابِ قَدْ جَاءَكُمْ رَسُولُنَا يُبَيِّنُ لَكُمْ عَلَىٰ فَتْرَةٍ مِنَ الرُّسُلِ أَنْ تَقُولُوا مَا جَاءَنَا مِنْ بَشِيرٍ وَلَا نَذِيرٍ ۖ فَقَدْ جَاءَكُمْ بَشِيرٌ وَنَذِيرٌ ۗ وَاللَّهُ عَلَىٰ كُلِّ شَيْءٍ قَدِيرٌ , ثلاثة أرباع الحزب (11),الجزء السادس
21,وَإِذْ قَالَ مُوسَىٰ لِقَوْمِهِ يَا قَوْمِ اذْكُرُوا نِعْمَةَ اللَّهِ عَلَيْكُمْ إِذْ جَعَلَ فِيكُمْ أَنْبِيَاءَ وَجَعَلَكُمْ مُلُوكًا وَآتَاكُمْ مَا لَمْ يُؤْتِ أَحَدًا مِنَ الْعَالَمِينَ , ثلاثة أرباع الحزب (11),الجزء السادس
22,يَا قَوْمِ ادْخُلُوا الْأَرْضَ الْمُقَدَّسَةَ الَّتِي كَتَبَ اللَّهُ لَكُمْ وَلَا تَرْتَدُّوا عَلَىٰ أَدْبَارِكُمْ فَتَنْقَلِبُوا خَاسِرِينَ , ثلاثة أرباع الحزب (11),الجزء السادس
23,قَالُوا يَا مُوسَىٰ إِنَّ فِيهَا قَوْمًا جَبَّارِينَ وَإِنَّا لَنْ نَدْخُلَهَا حَتَّىٰ يَخْرُجُوا مِنْهَا فَإِنْ يَخْرُجُوا مِنْهَا فَإِنَّا دَاخِلُونَ, ثلاثة أرباع الحزب (11),الجزء السادس
24,قَالَ رَجُلَانِ مِنَ الَّذِينَ يَخَافُونَ أَنْعَمَ اللَّهُ عَلَيْهِمَا ادْخُلُوا عَلَيْهِمُ الْبَابَ فَإِذَا دَخَلْتُمُوهُ فَإِنَّكُمْ غَالِبُونَ ۚ وَعَلَى اللَّهِ فَتَوَكَّلُوا إِنْ كُنْتُمْ مُؤْمِنِينَ, ثلاثة أرباع الحزب (11),الجزء السادس
25,قَالُوا يَا مُوسَىٰ إِنَّا لَنْ نَدْخُلَهَا أَبَدًا مَا دَامُوا فِيهَا ۖ فَاذْهَبْ أَنْتَ وَرَبُّكَ فَقَاتِلَا إِنَّا هَاهُنَا قَاعِدُونَ , ثلاثة أرباع الحزب (11),الجزء السادس
26,قَالَ رَبِّ إِنِّي لَا أَمْلِكُ إِلَّا نَفْسِي وَأَخِي ۖ فَافْرُقْ بَيْنَنَا وَبَيْنَ الْقَوْمِ الْفَاسِقِينَ, ثلاثة أرباع الحزب (11),الجزء السادس
27,قَالَ فَإِنَّهَا مُحَرَّمَةٌ عَلَيْهِمْ ۛ أَرْبَعِينَ سَنَةً ۛ يَتِيهُونَ فِي الْأَرْضِ ۚ فَلَا تَأْسَ عَلَى الْقَوْمِ الْفَاسِقِينَ, ثلاثة أرباع الحزب (11),الجزء السادس
28,۞ وَاتْلُ عَلَيْهِمْ نَبَأَ ابْنَيْ آدَمَ بِالْحَقِّ إِذْ قَرَّبَا قُرْبَانًا فَتُقُبِّلَ مِنْ أَحَدِهِمَا وَلَمْ يُتَقَبَّلْ مِنَ الْآخَرِ قَالَ لَأَقْتُلَنَّكَ ۖ قَالَ إِنَّمَا يَتَقَبَّلُ اللَّهُ مِنَ الْمُتَّقِينَ , الحزب (12),الجزء السادس
29,لَئِنْ بَسَطْتَ إِلَيَّ يَدَكَ لِتَقْتُلَنِي مَا أَنَا بِبَاسِطٍ يَدِيَ إِلَيْكَ لِأَقْتُلَكَ ۖ إِنِّي أَخَافُ اللَّهَ رَبَّ الْعَالَمِينَ, الحزب (12),الجزء السادس
30,إِنِّي أُرِيدُ أَنْ تَبُوءَ بِإِثْمِي وَإِثْمِكَ فَتَكُونَ مِنْ أَصْحَابِ النَّارِ ۚ وَذَٰلِكَ جَزَاءُ الظَّالِمِينَ, الحزب (12),الجزء السادس
31,فَطَوَّعَتْ لَهُ نَفْسُهُ قَتْلَ أَخِيهِ فَقَتَلَهُ فَأَصْبَحَ مِنَ الْخَاسِرِينَ , الحزب (12),الجزء السادس
32,فَبَعَثَ اللَّهُ غُرَابًا يَبْحَثُ فِي الْأَرْضِ لِيُرِيَهُ كَيْفَ يُوَارِي سَوْءَةَ أَخِيهِ ۚ قَالَ يَا وَيْلَتَا أَعَجَزْتُ أَنْ أَكُونَ مِثْلَ هَٰذَا الْغُرَابِ فَأُوَارِيَ سَوْءَةَ أَخِي ۖ فَأَصْبَحَ مِنَ النَّادِمِينَ , الحزب (12),الجزء السادس
33,مِنْ أَجْلِ ذَٰلِكَ كَتَبْنَا عَلَىٰ بَنِي إِسْرَائِيلَ أَنَّهُ مَنْ قَتَلَ نَفْسًا بِغَيْرِ نَفْسٍ أَوْ فَسَادٍ فِي الْأَرْضِ فَكَأَنَّمَا قَتَلَ النَّاسَ جَمِيعًا وَمَنْ أَحْيَاهَا فَكَأَنَّمَا أَحْيَا النَّاسَ جَمِيعًا ۚ وَلَقَدْ جَاءَتْهُمْ رُسُلُنَا بِالْبَيِّنَاتِ ثُمَّ إِنَّ كَثِيرًا مِنْهُمْ بَعْدَ ذَٰلِكَ فِي الْأَرْضِ لَمُسْرِفُونَ , الحزب (12),الجزء السادس
34,إِنَّمَا جَزَاءُ الَّذِينَ يُحَارِبُونَ اللَّهَ وَرَسُولَهُ وَيَسْعَوْنَ فِي الْأَرْضِ فَسَادًا أَنْ يُقَتَّلُوا أَوْ يُصَلَّبُوا أَوْ تُقَطَّعَ أَيْدِيهِمْ وَأَرْجُلُهُمْ مِنْ خِلَافٍ أَوْ يُنْفَوْا مِنَ الْأَرْضِ ۚ ذَٰلِكَ لَهُمْ خِزْيٌ فِي الدُّنْيَا ۖ وَلَهُمْ فِي الْآخِرَةِ عَذَابٌ عَظِيمٌ , الحزب (12),الجزء السادس
35,إِلَّا الَّذِينَ تَابُوا مِنْ قَبْلِ أَنْ تَقْدِرُوا عَلَيْهِمْ ۖ فَاعْلَمُوا أَنَّ اللَّهَ غَفُورٌ رَحِيمٌ, الحزب (12),الجزء السادس
36,يَا أَيُّهَا الَّذِينَ آمَنُوا اتَّقُوا اللَّهَ وَابْتَغُوا إِلَيْهِ الْوَسِيلَةَ وَجَاهِدُوا فِي سَبِيلِهِ لَعَلَّكُمْ تُفْلِحُونَ , الحزب (12),الجزء السادس
37,إِنَّ الَّذِينَ كَفَرُوا لَوْ أَنَّ لَهُمْ مَا فِي الْأَرْضِ جَمِيعًا وَمِثْلَهُ مَعَهُ لِيَفْتَدُوا بِهِ مِنْ عَذَابِ يَوْمِ الْقِيَامَةِ مَا تُقُبِّلَ مِنْهُمْ ۖ وَلَهُمْ عَذَابٌ أَلِيمٌ, الحزب (12),الجزء السادس
38,يُرِيدُونَ أَنْ يَخْرُجُوا مِنَ النَّارِ وَمَا هُمْ بِخَارِجِينَ مِنْهَا ۖ وَلَهُمْ عَذَابٌ مُقِيمٌ , الحزب (12),الجزء السادس
39,وَالسَّارِقُ وَالسَّارِقَةُ فَاقْطَعُوا أَيْدِيَهُمَا جَزَاءً بِمَا كَسَبَا نَكَالًا مِنَ اللَّهِ ۗ وَاللَّهُ عَزِيزٌ حَكِيمٌ , الحزب (12),الجزء السادس
40,فَمَنْ تَابَ مِنْ بَعْدِ ظُلْمِهِ وَأَصْلَحَ فَإِنَّ اللَّهَ يَتُوبُ عَلَيْهِ ۗ إِنَّ اللَّهَ غَفُورٌ رَحِيمٌ, الحزب (12),الجزء السادس
41,أَلَمْ تَعْلَمْ أَنَّ اللَّهَ لَهُ مُلْكُ السَّمَاوَاتِ وَالْأَرْضِ يُعَذِّبُ مَنْ يَشَاءُ وَيَغْفِرُ لِمَنْ يَشَاءُ ۗ وَاللَّهُ عَلَىٰ كُلِّ شَيْءٍ قَدِيرٌ , الحزب (12),الجزء السادس
42,۞ يَا أَيُّهَا الرَّسُولُ لَا يَحْزُنْكَ الَّذِينَ يُسَارِعُونَ فِي الْكُفْرِ مِنَ الَّذِينَ قَالُوا آمَنَّا بِأَفْوَاهِهِمْ وَلَمْ تُؤْمِنْ قُلُوبُهُمْ ۛ وَمِنَ الَّذِينَ هَادُوا ۛ سَمَّاعُونَ لِلْكَذِبِ سَمَّاعُونَ لِقَوْمٍ آخَرِينَ لَمْ يَأْتُوكَ ۖ يُحَرِّفُونَ الْكَلِمَ مِنْ بَعْدِ مَوَاضِعِهِ ۖ يَقُولُونَ إِنْ أُوتِيتُمْ هَٰذَا فَخُذُوهُ وَإِنْ لَمْ تُؤْتَوْهُ فَاحْذَرُوا ۚ وَمَنْ يُرِدِ اللَّهُ فِتْنَتَهُ فَلَنْ تَمْلِكَ لَهُ مِنَ اللَّهِ شَيْئًا ۚ أُولَٰئِكَ الَّذِينَ لَمْ يُرِدِ اللَّهُ أَنْ يُطَهِّرَ قُلُوبَهُمْ ۚ لَهُمْ فِي الدُّنْيَا خِزْيٌ ۖ وَلَهُمْ فِي الْآخِرَةِ عَذَابٌ عَظِيمٌ , ربع الحزب (12),الجزء السادس
43,سَمَّاعُونَ لِلْكَذِبِ أَكَّالُونَ لِلسُّحْتِ ۚ فَإِنْ جَاءُوكَ فَاحْكُمْ بَيْنَهُمْ أَوْ أَعْرِضْ عَنْهُمْ ۖ وَإِنْ تُعْرِضْ عَنْهُمْ فَلَنْ يَضُرُّوكَ شَيْئًا ۖ وَإِنْ حَكَمْتَ فَاحْكُمْ بَيْنَهُمْ بِالْقِسْطِ ۚ إِنَّ اللَّهَ يُحِبُّ الْمُقْسِطِينَ , ربع الحزب (12),الجزء السادس
44,وَكَيْفَ يُحَكِّمُونَكَ وَعِنْدَهُمُ التَّوْرَاةُ فِيهَا حُكْمُ اللَّهِ ثُمَّ يَتَوَلَّوْنَ مِنْ بَعْدِ ذَٰلِكَ ۚ وَمَا أُولَٰئِكَ بِالْمُؤْمِنِينَ , ربع الحزب (12),الجزء السادس
45,إِنَّا أَنْزَلْنَا التَّوْرَاةَ فِيهَا هُدًى وَنُورٌ ۚ يَحْكُمُ بِهَا النَّبِيُّونَ الَّذِينَ أَسْلَمُوا لِلَّذِينَ هَادُوا وَالرَّبَّانِيُّونَ وَالْأَحْبَارُ بِمَا اسْتُحْفِظُوا مِنْ كِتَابِ اللَّهِ وَكَانُوا عَلَيْهِ شُهَدَاءَ ۚ فَلَا تَخْشَوُا النَّاسَ وَاخْشَوْنِ وَلَا تَشْتَرُوا بِآيَاتِي ثَمَنًا قَلِيلًا ۚ وَمَنْ لَمْ يَحْكُمْ بِمَا أَنْزَلَ اللَّهُ فَأُولَٰئِكَ هُمُ الْكَافِرُونَ , ربع الحزب (12),الجزء السادس
46,وَكَتَبْنَا عَلَيْهِمْ فِيهَا أَنَّ النَّفْسَ بِالنَّفْسِ وَالْعَيْنَ بِالْعَيْنِ وَالْأَنْفَ بِالْأَنْفِ وَالْأُذُنَ بِالْأُذُنِ وَالسِّنَّ بِالسِّنِّ وَالْجُرُوحَ قِصَاصٌ ۚ فَمَنْ تَصَدَّقَ بِهِ فَهُوَ كَفَّارَةٌ لَهُ ۚ وَمَنْ لَمْ يَحْكُمْ بِمَا أَنْزَلَ اللَّهُ فَأُولَٰئِكَ هُمُ الظَّالِمُونَ , ربع الحزب (12),الجزء السادس
47,وَقَفَّيْنَا عَلَىٰ آثَارِهِمْ بِعِيسَى ابْنِ مَرْيَمَ مُصَدِّقًا لِمَا بَيْنَ يَدَيْهِ مِنَ التَّوْرَاةِ ۖ وَآتَيْنَاهُ الْإِنْجِيلَ فِيهِ هُدًى وَنُورٌ وَمُصَدِّقًا لِمَا بَيْنَ يَدَيْهِ مِنَ التَّوْرَاةِ وَهُدًى وَمَوْعِظَةً لِلْمُتَّقِينَ, ربع الحزب (12),الجزء السادس
48,وَلْيَحْكُمْ أَهْلُ الْإِنْجِيلِ بِمَا أَنْزَلَ اللَّهُ فِيهِ ۚ وَمَنْ لَمْ يَحْكُمْ بِمَا أَنْزَلَ اللَّهُ فَأُولَٰئِكَ هُمُ الْفَاسِقُونَ , ربع الحزب (12),الجزء السادس
49,وَأَنْزَلْنَا إِلَيْكَ الْكِتَابَ بِالْحَقِّ مُصَدِّقًا لِمَا بَيْنَ يَدَيْهِ مِنَ الْكِتَابِ وَمُهَيْمِنًا عَلَيْهِ ۖ فَاحْكُمْ بَيْنَهُمْ بِمَا أَنْزَلَ اللَّهُ ۖ وَلَا تَتَّبِعْ أَهْوَاءَهُمْ عَمَّا جَاءَكَ مِنَ الْحَقِّ ۚ لِكُلٍّ جَعَلْنَا مِنْكُمْ شِرْعَةً وَمِنْهَاجًا ۚ وَلَوْ شَاءَ اللَّهُ لَجَعَلَكُمْ أُمَّةً وَاحِدَةً وَلَٰكِنْ لِيَبْلُوَكُمْ فِي مَا آتَاكُمْ ۖ فَاسْتَبِقُوا الْخَيْرَاتِ ۚ إِلَى اللَّهِ مَرْجِعُكُمْ جَمِيعًا فَيُنَبِّئُكُمْ بِمَا كُنْتُمْ فِيهِ تَخْتَلِفُونَ, ربع الحزب (12),الجزء السادس
50,وَأَنِ احْكُمْ بَيْنَهُمْ بِمَا أَنْزَلَ اللَّهُ وَلَا تَتَّبِعْ أَهْوَاءَهُمْ وَاحْذَرْهُمْ أَنْ يَفْتِنُوكَ عَنْ بَعْضِ مَا أَنْزَلَ اللَّهُ إِلَيْكَ ۖ فَإِنْ تَوَلَّوْا فَاعْلَمْ أَنَّمَا يُرِيدُ اللَّهُ أَنْ يُصِيبَهُمْ بِبَعْضِ ذُنُوبِهِمْ ۗ وَإِنَّ كَثِيرًا مِنَ النَّاسِ لَفَاسِقُونَ , ربع الحزب (12),الجزء السادس
51,أَفَحُكْمَ الْجَاهِلِيَّةِ يَبْغُونَ ۚ وَمَنْ أَحْسَنُ مِنَ اللَّهِ حُكْمًا لِقَوْمٍ يُوقِنُونَ, ربع الحزب (12),الجزء السادس
52,يَا أَيُّهَا الَّذِينَ آمَنُوا لَا تَتَّخِذُوا الْيَهُودَ وَالنَّصَارَىٰ أَوْلِيَاءَ ۘ بَعْضُهُمْ أَوْلِيَاءُ بَعْضٍ ۚ وَمَنْ يَتَوَلَّهُمْ مِنْكُمْ فَإِنَّهُ مِنْهُمْ ۗ إِنَّ اللَّهَ لَا يَهْدِي الْقَوْمَ الظَّالِمِينَ, نصف الحزب (12),الجزء السادس
53,فَتَرَى الَّذِينَ فِي قُلُوبِهِمْ مَرَضٌ يُسَارِعُونَ فِيهِمْ يَقُولُونَ نَخْشَىٰ أَنْ تُصِيبَنَا دَائِرَةٌ ۚ فَعَسَى اللَّهُ أَنْ يَأْتِيَ بِالْفَتْحِ أَوْ أَمْرٍ مِنْ عِنْدِهِ فَيُصْبِحُوا عَلَىٰ مَا أَسَرُّوا فِي أَنْفُسِهِمْ نَادِمِينَ, نصف الحزب (12),الجزء السادس
54,وَيَقُولُ الَّذِينَ آمَنُوا أَهَٰؤُلَاءِ الَّذِينَ أَقْسَمُوا بِاللَّهِ جَهْدَ أَيْمَانِهِمْ ۙ إِنَّهُمْ لَمَعَكُمْ ۚ حَبِطَتْ أَعْمَالُهُمْ فَأَصْبَحُوا خَاسِرِينَ , نصف الحزب (12),الجزء السادس
55,يَا أَيُّهَا الَّذِينَ آمَنُوا مَنْ يَرْتَدَّ مِنْكُمْ عَنْ دِينِهِ فَسَوْفَ يَأْتِي اللَّهُ بِقَوْمٍ يُحِبُّهُمْ وَيُحِبُّونَهُ أَذِلَّةٍ عَلَى الْمُؤْمِنِينَ أَعِزَّةٍ عَلَى الْكَافِرِينَ يُجَاهِدُونَ فِي سَبِيلِ اللَّهِ وَلَا يَخَافُونَ لَوْمَةَ لَائِمٍ ۚ ذَٰلِكَ فَضْلُ اللَّهِ يُؤْتِيهِ مَنْ يَشَاءُ ۚ وَاللَّهُ وَاسِعٌ عَلِيمٌ , نصف الحزب (12),الجزء السادس
56,إِنَّمَا وَلِيُّكُمُ اللَّهُ وَرَسُولُهُ وَالَّذِينَ آمَنُوا الَّذِينَ يُقِيمُونَ الصَّلَاةَ وَيُؤْتُونَ الزَّكَاةَ وَهُمْ رَاكِعُونَ , نصف الحزب (12),الجزء السادس
57,وَمَنْ يَتَوَلَّ اللَّهَ وَرَسُولَهُ وَالَّذِينَ آمَنُوا فَإِنَّ حِزْبَ اللَّهِ هُمُ الْغَالِبُونَ , نصف الحزب (12),الجزء السادس
58,۞ يَا أَيُّهَا الَّذِينَ آمَنُوا لَا تَتَّخِذُوا الَّذِينَ اتَّخَذُوا دِينَكُمْ هُزُوًا وَلَعِبًا مِنَ الَّذِينَ أُوتُوا الْكِتَابَ مِنْ قَبْلِكُمْ وَالْكُفَّارَ أَوْلِيَاءَ ۚ وَاتَّقُوا اللَّهَ إِنْ كُنْتُمْ مُؤْمِنِينَ , نصف الحزب (12),الجزء السادس
59,وَإِذَا نَادَيْتُمْ إِلَى الصَّلَاةِ اتَّخَذُوهَا هُزُوًا وَلَعِبًا ۚ ذَٰلِكَ بِأَنَّهُمْ قَوْمٌ لَا يَعْقِلُونَ , نصف الحزب (12),الجزء السادس
60,قُلْ يَا أَهْلَ الْكِتَابِ هَلْ تَنْقِمُونَ مِنَّا إِلَّا أَنْ آمَنَّا بِاللَّهِ وَمَا أُنْزِلَ إِلَيْنَا وَمَا أُنْزِلَ مِنْ قَبْلُ وَأَنَّ أَكْثَرَكُمْ فَاسِقُونَ , نصف الحزب (12),الجزء السادس
61,قُلْ هَلْ أُنَبِّئُكُمْ بِشَرٍّ مِنْ ذَٰلِكَ مَثُوبَةً عِنْدَ اللَّهِ ۚ مَنْ لَعَنَهُ اللَّهُ وَغَضِبَ عَلَيْهِ وَجَعَلَ مِنْهُمُ الْقِرَدَةَ وَالْخَنَازِيرَ وَعَبَدَ الطَّاغُوتَ ۚ أُولَٰئِكَ شَرٌّ مَكَانًا وَأَضَلُّ عَنْ سَوَاءِ السَّبِيلِ, نصف الحزب (12),الجزء السادس
62,وَإِذَا جَاءُوكُمْ قَالُوا آمَنَّا وَقَدْ دَخَلُوا بِالْكُفْرِ وَهُمْ قَدْ خَرَجُوا بِهِ ۚ وَاللَّهُ أَعْلَمُ بِمَا كَانُوا يَكْتُمُونَ, نصف الحزب (12),الجزء السادس
63,وَتَرَىٰ كَثِيرًا مِنْهُمْ يُسَارِعُونَ فِي الْإِثْمِ وَالْعُدْوَانِ وَأَكْلِهِمُ السُّحْتَ ۚ لَبِئْسَ مَا كَانُوا يَعْمَلُونَ , نصف الحزب (12),الجزء السادس
64,لَوْلَا يَنْهَاهُمُ الرَّبَّانِيُّونَ وَالْأَحْبَارُ عَنْ قَوْلِهِمُ الْإِثْمَ وَأَكْلِهِمُ السُّحْتَ ۚ لَبِئْسَ مَا كَانُوا يَصْنَعُونَ, نصف الحزب (12),الجزء السادس
65,وَقَالَتِ الْيَهُودُ يَدُ اللَّهِ مَغْلُولَةٌ ۚ غُلَّتْ أَيْدِيهِمْ وَلُعِنُوا بِمَا قَالُوا ۘ بَلْ يَدَاهُ مَبْسُوطَتَانِ يُنْفِقُ كَيْفَ يَشَاءُ ۚ وَلَيَزِيدَنَّ كَثِيرًا مِنْهُمْ مَا أُنْزِلَ إِلَيْكَ مِنْ رَبِّكَ طُغْيَانًا وَكُفْرًا ۚ وَأَلْقَيْنَا بَيْنَهُمُ الْعَدَاوَةَ وَالْبَغْضَاءَ إِلَىٰ يَوْمِ الْقِيَامَةِ ۚ كُلَّمَا أَوْقَدُوا نَارًا لِلْحَرْبِ أَطْفَأَهَا اللَّهُ ۚ وَيَسْعَوْنَ فِي الْأَرْضِ فَسَادًا ۚ وَاللَّهُ لَا يُحِبُّ الْمُفْسِدِينَ , نصف الحزب (12),الجزء السادس
66,وَلَوْ أَنَّ أَهْلَ الْكِتَابِ آمَنُوا وَاتَّقَوْا لَكَفَّرْنَا عَنْهُمْ سَيِّئَاتِهِمْ وَلَأَدْخَلْنَاهُمْ جَنَّاتِ النَّعِيمِ , نصف الحزب (12),الجزء السادس
67,وَلَوْ أَنَّهُمْ أَقَامُوا التَّوْرَاةَ وَالْإِنْجِيلَ وَمَا أُنْزِلَ إِلَيْهِمْ مِنْ رَبِّهِمْ لَأَكَلُوا مِنْ فَوْقِهِمْ وَمِنْ تَحْتِ أَرْجُلِهِمْ ۚ مِنْهُمْ أُمَّةٌ مُقْتَصِدَةٌ ۖ وَكَثِيرٌ مِنْهُمْ سَاءَ مَا يَعْمَلُونَ , نصف الحزب (12),الجزء السادس
68,۞ يَا أَيُّهَا الرَّسُولُ بَلِّغْ مَا أُنْزِلَ إِلَيْكَ مِنْ رَبِّكَ ۖ وَإِنْ لَمْ تَفْعَلْ فَمَا بَلَّغْتَ رِسَالَتَهُ ۚ وَاللَّهُ يَعْصِمُكَ مِنَ النَّاسِ ۗ إِنَّ اللَّهَ لَا يَهْدِي الْقَوْمَ الْكَافِرِينَ, ثلاثة أرباع الحزب (12),الجزء السادس
69,قُلْ يَا أَهْلَ الْكِتَابِ لَسْتُمْ عَلَىٰ شَيْءٍ حَتَّىٰ تُقِيمُوا التَّوْرَاةَ وَالْإِنْجِيلَ وَمَا أُنْزِلَ إِلَيْكُمْ مِنْ رَبِّكُمْ ۗ وَلَيَزِيدَنَّ كَثِيرًا مِنْهُمْ مَا أُنْزِلَ إِلَيْكَ مِنْ رَبِّكَ طُغْيَانًا وَكُفْرًا ۖ فَلَا تَأْسَ عَلَى الْقَوْمِ الْكَافِرِينَ , ثلاثة أرباع الحزب (12),الجزء السادس
70,إِنَّ الَّذِينَ آمَنُوا وَالَّذِينَ هَادُوا وَالصَّابِئُونَ وَالنَّصَارَىٰ مَنْ آمَنَ بِاللَّهِ وَالْيَوْمِ الْآخِرِ وَعَمِلَ صَالِحًا فَلَا خَوْفٌ عَلَيْهِمْ وَلَا هُمْ يَحْزَنُونَ , ثلاثة أرباع الحزب (12),الجزء السادس
71,لَقَدْ أَخَذْنَا مِيثَاقَ بَنِي إِسْرَائِيلَ وَأَرْسَلْنَا إِلَيْهِمْ رُسُلًا ۖ كُلَّمَا جَاءَهُمْ رَسُولٌ بِمَا لَا تَهْوَىٰ أَنْفُسُهُمْ فَرِيقًا كَذَّبُوا وَفَرِيقًا يَقْتُلُونَ , ثلاثة أرباع الحزب (12),الجزء السادس
72,وَحَسِبُوا أَلَّا تَكُونَ فِتْنَةٌ فَعَمُوا وَصَمُّوا ثُمَّ تَابَ اللَّهُ عَلَيْهِمْ ثُمَّ عَمُوا وَصَمُّوا كَثِيرٌ مِنْهُمْ ۚ وَاللَّهُ بَصِيرٌ بِمَا يَعْمَلُونَ , ثلاثة أرباع الحزب (12),الجزء السادس
73,لَقَدْ كَفَرَ الَّذِينَ قَالُوا إِنَّ اللَّهَ هُوَ الْمَسِيحُ ابْنُ مَرْيَمَ ۖ وَقَالَ الْمَسِيحُ يَا بَنِي إِسْرَائِيلَ اعْبُدُوا اللَّهَ رَبِّي وَرَبَّكُمْ ۖ إِنَّهُ مَنْ يُشْرِكْ بِاللَّهِ فَقَدْ حَرَّمَ اللَّهُ عَلَيْهِ الْجَنَّةَ وَمَأْوَاهُ النَّارُ ۖ وَمَا لِلظَّالِمِينَ مِنْ أَنْصَارٍ , ثلاثة أرباع الحزب (12),الجزء السادس
74,لَقَدْ كَفَرَ الَّذِينَ قَالُوا إِنَّ اللَّهَ ثَالِثُ ثَلَاثَةٍ ۘ وَمَا مِنْ إِلَٰهٍ إِلَّا إِلَٰهٌ وَاحِدٌ ۚ وَإِنْ لَمْ يَنْتَهُوا عَمَّا يَقُولُونَ لَيَمَسَّنَّ الَّذِينَ كَفَرُوا مِنْهُمْ عَذَابٌ أَلِيمٌ, ثلاثة أرباع الحزب (12),الجزء السادس
75,أَفَلَا يَتُوبُونَ إِلَى اللَّهِ وَيَسْتَغْفِرُونَهُ ۚ وَاللَّهُ غَفُورٌ رَحِيمٌ, ثلاثة أرباع الحزب (12),الجزء السادس
76,مَا الْمَسِيحُ ابْنُ مَرْيَمَ إِلَّا رَسُولٌ قَدْ خَلَتْ مِنْ قَبْلِهِ الرُّسُلُ وَأُمُّهُ صِدِّيقَةٌ ۖ كَانَا يَأْكُلَانِ الطَّعَامَ ۗ انْظُرْ كَيْفَ نُبَيِّنُ لَهُمُ الْآيَاتِ ثُمَّ انْظُرْ أَنَّىٰ يُؤْفَكُونَ , ثلاثة أرباع الحزب (12),الجزء السادس
77,قُلْ أَتَعْبُدُونَ مِنْ دُونِ اللَّهِ مَا لَا يَمْلِكُ لَكُمْ ضَرًّا وَلَا نَفْعًا ۚ وَاللَّهُ هُوَ السَّمِيعُ الْعَلِيمُ , ثلاثة أرباع الحزب (12),الجزء السادس
78,قُلْ يَا أَهْلَ الْكِتَابِ لَا تَغْلُوا فِي دِينِكُمْ غَيْرَ الْحَقِّ وَلَا تَتَّبِعُوا أَهْوَاءَ قَوْمٍ قَدْ ضَلُّوا مِنْ قَبْلُ وَأَضَلُّوا كَثِيرًا وَضَلُّوا عَنْ سَوَاءِ السَّبِيلِ , ثلاثة أرباع الحزب (12),الجزء السادس
79,لُعِنَ الَّذِينَ كَفَرُوا مِنْ بَنِي إِسْرَائِيلَ عَلَىٰ لِسَانِ دَاوُودَ وَعِيسَى ابْنِ مَرْيَمَ ۚ ذَٰلِكَ بِمَا عَصَوْا وَكَانُوا يَعْتَدُونَ, ثلاثة أرباع الحزب (12),الجزء السادس
80,كَانُوا لَا يَتَنَاهَوْنَ عَنْ مُنْكَرٍ فَعَلُوهُ ۚ لَبِئْسَ مَا كَانُوا يَفْعَلُونَ, ثلاثة أرباع الحزب (12),الجزء السادس
81,تَرَىٰ كَثِيرًا مِنْهُمْ يَتَوَلَّوْنَ الَّذِينَ كَفَرُوا ۚ لَبِئْسَ مَا قَدَّمَتْ لَهُمْ أَنْفُسُهُمْ أَنْ سَخِطَ اللَّهُ عَلَيْهِمْ وَفِي الْعَذَابِ هُمْ خَالِدُونَ , ثلاثة أرباع الحزب (12),الجزء السادس
82,وَلَوْ كَانُوا يُؤْمِنُونَ بِاللَّهِ وَالنَّبِيِّ وَمَا أُنْزِلَ إِلَيْهِ مَا اتَّخَذُوهُمْ أَوْلِيَاءَ وَلَٰكِنَّ كَثِيرًا مِنْهُمْ فَاسِقُونَ , ثلاثة أرباع الحزب (12),الجزء السادس
83,۞ لَتَجِدَنَّ أَشَدَّ النَّاسِ عَدَاوَةً لِلَّذِينَ آمَنُوا الْيَهُودَ وَالَّذِينَ أَشْرَكُوا ۖ وَلَتَجِدَنَّ أَقْرَبَهُمْ مَوَدَّةً لِلَّذِينَ آمَنُوا الَّذِينَ قَالُوا إِنَّا نَصَارَىٰ ۚ ذَٰلِكَ بِأَنَّ مِنْهُمْ قِسِّيسِينَ وَرُهْبَانًا وَأَنَّهُمْ لَا يَسْتَكْبِرُونَ, الحزب (13),الجزء السابع
84,وَإِذَا سَمِعُوا مَا أُنْزِلَ إِلَى الرَّسُولِ تَرَىٰ أَعْيُنَهُمْ تَفِيضُ مِنَ الدَّمْعِ مِمَّا عَرَفُوا مِنَ الْحَقِّ ۖ يَقُولُونَ رَبَّنَا آمَنَّا فَاكْتُبْنَا مَعَ الشَّاهِدِينَ, الحزب (13),الجزء السابع
85,وَمَا لَنَا لَا نُؤْمِنُ بِاللَّهِ وَمَا جَاءَنَا مِنَ الْحَقِّ وَنَطْمَعُ أَنْ يُدْخِلَنَا رَبُّنَا مَعَ الْقَوْمِ الصَّالِحِينَ , الحزب (13),الجزء السابع
86,فَأَثَابَهُمُ اللَّهُ بِمَا قَالُوا جَنَّاتٍ تَجْرِي مِنْ تَحْتِهَا الْأَنْهَارُ خَالِدِينَ فِيهَا ۚ وَذَٰلِكَ جَزَاءُ الْمُحْسِنِينَ , الحزب (13),الجزء السابع
87,وَالَّذِينَ كَفَرُوا وَكَذَّبُوا بِآيَاتِنَا أُولَٰئِكَ أَصْحَابُ الْجَحِيمِ, الحزب (13),الجزء السابع
88,يَا أَيُّهَا الَّذِينَ آمَنُوا لَا تُحَرِّمُوا طَيِّبَاتِ مَا أَحَلَّ اللَّهُ لَكُمْ وَلَا تَعْتَدُوا ۚ إِنَّ اللَّهَ لَا يُحِبُّ الْمُعْتَدِينَ , الحزب (13),الجزء السابع
89,وَكُلُوا مِمَّا رَزَقَكُمُ اللَّهُ حَلَالًا طَيِّبًا ۚ وَاتَّقُوا اللَّهَ الَّذِي أَنْتُمْ بِهِ مُؤْمِنُونَ , الحزب (13),الجزء السابع
90,لَا يُؤَاخِذُكُمُ اللَّهُ بِاللَّغْوِ فِي أَيْمَانِكُمْ وَلَٰكِنْ يُؤَاخِذُكُمْ بِمَا عَقَّدْتُمُ الْأَيْمَانَ ۖ فَكَفَّارَتُهُ إِطْعَامُ عَشَرَةِ مَسَاكِينَ مِنْ أَوْسَطِ مَا تُطْعِمُونَ أَهْلِيكُمْ أَوْ كِسْوَتُهُمْ أَوْ تَحْرِيرُ رَقَبَةٍ ۖ فَمَنْ لَمْ يَجِدْ فَصِيَامُ ثَلَاثَةِ أَيَّامٍ ۚ ذَٰلِكَ كَفَّارَةُ أَيْمَانِكُمْ إِذَا حَلَفْتُمْ ۚ وَاحْفَظُوا أَيْمَانَكُمْ ۚ كَذَٰلِكَ يُبَيِّنُ اللَّهُ لَكُمْ آيَاتِهِ لَعَلَّكُمْ تَشْكُرُونَ , الحزب (13),الجزء السابع
91,يَا أَيُّهَا الَّذِينَ آمَنُوا إِنَّمَا الْخَمْرُ وَالْمَيْسِرُ وَالْأَنْصَابُ وَالْأَزْلَامُ رِجْسٌ مِنْ عَمَلِ الشَّيْطَانِ فَاجْتَنِبُوهُ لَعَلَّكُمْ تُفْلِحُونَ , الحزب (13),الجزء السابع
92,إِنَّمَا يُرِيدُ الشَّيْطَانُ أَنْ يُوقِعَ بَيْنَكُمُ الْعَدَاوَةَ وَالْبَغْضَاءَ فِي الْخَمْرِ وَالْمَيْسِرِ وَيَصُدَّكُمْ عَنْ ذِكْرِ اللَّهِ وَعَنِ الصَّلَاةِ ۖ فَهَلْ أَنْتُمْ مُنْتَهُونَ , الحزب (13),الجزء السابع
93,وَأَطِيعُوا اللَّهَ وَأَطِيعُوا الرَّسُولَ وَاحْذَرُوا ۚ فَإِنْ تَوَلَّيْتُمْ فَاعْلَمُوا أَنَّمَا عَلَىٰ رَسُولِنَا الْبَلَاغُ الْمُبِينُ , الحزب (13),الجزء السابع
94,لَيْسَ عَلَى الَّذِينَ آمَنُوا وَعَمِلُوا الصَّالِحَاتِ جُنَاحٌ فِيمَا طَعِمُوا إِذَا مَا اتَّقَوْا وَآمَنُوا وَعَمِلُوا الصَّالِحَاتِ ثُمَّ اتَّقَوْا وَآمَنُوا ثُمَّ اتَّقَوْا وَأَحْسَنُوا ۗ وَاللَّهُ يُحِبُّ الْمُحْسِنِينَ, الحزب (13),الجزء السابع
95,يَا أَيُّهَا الَّذِينَ آمَنُوا لَيَبْلُوَنَّكُمُ اللَّهُ بِشَيْءٍ مِنَ الصَّيْدِ تَنَالُهُ أَيْدِيكُمْ وَرِمَاحُكُمْ لِيَعْلَمَ اللَّهُ مَنْ يَخَافُهُ بِالْغَيْبِ ۚ فَمَنِ اعْتَدَىٰ بَعْدَ ذَٰلِكَ فَلَهُ عَذَابٌ أَلِيمٌ , الحزب (13),الجزء السابع
96,يَا أَيُّهَا الَّذِينَ آمَنُوا لَا تَقْتُلُوا الصَّيْدَ وَأَنْتُمْ حُرُمٌ ۚ وَمَنْ قَتَلَهُ مِنْكُمْ مُتَعَمِّدًا فَجَزَاءٌ مِثْلُ مَا قَتَلَ مِنَ النَّعَمِ يَحْكُمُ بِهِ ذَوَا عَدْلٍ مِنْكُمْ هَدْيًا بَالِغَ الْكَعْبَةِ أَوْ كَفَّارَةٌ طَعَامُ مَسَاكِينَ أَوْ عَدْلُ ذَٰلِكَ صِيَامًا لِيَذُوقَ وَبَالَ أَمْرِهِ ۗ عَفَا اللَّهُ عَمَّا سَلَفَ ۚ وَمَنْ عَادَ فَيَنْتَقِمُ اللَّهُ مِنْهُ ۗ وَاللَّهُ عَزِيزٌ ذُو انْتِقَامٍ, الحزب (13),الجزء السابع
97,أُحِلَّ لَكُمْ صَيْدُ الْبَحْرِ وَطَعَامُهُ مَتَاعًا لَكُمْ وَلِلسَّيَّارَةِ ۖ وَحُرِّمَ عَلَيْكُمْ صَيْدُ الْبَرِّ مَا دُمْتُمْ حُرُمًا ۗ وَاتَّقُوا اللَّهَ الَّذِي إِلَيْهِ تُحْشَرُونَ, الحزب (13),الجزء السابع
98,۞ جَعَلَ اللَّهُ الْكَعْبَةَ الْبَيْتَ الْحَرَامَ قِيَامًا لِلنَّاسِ وَالشَّهْرَ الْحَرَامَ وَالْهَدْيَ وَالْقَلَائِدَ ۚ ذَٰلِكَ لِتَعْلَمُوا أَنَّ اللَّهَ يَعْلَمُ مَا فِي السَّمَاوَاتِ وَمَا فِي الْأَرْضِ وَأَنَّ اللَّهَ بِكُلِّ شَيْءٍ عَلِيمٌ , ربع الحزب (13),الجزء السابع
99,اعْلَمُوا أَنَّ اللَّهَ شَدِيدُ الْعِقَابِ وَأَنَّ اللَّهَ غَفُورٌ رَحِيمٌ , ربع الحزب (13),الجزء السابع
100,مَا عَلَى الرَّسُولِ إِلَّا الْبَلَاغُ ۗ وَاللَّهُ يَعْلَمُ مَا تُبْدُونَ وَمَا تَكْتُمُونَ, ربع الحزب (13),الجزء السابع
101,قُلْ لَا يَسْتَوِي الْخَبِيثُ وَالطَّيِّبُ وَلَوْ أَعْجَبَكَ كَثْرَةُ الْخَبِيثِ ۚ فَاتَّقُوا اللَّهَ يَا أُولِي الْأَلْبَابِ لَعَلَّكُمْ تُفْلِحُونَ, ربع الحزب (13),الجزء السابع
102,يَا أَيُّهَا الَّذِينَ آمَنُوا لَا تَسْأَلُوا عَنْ أَشْيَاءَ إِنْ تُبْدَ لَكُمْ تَسُؤْكُمْ وَإِنْ تَسْأَلُوا عَنْهَا حِينَ يُنَزَّلُ الْقُرْآنُ تُبْدَ لَكُمْ عَفَا اللَّهُ عَنْهَا ۗ وَاللَّهُ غَفُورٌ حَلِيمٌ, ربع الحزب (13),الجزء السابع
103,قَدْ سَأَلَهَا قَوْمٌ مِنْ قَبْلِكُمْ ثُمَّ أَصْبَحُوا بِهَا كَافِرِينَ , ربع الحزب (13),الجزء السابع
104,مَا جَعَلَ اللَّهُ مِنْ بَحِيرَةٍ وَلَا سَائِبَةٍ وَلَا وَصِيلَةٍ وَلَا حَامٍ ۙ وَلَٰكِنَّ الَّذِينَ كَفَرُوا يَفْتَرُونَ عَلَى اللَّهِ الْكَذِبَ ۖ وَأَكْثَرُهُمْ لَا يَعْقِلُونَ , ربع الحزب (13),الجزء السابع
105,وَإِذَا قِيلَ لَهُمْ تَعَالَوْا إِلَىٰ مَا أَنْزَلَ اللَّهُ وَإِلَى الرَّسُولِ قَالُوا حَسْبُنَا مَا وَجَدْنَا عَلَيْهِ آبَاءَنَا ۚ أَوَلَوْ كَانَ آبَاؤُهُمْ لَا يَعْلَمُونَ شَيْئًا وَلَا يَهْتَدُونَ, ربع الحزب (13),الجزء السابع
106,يَا أَيُّهَا الَّذِينَ آمَنُوا عَلَيْكُمْ أَنْفُسَكُمْ ۖ لَا يَضُرُّكُمْ مَنْ ضَلَّ إِذَا اهْتَدَيْتُمْ ۚ إِلَى اللَّهِ مَرْجِعُكُمْ جَمِيعًا فَيُنَبِّئُكُمْ بِمَا كُنْتُمْ تَعْمَلُونَ , ربع الحزب (13),الجزء السابع
107,يَا أَيُّهَا الَّذِينَ آمَنُوا شَهَادَةُ بَيْنِكُمْ إِذَا حَضَرَ أَحَدَكُمُ الْمَوْتُ حِينَ الْوَصِيَّةِ اثْنَانِ ذَوَا عَدْلٍ مِنْكُمْ أَوْ آخَرَانِ مِنْ غَيْرِكُمْ إِنْ أَنْتُمْ ضَرَبْتُمْ فِي الْأَرْضِ فَأَصَابَتْكُمْ مُصِيبَةُ الْمَوْتِ ۚ تَحْبِسُونَهُمَا مِنْ بَعْدِ الصَّلَاةِ فَيُقْسِمَانِ بِاللَّهِ إِنِ ارْتَبْتُمْ لَا نَشْتَرِي بِهِ ثَمَنًا وَلَوْ كَانَ ذَا قُرْبَىٰ ۙ وَلَا نَكْتُمُ شَهَادَةَ اللَّهِ إِنَّا إِذًا لَمِنَ الْآثِمِينَ , ربع الحزب (13),الجزء السابع
108,فَإِنْ عُثِرَ عَلَىٰ أَنَّهُمَا اسْتَحَقَّا إِثْمًا فَآخَرَانِ يَقُومَانِ مَقَامَهُمَا مِنَ الَّذِينَ اسْتَحَقَّ عَلَيْهِمُ الْأَوْلَيَانِ فَيُقْسِمَانِ بِاللَّهِ لَشَهَادَتُنَا أَحَقُّ مِنْ شَهَادَتِهِمَا وَمَا اعْتَدَيْنَا إِنَّا إِذًا لَمِنَ الظَّالِمِينَ , ربع الحزب (13),الجزء السابع
109,ذَٰلِكَ أَدْنَىٰ أَنْ يَأْتُوا بِالشَّهَادَةِ عَلَىٰ وَجْهِهَا أَوْ يَخَافُوا أَنْ تُرَدَّ أَيْمَانٌ بَعْدَ أَيْمَانِهِمْ ۗ وَاتَّقُوا اللَّهَ وَاسْمَعُوا ۗ وَاللَّهُ لَا يَهْدِي الْقَوْمَ الْفَاسِقِينَ, ربع الحزب (13),الجزء السابع
110,۞ يَوْمَ يَجْمَعُ اللَّهُ الرُّسُلَ فَيَقُولُ مَاذَا أُجِبْتُمْ ۖ قَالُوا لَا عِلْمَ لَنَا ۖ إِنَّكَ أَنْتَ عَلَّامُ الْغُيُوبِ, نصف الحزب (13),الجزء السابع
111,إِذْ قَالَ اللَّهُ يَا عِيسَى ابْنَ مَرْيَمَ اذْكُرْ نِعْمَتِي عَلَيْكَ وَعَلَىٰ وَالِدَتِكَ إِذْ أَيَّدْتُكَ بِرُوحِ الْقُدُسِ تُكَلِّمُ النَّاسَ فِي الْمَهْدِ وَكَهْلًا ۖ وَإِذْ عَلَّمْتُكَ الْكِتَابَ وَالْحِكْمَةَ وَالتَّوْرَاةَ وَالْإِنْجِيلَ ۖ وَإِذْ تَخْلُقُ مِنَ الطِّينِ كَهَيْئَةِ الطَّيْرِ بِإِذْنِي فَتَنْفُخُ فِيهَا فَتَكُونُ طَيْرًا بِإِذْنِي ۖ وَتُبْرِئُ الْأَكْمَهَ وَالْأَبْرَصَ بِإِذْنِي ۖ وَإِذْ تُخْرِجُ الْمَوْتَىٰ بِإِذْنِي ۖ وَإِذْ كَفَفْتُ بَنِي إِسْرَائِيلَ عَنْكَ إِذْ جِئْتَهُمْ بِالْبَيِّنَاتِ فَقَالَ الَّذِينَ كَفَرُوا مِنْهُمْ إِنْ هَٰذَا إِلَّا سِحْرٌ مُبِينٌ, نصف الحزب (13),الجزء السابع
112,وَإِذْ أَوْحَيْتُ إِلَى الْحَوَارِيِّينَ أَنْ آمِنُوا بِي وَبِرَسُولِي قَالُوا آمَنَّا وَاشْهَدْ بِأَنَّنَا مُسْلِمُونَ , نصف الحزب (13),الجزء السابع
113,إِذْ قَالَ الْحَوَارِيُّونَ يَا عِيسَى ابْنَ مَرْيَمَ هَلْ يَسْتَطِيعُ رَبُّكَ أَنْ يُنَزِّلَ عَلَيْنَا مَائِدَةً مِنَ السَّمَاءِ ۖ قَالَ اتَّقُوا اللَّهَ إِنْ كُنْتُمْ مُؤْمِنِينَ , نصف الحزب (13),الجزء السابع
114,قَالُوا نُرِيدُ أَنْ نَأْكُلَ مِنْهَا وَتَطْمَئِنَّ قُلُوبُنَا وَنَعْلَمَ أَنْ قَدْ صَدَقْتَنَا وَنَكُونَ عَلَيْهَا مِنَ الشَّاهِدِينَ , نصف الحزب (13),الجزء السابع
115,قَالَ عِيسَى ابْنُ مَرْيَمَ اللَّهُمَّ رَبَّنَا أَنْزِلْ عَلَيْنَا مَائِدَةً مِنَ السَّمَاءِ تَكُونُ لَنَا عِيدًا لِأَوَّلِنَا وَآخِرِنَا وَآيَةً مِنْكَ ۖ وَارْزُقْنَا وَأَنْتَ خَيْرُ الرَّازِقِينَ, نصف الحزب (13),الجزء السابع
116,قَالَ اللَّهُ إِنِّي مُنَزِّلُهَا عَلَيْكُمْ ۖ فَمَنْ يَكْفُرْ بَعْدُ مِنْكُمْ فَإِنِّي أُعَذِّبُهُ عَذَابًا لَا أُعَذِّبُهُ أَحَدًا مِنَ الْعَالَمِينَ, نصف الحزب (13),الجزء السابع
117,وَإِذْ قَالَ اللَّهُ يَا عِيسَى ابْنَ مَرْيَمَ أَأَنْتَ قُلْتَ لِلنَّاسِ اتَّخِذُونِي وَأُمِّيَ إِلَٰهَيْنِ مِنْ دُونِ اللَّهِ ۖ قَالَ سُبْحَانَكَ مَا يَكُونُ لِي أَنْ أَقُولَ مَا لَيْسَ لِي بِحَقٍّ ۚ إِنْ كُنْتُ قُلْتُهُ فَقَدْ عَلِمْتَهُ ۚ تَعْلَمُ مَا فِي نَفْسِي وَلَا أَعْلَمُ مَا فِي نَفْسِكَ ۚ إِنَّكَ أَنْتَ عَلَّامُ الْغُيُوبِ , نصف الحزب (13),الجزء السابع
118,مَا قُلْتُ لَهُمْ إِلَّا مَا أَمَرْتَنِي بِهِ أَنِ اعْبُدُوا اللَّهَ رَبِّي وَرَبَّكُمْ ۚ وَكُنْتُ عَلَيْهِمْ شَهِيدًا مَا دُمْتُ فِيهِمْ ۖ فَلَمَّا تَوَفَّيْتَنِي كُنْتَ أَنْتَ الرَّقِيبَ عَلَيْهِمْ ۚ وَأَنْتَ عَلَىٰ كُلِّ شَيْءٍ شَهِيدٌ , نصف الحزب (13),الجزء السابع
119,إِنْ تُعَذِّبْهُمْ فَإِنَّهُمْ عِبَادُكَ ۖ وَإِنْ تَغْفِرْ لَهُمْ فَإِنَّكَ أَنْتَ الْعَزِيزُ الْحَكِيمُ , نصف الحزب (13),الجزء السابع
120,قَالَ اللَّهُ هَٰذَا يَوْمُ يَنْفَعُ الصَّادِقِينَ صِدْقُهُمْ ۚ لَهُمْ جَنَّاتٌ تَجْرِي مِنْ تَحْتِهَا الْأَنْهَارُ خَالِدِينَ فِيهَا أَبَدًا ۚ رَضِيَ اللَّهُ عَنْهُمْ وَرَضُوا عَنْهُ ۚ ذَٰلِكَ الْفَوْزُ الْعَظِيمُ, نصف الحزب (13),الجزء السابع
121,لِلَّهِ مُلْكُ السَّمَاوَاتِ وَالْأَرْضِ وَمَا فِيهِنَّ ۚ وَهُوَ عَلَىٰ كُلِّ شَيْءٍ قَدِيرٌ, نصف الحزب (13),الجزء السابع
