﻿1,بِسْمِ اللَّهِ الرَّحْمَنِ الرَّحِيم, نصف الحزب (52),الجزء السادس والعشرون
2,ق ۚ وَالْقُرْآنِ الْمَجِيدِ , نصف الحزب (52),الجزء السادس والعشرون
3,بَلْ عَجِبُوا أَنْ جَاءَهُمْ مُنْذِرٌ مِنْهُمْ فَقَالَ الْكَافِرُونَ هَٰذَا شَيْءٌ عَجِيبٌ , نصف الحزب (52),الجزء السادس والعشرون
4,أَإِذَا مِتْنَا وَكُنَّا تُرَابًا ۖ ذَٰلِكَ رَجْعٌ بَعِيدٌ, نصف الحزب (52),الجزء السادس والعشرون
5,قَدْ عَلِمْنَا مَا تَنْقُصُ الْأَرْضُ مِنْهُمْ ۖ وَعِنْدَنَا كِتَابٌ حَفِيظٌ , نصف الحزب (52),الجزء السادس والعشرون
6,بَلْ كَذَّبُوا بِالْحَقِّ لَمَّا جَاءَهُمْ فَهُمْ فِي أَمْرٍ مَرِيجٍ , نصف الحزب (52),الجزء السادس والعشرون
7,أَفَلَمْ يَنْظُرُوا إِلَى السَّمَاءِ فَوْقَهُمْ كَيْفَ بَنَيْنَاهَا وَزَيَّنَّاهَا وَمَا لَهَا مِنْ فُرُوجٍ , نصف الحزب (52),الجزء السادس والعشرون
8,وَالْأَرْضَ مَدَدْنَاهَا وَأَلْقَيْنَا فِيهَا رَوَاسِيَ وَأَنْبَتْنَا فِيهَا مِنْ كُلِّ زَوْجٍ بَهِيجٍ , نصف الحزب (52),الجزء السادس والعشرون
9,تَبْصِرَةً وَذِكْرَىٰ لِكُلِّ عَبْدٍ مُنِيبٍ , نصف الحزب (52),الجزء السادس والعشرون
10,وَنَزَّلْنَا مِنَ السَّمَاءِ مَاءً مُبَارَكًا فَأَنْبَتْنَا بِهِ جَنَّاتٍ وَحَبَّ الْحَصِيدِ , نصف الحزب (52),الجزء السادس والعشرون
11,وَالنَّخْلَ بَاسِقَاتٍ لَهَا طَلْعٌ نَضِيدٌ , نصف الحزب (52),الجزء السادس والعشرون
12,رِزْقًا لِلْعِبَادِ ۖ وَأَحْيَيْنَا بِهِ بَلْدَةً مَيْتًا ۚ كَذَٰلِكَ الْخُرُوجُ , نصف الحزب (52),الجزء السادس والعشرون
13,كَذَّبَتْ قَبْلَهُمْ قَوْمُ نُوحٍ وَأَصْحَابُ الرَّسِّ وَثَمُودُ, نصف الحزب (52),الجزء السادس والعشرون
14,وَعَادٌ وَفِرْعَوْنُ وَإِخْوَانُ لُوطٍ, نصف الحزب (52),الجزء السادس والعشرون
15,وَأَصْحَابُ الْأَيْكَةِ وَقَوْمُ تُبَّعٍ ۚ كُلٌّ كَذَّبَ الرُّسُلَ فَحَقَّ وَعِيدِ , نصف الحزب (52),الجزء السادس والعشرون
16,أَفَعَيِينَا بِالْخَلْقِ الْأَوَّلِ ۚ بَلْ هُمْ فِي لَبْسٍ مِنْ خَلْقٍ جَدِيدٍ, نصف الحزب (52),الجزء السادس والعشرون
17,وَلَقَدْ خَلَقْنَا الْإِنْسَانَ وَنَعْلَمُ مَا تُوَسْوِسُ بِهِ نَفْسُهُ ۖ وَنَحْنُ أَقْرَبُ إِلَيْهِ مِنْ حَبْلِ الْوَرِيدِ, نصف الحزب (52),الجزء السادس والعشرون
18,إِذْ يَتَلَقَّى الْمُتَلَقِّيَانِ عَنِ الْيَمِينِ وَعَنِ الشِّمَالِ قَعِيدٌ , نصف الحزب (52),الجزء السادس والعشرون
19,مَا يَلْفِظُ مِنْ قَوْلٍ إِلَّا لَدَيْهِ رَقِيبٌ عَتِيدٌ , نصف الحزب (52),الجزء السادس والعشرون
20,وَجَاءَتْ سَكْرَةُ الْمَوْتِ بِالْحَقِّ ۖ ذَٰلِكَ مَا كُنْتَ مِنْهُ تَحِيدُ, نصف الحزب (52),الجزء السادس والعشرون
21,وَنُفِخَ فِي الصُّورِ ۚ ذَٰلِكَ يَوْمُ الْوَعِيدِ, نصف الحزب (52),الجزء السادس والعشرون
22,وَجَاءَتْ كُلُّ نَفْسٍ مَعَهَا سَائِقٌ وَشَهِيدٌ , نصف الحزب (52),الجزء السادس والعشرون
23,لَقَدْ كُنْتَ فِي غَفْلَةٍ مِنْ هَٰذَا فَكَشَفْنَا عَنْكَ غِطَاءَكَ فَبَصَرُكَ الْيَوْمَ حَدِيدٌ , نصف الحزب (52),الجزء السادس والعشرون
24,وَقَالَ قَرِينُهُ هَٰذَا مَا لَدَيَّ عَتِيدٌ , نصف الحزب (52),الجزء السادس والعشرون
25,أَلْقِيَا فِي جَهَنَّمَ كُلَّ كَفَّارٍ عَنِيدٍ , نصف الحزب (52),الجزء السادس والعشرون
26,مَنَّاعٍ لِلْخَيْرِ مُعْتَدٍ مُرِيبٍ , نصف الحزب (52),الجزء السادس والعشرون
27,الَّذِي جَعَلَ مَعَ اللَّهِ إِلَٰهًا آخَرَ فَأَلْقِيَاهُ فِي الْعَذَابِ الشَّدِيدِ , نصف الحزب (52),الجزء السادس والعشرون
28,۞ قَالَ قَرِينُهُ رَبَّنَا مَا أَطْغَيْتُهُ وَلَٰكِنْ كَانَ فِي ضَلَالٍ بَعِيدٍ , ثلاثة أرباع الحزب (52),الجزء السادس والعشرون
29,قَالَ لَا تَخْتَصِمُوا لَدَيَّ وَقَدْ قَدَّمْتُ إِلَيْكُمْ بِالْوَعِيدِ , ثلاثة أرباع الحزب (52),الجزء السادس والعشرون
30,مَا يُبَدَّلُ الْقَوْلُ لَدَيَّ وَمَا أَنَا بِظَلَّامٍ لِلْعَبِيدِ, ثلاثة أرباع الحزب (52),الجزء السادس والعشرون
31,يَوْمَ نَقُولُ لِجَهَنَّمَ هَلِ امْتَلَأْتِ وَتَقُولُ هَلْ مِنْ مَزِيدٍ , ثلاثة أرباع الحزب (52),الجزء السادس والعشرون
32,وَأُزْلِفَتِ الْجَنَّةُ لِلْمُتَّقِينَ غَيْرَ بَعِيدٍ, ثلاثة أرباع الحزب (52),الجزء السادس والعشرون
33,هَٰذَا مَا تُوعَدُونَ لِكُلِّ أَوَّابٍ حَفِيظٍ, ثلاثة أرباع الحزب (52),الجزء السادس والعشرون
34,مَنْ خَشِيَ الرَّحْمَٰنَ بِالْغَيْبِ وَجَاءَ بِقَلْبٍ مُنِيبٍ, ثلاثة أرباع الحزب (52),الجزء السادس والعشرون
35,ادْخُلُوهَا بِسَلَامٍ ۖ ذَٰلِكَ يَوْمُ الْخُلُودِ, ثلاثة أرباع الحزب (52),الجزء السادس والعشرون
36,لَهُمْ مَا يَشَاءُونَ فِيهَا وَلَدَيْنَا مَزِيدٌ, ثلاثة أرباع الحزب (52),الجزء السادس والعشرون
37,وَكَمْ أَهْلَكْنَا قَبْلَهُمْ مِنْ قَرْنٍ هُمْ أَشَدُّ مِنْهُمْ بَطْشًا فَنَقَّبُوا فِي الْبِلَادِ هَلْ مِنْ مَحِيصٍ , ثلاثة أرباع الحزب (52),الجزء السادس والعشرون
38,إِنَّ فِي ذَٰلِكَ لَذِكْرَىٰ لِمَنْ كَانَ لَهُ قَلْبٌ أَوْ أَلْقَى السَّمْعَ وَهُوَ شَهِيدٌ , ثلاثة أرباع الحزب (52),الجزء السادس والعشرون
39,وَلَقَدْ خَلَقْنَا السَّمَاوَاتِ وَالْأَرْضَ وَمَا بَيْنَهُمَا فِي سِتَّةِ أَيَّامٍ وَمَا مَسَّنَا مِنْ لُغُوبٍ , ثلاثة أرباع الحزب (52),الجزء السادس والعشرون
40,فَاصْبِرْ عَلَىٰ مَا يَقُولُونَ وَسَبِّحْ بِحَمْدِ رَبِّكَ قَبْلَ طُلُوعِ الشَّمْسِ وَقَبْلَ الْغُرُوبِ, ثلاثة أرباع الحزب (52),الجزء السادس والعشرون
41,وَمِنَ اللَّيْلِ فَسَبِّحْهُ وَأَدْبَارَ السُّجُودِ, ثلاثة أرباع الحزب (52),الجزء السادس والعشرون
42,وَاسْتَمِعْ يَوْمَ يُنَادِ الْمُنَادِ مِنْ مَكَانٍ قَرِيبٍ , ثلاثة أرباع الحزب (52),الجزء السادس والعشرون
43,يَوْمَ يَسْمَعُونَ الصَّيْحَةَ بِالْحَقِّ ۚ ذَٰلِكَ يَوْمُ الْخُرُوجِ, ثلاثة أرباع الحزب (52),الجزء السادس والعشرون
44,إِنَّا نَحْنُ نُحْيِي وَنُمِيتُ وَإِلَيْنَا الْمَصِيرُ, ثلاثة أرباع الحزب (52),الجزء السادس والعشرون
45,يَوْمَ تَشَقَّقُ الْأَرْضُ عَنْهُمْ سِرَاعًا ۚ ذَٰلِكَ حَشْرٌ عَلَيْنَا يَسِيرٌ , ثلاثة أرباع الحزب (52),الجزء السادس والعشرون
46,نَحْنُ أَعْلَمُ بِمَا يَقُولُونَ ۖ وَمَا أَنْتَ عَلَيْهِمْ بِجَبَّارٍ ۖ فَذَكِّرْ بِالْقُرْآنِ مَنْ يَخَافُ وَعِيدِ, ثلاثة أرباع الحزب (52),الجزء السادس والعشرون
