﻿1,بِسْمِ اللَّهِ الرَّحْمَنِ الرَّحِيم, ثلاثة أرباع الحزب (52),الجزء السادس والعشرون
2,وَالذَّارِيَاتِ ذَرْوًا , ثلاثة أرباع الحزب (52),الجزء السادس والعشرون
3,فَالْحَامِلَاتِ وِقْرًا , ثلاثة أرباع الحزب (52),الجزء السادس والعشرون
4,فَالْجَارِيَاتِ يُسْرًا , ثلاثة أرباع الحزب (52),الجزء السادس والعشرون
5,فَالْمُقَسِّمَاتِ أَمْرًا , ثلاثة أرباع الحزب (52),الجزء السادس والعشرون
6,إِنَّمَا تُوعَدُونَ لَصَادِقٌ, ثلاثة أرباع الحزب (52),الجزء السادس والعشرون
7,وَإِنَّ الدِّينَ لَوَاقِعٌ , ثلاثة أرباع الحزب (52),الجزء السادس والعشرون
8,وَالسَّمَاءِ ذَاتِ الْحُبُكِ, ثلاثة أرباع الحزب (52),الجزء السادس والعشرون
9,إِنَّكُمْ لَفِي قَوْلٍ مُخْتَلِفٍ , ثلاثة أرباع الحزب (52),الجزء السادس والعشرون
10,يُؤْفَكُ عَنْهُ مَنْ أُفِكَ , ثلاثة أرباع الحزب (52),الجزء السادس والعشرون
11,قُتِلَ الْخَرَّاصُونَ, ثلاثة أرباع الحزب (52),الجزء السادس والعشرون
12,الَّذِينَ هُمْ فِي غَمْرَةٍ سَاهُونَ , ثلاثة أرباع الحزب (52),الجزء السادس والعشرون
13,يَسْأَلُونَ أَيَّانَ يَوْمُ الدِّينِ , ثلاثة أرباع الحزب (52),الجزء السادس والعشرون
14,يَوْمَ هُمْ عَلَى النَّارِ يُفْتَنُونَ, ثلاثة أرباع الحزب (52),الجزء السادس والعشرون
15,ذُوقُوا فِتْنَتَكُمْ هَٰذَا الَّذِي كُنْتُمْ بِهِ تَسْتَعْجِلُونَ , ثلاثة أرباع الحزب (52),الجزء السادس والعشرون
16,إِنَّ الْمُتَّقِينَ فِي جَنَّاتٍ وَعُيُونٍ , ثلاثة أرباع الحزب (52),الجزء السادس والعشرون
17,آخِذِينَ مَا آتَاهُمْ رَبُّهُمْ ۚ إِنَّهُمْ كَانُوا قَبْلَ ذَٰلِكَ مُحْسِنِينَ , ثلاثة أرباع الحزب (52),الجزء السادس والعشرون
18,كَانُوا قَلِيلًا مِنَ اللَّيْلِ مَا يَهْجَعُونَ , ثلاثة أرباع الحزب (52),الجزء السادس والعشرون
19,وَبِالْأَسْحَارِ هُمْ يَسْتَغْفِرُونَ, ثلاثة أرباع الحزب (52),الجزء السادس والعشرون
20,وَفِي أَمْوَالِهِمْ حَقٌّ لِلسَّائِلِ وَالْمَحْرُومِ , ثلاثة أرباع الحزب (52),الجزء السادس والعشرون
21,وَفِي الْأَرْضِ آيَاتٌ لِلْمُوقِنِينَ , ثلاثة أرباع الحزب (52),الجزء السادس والعشرون
22,وَفِي أَنْفُسِكُمْ ۚ أَفَلَا تُبْصِرُونَ , ثلاثة أرباع الحزب (52),الجزء السادس والعشرون
23,وَفِي السَّمَاءِ رِزْقُكُمْ وَمَا تُوعَدُونَ , ثلاثة أرباع الحزب (52),الجزء السادس والعشرون
24,فَوَرَبِّ السَّمَاءِ وَالْأَرْضِ إِنَّهُ لَحَقٌّ مِثْلَ مَا أَنَّكُمْ تَنْطِقُونَ , ثلاثة أرباع الحزب (52),الجزء السادس والعشرون
25,هَلْ أَتَاكَ حَدِيثُ ضَيْفِ إِبْرَاهِيمَ الْمُكْرَمِينَ , ثلاثة أرباع الحزب (52),الجزء السادس والعشرون
26,إِذْ دَخَلُوا عَلَيْهِ فَقَالُوا سَلَامًا ۖ قَالَ سَلَامٌ قَوْمٌ مُنْكَرُونَ , ثلاثة أرباع الحزب (52),الجزء السادس والعشرون
27,فَرَاغَ إِلَىٰ أَهْلِهِ فَجَاءَ بِعِجْلٍ سَمِينٍ , ثلاثة أرباع الحزب (52),الجزء السادس والعشرون
28,فَقَرَّبَهُ إِلَيْهِمْ قَالَ أَلَا تَأْكُلُونَ, ثلاثة أرباع الحزب (52),الجزء السادس والعشرون
29,فَأَوْجَسَ مِنْهُمْ خِيفَةً ۖ قَالُوا لَا تَخَفْ ۖ وَبَشَّرُوهُ بِغُلَامٍ عَلِيمٍ , ثلاثة أرباع الحزب (52),الجزء السادس والعشرون
30,فَأَقْبَلَتِ امْرَأَتُهُ فِي صَرَّةٍ فَصَكَّتْ وَجْهَهَا وَقَالَتْ عَجُوزٌ عَقِيمٌ, ثلاثة أرباع الحزب (52),الجزء السادس والعشرون
31,قَالُوا كَذَٰلِكِ قَالَ رَبُّكِ ۖ إِنَّهُ هُوَ الْحَكِيمُ الْعَلِيمُ , ثلاثة أرباع الحزب (52),الجزء السادس والعشرون
32,۞ قَالَ فَمَا خَطْبُكُمْ أَيُّهَا الْمُرْسَلُونَ, الحزب (53),الجزء السابع والعشرون
33,قَالُوا إِنَّا أُرْسِلْنَا إِلَىٰ قَوْمٍ مُجْرِمِينَ, الحزب (53),الجزء السابع والعشرون
34,لِنُرْسِلَ عَلَيْهِمْ حِجَارَةً مِنْ طِينٍ, الحزب (53),الجزء السابع والعشرون
35,مُسَوَّمَةً عِنْدَ رَبِّكَ لِلْمُسْرِفِينَ , الحزب (53),الجزء السابع والعشرون
36,فَأَخْرَجْنَا مَنْ كَانَ فِيهَا مِنَ الْمُؤْمِنِينَ , الحزب (53),الجزء السابع والعشرون
37,فَمَا وَجَدْنَا فِيهَا غَيْرَ بَيْتٍ مِنَ الْمُسْلِمِينَ, الحزب (53),الجزء السابع والعشرون
38,وَتَرَكْنَا فِيهَا آيَةً لِلَّذِينَ يَخَافُونَ الْعَذَابَ الْأَلِيمَ, الحزب (53),الجزء السابع والعشرون
39,وَفِي مُوسَىٰ إِذْ أَرْسَلْنَاهُ إِلَىٰ فِرْعَوْنَ بِسُلْطَانٍ مُبِينٍ , الحزب (53),الجزء السابع والعشرون
40,فَتَوَلَّىٰ بِرُكْنِهِ وَقَالَ سَاحِرٌ أَوْ مَجْنُونٌ, الحزب (53),الجزء السابع والعشرون
41,فَأَخَذْنَاهُ وَجُنُودَهُ فَنَبَذْنَاهُمْ فِي الْيَمِّ وَهُوَ مُلِيمٌ , الحزب (53),الجزء السابع والعشرون
42,وَفِي عَادٍ إِذْ أَرْسَلْنَا عَلَيْهِمُ الرِّيحَ الْعَقِيمَ , الحزب (53),الجزء السابع والعشرون
43,مَا تَذَرُ مِنْ شَيْءٍ أَتَتْ عَلَيْهِ إِلَّا جَعَلَتْهُ كَالرَّمِيمِ , الحزب (53),الجزء السابع والعشرون
44,وَفِي ثَمُودَ إِذْ قِيلَ لَهُمْ تَمَتَّعُوا حَتَّىٰ حِينٍ, الحزب (53),الجزء السابع والعشرون
45,فَعَتَوْا عَنْ أَمْرِ رَبِّهِمْ فَأَخَذَتْهُمُ الصَّاعِقَةُ وَهُمْ يَنْظُرُونَ , الحزب (53),الجزء السابع والعشرون
46,فَمَا اسْتَطَاعُوا مِنْ قِيَامٍ وَمَا كَانُوا مُنْتَصِرِينَ , الحزب (53),الجزء السابع والعشرون
47,وَقَوْمَ نُوحٍ مِنْ قَبْلُ ۖ إِنَّهُمْ كَانُوا قَوْمًا فَاسِقِينَ, الحزب (53),الجزء السابع والعشرون
48,وَالسَّمَاءَ بَنَيْنَاهَا بِأَيْدٍ وَإِنَّا لَمُوسِعُونَ , الحزب (53),الجزء السابع والعشرون
49,وَالْأَرْضَ فَرَشْنَاهَا فَنِعْمَ الْمَاهِدُونَ , الحزب (53),الجزء السابع والعشرون
50,وَمِنْ كُلِّ شَيْءٍ خَلَقْنَا زَوْجَيْنِ لَعَلَّكُمْ تَذَكَّرُونَ , الحزب (53),الجزء السابع والعشرون
51,فَفِرُّوا إِلَى اللَّهِ ۖ إِنِّي لَكُمْ مِنْهُ نَذِيرٌ مُبِينٌ , الحزب (53),الجزء السابع والعشرون
52,وَلَا تَجْعَلُوا مَعَ اللَّهِ إِلَٰهًا آخَرَ ۖ إِنِّي لَكُمْ مِنْهُ نَذِيرٌ مُبِينٌ , الحزب (53),الجزء السابع والعشرون
53,كَذَٰلِكَ مَا أَتَى الَّذِينَ مِنْ قَبْلِهِمْ مِنْ رَسُولٍ إِلَّا قَالُوا سَاحِرٌ أَوْ مَجْنُونٌ , الحزب (53),الجزء السابع والعشرون
54,أَتَوَاصَوْا بِهِ ۚ بَلْ هُمْ قَوْمٌ طَاغُونَ, الحزب (53),الجزء السابع والعشرون
55,فَتَوَلَّ عَنْهُمْ فَمَا أَنْتَ بِمَلُومٍ , الحزب (53),الجزء السابع والعشرون
56,وَذَكِّرْ فَإِنَّ الذِّكْرَىٰ تَنْفَعُ الْمُؤْمِنِينَ , الحزب (53),الجزء السابع والعشرون
57,وَمَا خَلَقْتُ الْجِنَّ وَالْإِنْسَ إِلَّا لِيَعْبُدُونِ, الحزب (53),الجزء السابع والعشرون
58,مَا أُرِيدُ مِنْهُمْ مِنْ رِزْقٍ وَمَا أُرِيدُ أَنْ يُطْعِمُونِ , الحزب (53),الجزء السابع والعشرون
59,إِنَّ اللَّهَ هُوَ الرَّزَّاقُ ذُو الْقُوَّةِ الْمَتِينُ , الحزب (53),الجزء السابع والعشرون
60,فَإِنَّ لِلَّذِينَ ظَلَمُوا ذَنُوبًا مِثْلَ ذَنُوبِ أَصْحَابِهِمْ فَلَا يَسْتَعْجِلُونِ , الحزب (53),الجزء السابع والعشرون
61,فَوَيْلٌ لِلَّذِينَ كَفَرُوا مِنْ يَوْمِهِمُ الَّذِي يُوعَدُونَ, الحزب (53),الجزء السابع والعشرون
