﻿1,بِسْمِ اللَّهِ الرَّحْمَنِ الرَّحِيم, الحزب (53),الجزء السابع والعشرون
2,وَالطُّورِ , الحزب (53),الجزء السابع والعشرون
3,وَكِتَابٍ مَسْطُورٍ , الحزب (53),الجزء السابع والعشرون
4,فِي رَقٍّ مَنْشُورٍ , الحزب (53),الجزء السابع والعشرون
5,وَالْبَيْتِ الْمَعْمُورِ , الحزب (53),الجزء السابع والعشرون
6,وَالسَّقْفِ الْمَرْفُوعِ , الحزب (53),الجزء السابع والعشرون
7,وَالْبَحْرِ الْمَسْجُورِ, الحزب (53),الجزء السابع والعشرون
8,إِنَّ عَذَابَ رَبِّكَ لَوَاقِعٌ, الحزب (53),الجزء السابع والعشرون
9,مَا لَهُ مِنْ دَافِعٍ , الحزب (53),الجزء السابع والعشرون
10,يَوْمَ تَمُورُ السَّمَاءُ مَوْرًا , الحزب (53),الجزء السابع والعشرون
11,وَتَسِيرُ الْجِبَالُ سَيْرًا , الحزب (53),الجزء السابع والعشرون
12,فَوَيْلٌ يَوْمَئِذٍ لِلْمُكَذِّبِينَ, الحزب (53),الجزء السابع والعشرون
13,الَّذِينَ هُمْ فِي خَوْضٍ يَلْعَبُونَ, الحزب (53),الجزء السابع والعشرون
14,يَوْمَ يُدَعُّونَ إِلَىٰ نَارِ جَهَنَّمَ دَعًّا , الحزب (53),الجزء السابع والعشرون
15,هَٰذِهِ النَّارُ الَّتِي كُنْتُمْ بِهَا تُكَذِّبُونَ , الحزب (53),الجزء السابع والعشرون
16,أَفَسِحْرٌ هَٰذَا أَمْ أَنْتُمْ لَا تُبْصِرُونَ , الحزب (53),الجزء السابع والعشرون
17,اصْلَوْهَا فَاصْبِرُوا أَوْ لَا تَصْبِرُوا سَوَاءٌ عَلَيْكُمْ ۖ إِنَّمَا تُجْزَوْنَ مَا كُنْتُمْ تَعْمَلُونَ , الحزب (53),الجزء السابع والعشرون
18,إِنَّ الْمُتَّقِينَ فِي جَنَّاتٍ وَنَعِيمٍ , الحزب (53),الجزء السابع والعشرون
19,فَاكِهِينَ بِمَا آتَاهُمْ رَبُّهُمْ وَوَقَاهُمْ رَبُّهُمْ عَذَابَ الْجَحِيمِ , الحزب (53),الجزء السابع والعشرون
20,كُلُوا وَاشْرَبُوا هَنِيئًا بِمَا كُنْتُمْ تَعْمَلُونَ, الحزب (53),الجزء السابع والعشرون
21,مُتَّكِئِينَ عَلَىٰ سُرُرٍ مَصْفُوفَةٍ ۖ وَزَوَّجْنَاهُمْ بِحُورٍ عِينٍ, الحزب (53),الجزء السابع والعشرون
22,وَالَّذِينَ آمَنُوا وَاتَّبَعَتْهُمْ ذُرِّيَّتُهُمْ بِإِيمَانٍ أَلْحَقْنَا بِهِمْ ذُرِّيَّتَهُمْ وَمَا أَلَتْنَاهُمْ مِنْ عَمَلِهِمْ مِنْ شَيْءٍ ۚ كُلُّ امْرِئٍ بِمَا كَسَبَ رَهِينٌ, الحزب (53),الجزء السابع والعشرون
23,وَأَمْدَدْنَاهُمْ بِفَاكِهَةٍ وَلَحْمٍ مِمَّا يَشْتَهُونَ , الحزب (53),الجزء السابع والعشرون
24,يَتَنَازَعُونَ فِيهَا كَأْسًا لَا لَغْوٌ فِيهَا وَلَا تَأْثِيمٌ, الحزب (53),الجزء السابع والعشرون
25,۞ وَيَطُوفُ عَلَيْهِمْ غِلْمَانٌ لَهُمْ كَأَنَّهُمْ لُؤْلُؤٌ مَكْنُونٌ , ربع الحزب (53),الجزء السابع والعشرون
26,وَأَقْبَلَ بَعْضُهُمْ عَلَىٰ بَعْضٍ يَتَسَاءَلُونَ , ربع الحزب (53),الجزء السابع والعشرون
27,قَالُوا إِنَّا كُنَّا قَبْلُ فِي أَهْلِنَا مُشْفِقِينَ , ربع الحزب (53),الجزء السابع والعشرون
28,فَمَنَّ اللَّهُ عَلَيْنَا وَوَقَانَا عَذَابَ السَّمُومِ , ربع الحزب (53),الجزء السابع والعشرون
29,إِنَّا كُنَّا مِنْ قَبْلُ نَدْعُوهُ ۖ إِنَّهُ هُوَ الْبَرُّ الرَّحِيمُ , ربع الحزب (53),الجزء السابع والعشرون
30,فَذَكِّرْ فَمَا أَنْتَ بِنِعْمَتِ رَبِّكَ بِكَاهِنٍ وَلَا مَجْنُونٍ , ربع الحزب (53),الجزء السابع والعشرون
31,أَمْ يَقُولُونَ شَاعِرٌ نَتَرَبَّصُ بِهِ رَيْبَ الْمَنُونِ , ربع الحزب (53),الجزء السابع والعشرون
32,قُلْ تَرَبَّصُوا فَإِنِّي مَعَكُمْ مِنَ الْمُتَرَبِّصِينَ , ربع الحزب (53),الجزء السابع والعشرون
33,أَمْ تَأْمُرُهُمْ أَحْلَامُهُمْ بِهَٰذَا ۚ أَمْ هُمْ قَوْمٌ طَاغُونَ , ربع الحزب (53),الجزء السابع والعشرون
34,أَمْ يَقُولُونَ تَقَوَّلَهُ ۚ بَلْ لَا يُؤْمِنُونَ , ربع الحزب (53),الجزء السابع والعشرون
35,فَلْيَأْتُوا بِحَدِيثٍ مِثْلِهِ إِنْ كَانُوا صَادِقِينَ, ربع الحزب (53),الجزء السابع والعشرون
36,أَمْ خُلِقُوا مِنْ غَيْرِ شَيْءٍ أَمْ هُمُ الْخَالِقُونَ , ربع الحزب (53),الجزء السابع والعشرون
37,أَمْ خَلَقُوا السَّمَاوَاتِ وَالْأَرْضَ ۚ بَلْ لَا يُوقِنُونَ , ربع الحزب (53),الجزء السابع والعشرون
38,أَمْ عِنْدَهُمْ خَزَائِنُ رَبِّكَ أَمْ هُمُ الْمُصَيْطِرُونَ , ربع الحزب (53),الجزء السابع والعشرون
39,أَمْ لَهُمْ سُلَّمٌ يَسْتَمِعُونَ فِيهِ ۖ فَلْيَأْتِ مُسْتَمِعُهُمْ بِسُلْطَانٍ مُبِينٍ , ربع الحزب (53),الجزء السابع والعشرون
40,أَمْ لَهُ الْبَنَاتُ وَلَكُمُ الْبَنُونَ, ربع الحزب (53),الجزء السابع والعشرون
41,أَمْ تَسْأَلُهُمْ أَجْرًا فَهُمْ مِنْ مَغْرَمٍ مُثْقَلُونَ, ربع الحزب (53),الجزء السابع والعشرون
42,أَمْ عِنْدَهُمُ الْغَيْبُ فَهُمْ يَكْتُبُونَ , ربع الحزب (53),الجزء السابع والعشرون
43,أَمْ يُرِيدُونَ كَيْدًا ۖ فَالَّذِينَ كَفَرُوا هُمُ الْمَكِيدُونَ , ربع الحزب (53),الجزء السابع والعشرون
44,أَمْ لَهُمْ إِلَٰهٌ غَيْرُ اللَّهِ ۚ سُبْحَانَ اللَّهِ عَمَّا يُشْرِكُونَ , ربع الحزب (53),الجزء السابع والعشرون
45,وَإِنْ يَرَوْا كِسْفًا مِنَ السَّمَاءِ سَاقِطًا يَقُولُوا سَحَابٌ مَرْكُومٌ , ربع الحزب (53),الجزء السابع والعشرون
46,فَذَرْهُمْ حَتَّىٰ يُلَاقُوا يَوْمَهُمُ الَّذِي فِيهِ يُصْعَقُونَ , ربع الحزب (53),الجزء السابع والعشرون
47,يَوْمَ لَا يُغْنِي عَنْهُمْ كَيْدُهُمْ شَيْئًا وَلَا هُمْ يُنْصَرُونَ , ربع الحزب (53),الجزء السابع والعشرون
48,وَإِنَّ لِلَّذِينَ ظَلَمُوا عَذَابًا دُونَ ذَٰلِكَ وَلَٰكِنَّ أَكْثَرَهُمْ لَا يَعْلَمُونَ, ربع الحزب (53),الجزء السابع والعشرون
49,وَاصْبِرْ لِحُكْمِ رَبِّكَ فَإِنَّكَ بِأَعْيُنِنَا ۖ وَسَبِّحْ بِحَمْدِ رَبِّكَ حِينَ تَقُومُ, ربع الحزب (53),الجزء السابع والعشرون
50,وَمِنَ اللَّيْلِ فَسَبِّحْهُ وَإِدْبَارَ النُّجُومِ, ربع الحزب (53),الجزء السابع والعشرون
