﻿1,بِسْمِ اللَّهِ الرَّحْمَنِ الرَّحِيم, ربع الحزب (53),الجزء السابع والعشرون
2,وَالنَّجْمِ إِذَا هَوَىٰ , ربع الحزب (53),الجزء السابع والعشرون
3,مَا ضَلَّ صَاحِبُكُمْ وَمَا غَوَىٰ, ربع الحزب (53),الجزء السابع والعشرون
4,وَمَا يَنْطِقُ عَنِ الْهَوَىٰ , ربع الحزب (53),الجزء السابع والعشرون
5,إِنْ هُوَ إِلَّا وَحْيٌ يُوحَىٰ, ربع الحزب (53),الجزء السابع والعشرون
6,عَلَّمَهُ شَدِيدُ الْقُوَىٰ , ربع الحزب (53),الجزء السابع والعشرون
7,ذُو مِرَّةٍ فَاسْتَوَىٰ, ربع الحزب (53),الجزء السابع والعشرون
8,وَهُوَ بِالْأُفُقِ الْأَعْلَىٰ , ربع الحزب (53),الجزء السابع والعشرون
9,ثُمَّ دَنَا فَتَدَلَّىٰ, ربع الحزب (53),الجزء السابع والعشرون
10,فَكَانَ قَابَ قَوْسَيْنِ أَوْ أَدْنَىٰ, ربع الحزب (53),الجزء السابع والعشرون
11,فَأَوْحَىٰ إِلَىٰ عَبْدِهِ مَا أَوْحَىٰ, ربع الحزب (53),الجزء السابع والعشرون
12,مَا كَذَبَ الْفُؤَادُ مَا رَأَىٰ , ربع الحزب (53),الجزء السابع والعشرون
13,أَفَتُمَارُونَهُ عَلَىٰ مَا يَرَىٰ , ربع الحزب (53),الجزء السابع والعشرون
14,وَلَقَدْ رَآهُ نَزْلَةً أُخْرَىٰ , ربع الحزب (53),الجزء السابع والعشرون
15,عِنْدَ سِدْرَةِ الْمُنْتَهَىٰ , ربع الحزب (53),الجزء السابع والعشرون
16,عِنْدَهَا جَنَّةُ الْمَأْوَىٰ, ربع الحزب (53),الجزء السابع والعشرون
17,إِذْ يَغْشَى السِّدْرَةَ مَا يَغْشَىٰ, ربع الحزب (53),الجزء السابع والعشرون
18,مَا زَاغَ الْبَصَرُ وَمَا طَغَىٰ , ربع الحزب (53),الجزء السابع والعشرون
19,لَقَدْ رَأَىٰ مِنْ آيَاتِ رَبِّهِ الْكُبْرَىٰ, ربع الحزب (53),الجزء السابع والعشرون
20,أَفَرَأَيْتُمُ اللَّاتَ وَالْعُزَّىٰ , ربع الحزب (53),الجزء السابع والعشرون
21,وَمَنَاةَ الثَّالِثَةَ الْأُخْرَىٰ , ربع الحزب (53),الجزء السابع والعشرون
22,أَلَكُمُ الذَّكَرُ وَلَهُ الْأُنْثَىٰ, ربع الحزب (53),الجزء السابع والعشرون
23,تِلْكَ إِذًا قِسْمَةٌ ضِيزَىٰ , ربع الحزب (53),الجزء السابع والعشرون
24,إِنْ هِيَ إِلَّا أَسْمَاءٌ سَمَّيْتُمُوهَا أَنْتُمْ وَآبَاؤُكُمْ مَا أَنْزَلَ اللَّهُ بِهَا مِنْ سُلْطَانٍ ۚ إِنْ يَتَّبِعُونَ إِلَّا الظَّنَّ وَمَا تَهْوَى الْأَنْفُسُ ۖ وَلَقَدْ جَاءَهُمْ مِنْ رَبِّهِمُ الْهُدَىٰ , ربع الحزب (53),الجزء السابع والعشرون
25,أَمْ لِلْإِنْسَانِ مَا تَمَنَّىٰ, ربع الحزب (53),الجزء السابع والعشرون
26,فَلِلَّهِ الْآخِرَةُ وَالْأُولَىٰ , ربع الحزب (53),الجزء السابع والعشرون
27,۞ وَكَمْ مِنْ مَلَكٍ فِي السَّمَاوَاتِ لَا تُغْنِي شَفَاعَتُهُمْ شَيْئًا إِلَّا مِنْ بَعْدِ أَنْ يَأْذَنَ اللَّهُ لِمَنْ يَشَاءُ وَيَرْضَىٰ , نصف الحزب (53),الجزء السابع والعشرون
28,إِنَّ الَّذِينَ لَا يُؤْمِنُونَ بِالْآخِرَةِ لَيُسَمُّونَ الْمَلَائِكَةَ تَسْمِيَةَ الْأُنْثَىٰ , نصف الحزب (53),الجزء السابع والعشرون
29,وَمَا لَهُمْ بِهِ مِنْ عِلْمٍ ۖ إِنْ يَتَّبِعُونَ إِلَّا الظَّنَّ ۖ وَإِنَّ الظَّنَّ لَا يُغْنِي مِنَ الْحَقِّ شَيْئًا, نصف الحزب (53),الجزء السابع والعشرون
30,فَأَعْرِضْ عَنْ مَنْ تَوَلَّىٰ عَنْ ذِكْرِنَا وَلَمْ يُرِدْ إِلَّا الْحَيَاةَ الدُّنْيَا , نصف الحزب (53),الجزء السابع والعشرون
31,ذَٰلِكَ مَبْلَغُهُمْ مِنَ الْعِلْمِ ۚ إِنَّ رَبَّكَ هُوَ أَعْلَمُ بِمَنْ ضَلَّ عَنْ سَبِيلِهِ وَهُوَ أَعْلَمُ بِمَنِ اهْتَدَىٰ , نصف الحزب (53),الجزء السابع والعشرون
32,وَلِلَّهِ مَا فِي السَّمَاوَاتِ وَمَا فِي الْأَرْضِ لِيَجْزِيَ الَّذِينَ أَسَاءُوا بِمَا عَمِلُوا وَيَجْزِيَ الَّذِينَ أَحْسَنُوا بِالْحُسْنَى , نصف الحزب (53),الجزء السابع والعشرون
33,الَّذِينَ يَجْتَنِبُونَ كَبَائِرَ الْإِثْمِ وَالْفَوَاحِشَ إِلَّا اللَّمَمَ ۚ إِنَّ رَبَّكَ وَاسِعُ الْمَغْفِرَةِ ۚ هُوَ أَعْلَمُ بِكُمْ إِذْ أَنْشَأَكُمْ مِنَ الْأَرْضِ وَإِذْ أَنْتُمْ أَجِنَّةٌ فِي بُطُونِ أُمَّهَاتِكُمْ ۖ فَلَا تُزَكُّوا أَنْفُسَكُمْ ۖ هُوَ أَعْلَمُ بِمَنِ اتَّقَىٰ , نصف الحزب (53),الجزء السابع والعشرون
34,أَفَرَأَيْتَ الَّذِي تَوَلَّىٰ , نصف الحزب (53),الجزء السابع والعشرون
35,وَأَعْطَىٰ قَلِيلًا وَأَكْدَىٰ , نصف الحزب (53),الجزء السابع والعشرون
36,أَعِنْدَهُ عِلْمُ الْغَيْبِ فَهُوَ يَرَىٰ , نصف الحزب (53),الجزء السابع والعشرون
37,أَمْ لَمْ يُنَبَّأْ بِمَا فِي صُحُفِ مُوسَىٰ , نصف الحزب (53),الجزء السابع والعشرون
38,وَإِبْرَاهِيمَ الَّذِي وَفَّىٰ, نصف الحزب (53),الجزء السابع والعشرون
39,أَلَّا تَزِرُ وَازِرَةٌ وِزْرَ أُخْرَىٰ, نصف الحزب (53),الجزء السابع والعشرون
40,وَأَنْ لَيْسَ لِلْإِنْسَانِ إِلَّا مَا سَعَىٰ , نصف الحزب (53),الجزء السابع والعشرون
41,وَأَنَّ سَعْيَهُ سَوْفَ يُرَىٰ , نصف الحزب (53),الجزء السابع والعشرون
42,ثُمَّ يُجْزَاهُ الْجَزَاءَ الْأَوْفَىٰ , نصف الحزب (53),الجزء السابع والعشرون
43,وَأَنَّ إِلَىٰ رَبِّكَ الْمُنْتَهَىٰ , نصف الحزب (53),الجزء السابع والعشرون
44,وَأَنَّهُ هُوَ أَضْحَكَ وَأَبْكَىٰ, نصف الحزب (53),الجزء السابع والعشرون
45,وَأَنَّهُ هُوَ أَمَاتَ وَأَحْيَا , نصف الحزب (53),الجزء السابع والعشرون
46,وَأَنَّهُ خَلَقَ الزَّوْجَيْنِ الذَّكَرَ وَالْأُنْثَىٰ , نصف الحزب (53),الجزء السابع والعشرون
47,مِنْ نُطْفَةٍ إِذَا تُمْنَىٰ, نصف الحزب (53),الجزء السابع والعشرون
48,وَأَنَّ عَلَيْهِ النَّشْأَةَ الْأُخْرَىٰ, نصف الحزب (53),الجزء السابع والعشرون
49,وَأَنَّهُ هُوَ أَغْنَىٰ وَأَقْنَىٰ , نصف الحزب (53),الجزء السابع والعشرون
50,وَأَنَّهُ هُوَ رَبُّ الشِّعْرَىٰ , نصف الحزب (53),الجزء السابع والعشرون
51,وَأَنَّهُ أَهْلَكَ عَادًا الْأُولَىٰ, نصف الحزب (53),الجزء السابع والعشرون
52,وَثَمُودَ فَمَا أَبْقَىٰ, نصف الحزب (53),الجزء السابع والعشرون
53,وَقَوْمَ نُوحٍ مِنْ قَبْلُ ۖ إِنَّهُمْ كَانُوا هُمْ أَظْلَمَ وَأَطْغَىٰ , نصف الحزب (53),الجزء السابع والعشرون
54,وَالْمُؤْتَفِكَةَ أَهْوَىٰ , نصف الحزب (53),الجزء السابع والعشرون
55,فَغَشَّاهَا مَا غَشَّىٰ, نصف الحزب (53),الجزء السابع والعشرون
56,فَبِأَيِّ آلَاءِ رَبِّكَ تَتَمَارَىٰ, نصف الحزب (53),الجزء السابع والعشرون
57,هَٰذَا نَذِيرٌ مِنَ النُّذُرِ الْأُولَىٰ , نصف الحزب (53),الجزء السابع والعشرون
58,أَزِفَتِ الْآزِفَةُ , نصف الحزب (53),الجزء السابع والعشرون
59,لَيْسَ لَهَا مِنْ دُونِ اللَّهِ كَاشِفَةٌ, نصف الحزب (53),الجزء السابع والعشرون
60,أَفَمِنْ هَٰذَا الْحَدِيثِ تَعْجَبُونَ , نصف الحزب (53),الجزء السابع والعشرون
61,وَتَضْحَكُونَ وَلَا تَبْكُونَ , نصف الحزب (53),الجزء السابع والعشرون
62,وَأَنْتُمْ سَامِدُونَ , نصف الحزب (53),الجزء السابع والعشرون
63,فَاسْجُدُوا لِلَّهِ وَاعْبُدُوا ۩, نصف الحزب (53),الجزء السابع والعشرون
