﻿1,بِسْمِ اللَّهِ الرَّحْمَنِ الرَّحِيم, نصف الحزب (53),الجزء السابع والعشرون
2,اقْتَرَبَتِ السَّاعَةُ وَانْشَقَّ الْقَمَرُ , نصف الحزب (53),الجزء السابع والعشرون
3,وَإِنْ يَرَوْا آيَةً يُعْرِضُوا وَيَقُولُوا سِحْرٌ مُسْتَمِرٌّ , نصف الحزب (53),الجزء السابع والعشرون
4,وَكَذَّبُوا وَاتَّبَعُوا أَهْوَاءَهُمْ ۚ وَكُلُّ أَمْرٍ مُسْتَقِرٌّ , نصف الحزب (53),الجزء السابع والعشرون
5,وَلَقَدْ جَاءَهُمْ مِنَ الْأَنْبَاءِ مَا فِيهِ مُزْدَجَرٌ , نصف الحزب (53),الجزء السابع والعشرون
6,حِكْمَةٌ بَالِغَةٌ ۖ فَمَا تُغْنِ النُّذُرُ, نصف الحزب (53),الجزء السابع والعشرون
7,فَتَوَلَّ عَنْهُمْ ۘ يَوْمَ يَدْعُ الدَّاعِ إِلَىٰ شَيْءٍ نُكُرٍ , نصف الحزب (53),الجزء السابع والعشرون
8,خُشَّعًا أَبْصَارُهُمْ يَخْرُجُونَ مِنَ الْأَجْدَاثِ كَأَنَّهُمْ جَرَادٌ مُنْتَشِرٌ , نصف الحزب (53),الجزء السابع والعشرون
9,مُهْطِعِينَ إِلَى الدَّاعِ ۖ يَقُولُ الْكَافِرُونَ هَٰذَا يَوْمٌ عَسِرٌ , نصف الحزب (53),الجزء السابع والعشرون
10,كَذَّبَتْ قَبْلَهُمْ قَوْمُ نُوحٍ فَكَذَّبُوا عَبْدَنَا وَقَالُوا مَجْنُونٌ وَازْدُجِرَ ۞, ثلاثة أرباع الحزب (53),الجزء السابع والعشرون
11,فَدَعَا رَبَّهُ أَنِّي مَغْلُوبٌ فَانْتَصِرْ , ثلاثة أرباع الحزب (53),الجزء السابع والعشرون
12,فَفَتَحْنَا أَبْوَابَ السَّمَاءِ بِمَاءٍ مُنْهَمِرٍ , ثلاثة أرباع الحزب (53),الجزء السابع والعشرون
13,وَفَجَّرْنَا الْأَرْضَ عُيُونًا فَالْتَقَى الْمَاءُ عَلَىٰ أَمْرٍ قَدْ قُدِرَ , ثلاثة أرباع الحزب (53),الجزء السابع والعشرون
14,وَحَمَلْنَاهُ عَلَىٰ ذَاتِ أَلْوَاحٍ وَدُسُرٍ, ثلاثة أرباع الحزب (53),الجزء السابع والعشرون
15,تَجْرِي بِأَعْيُنِنَا جَزَاءً لِمَنْ كَانَ كُفِرَ, ثلاثة أرباع الحزب (53),الجزء السابع والعشرون
16,وَلَقَدْ تَرَكْنَاهَا آيَةً فَهَلْ مِنْ مُدَّكِرٍ, ثلاثة أرباع الحزب (53),الجزء السابع والعشرون
17,فَكَيْفَ كَانَ عَذَابِي وَنُذُرِ, ثلاثة أرباع الحزب (53),الجزء السابع والعشرون
18,وَلَقَدْ يَسَّرْنَا الْقُرْآنَ لِلذِّكْرِ فَهَلْ مِنْ مُدَّكِرٍ, ثلاثة أرباع الحزب (53),الجزء السابع والعشرون
19,كَذَّبَتْ عَادٌ فَكَيْفَ كَانَ عَذَابِي وَنُذُرِ, ثلاثة أرباع الحزب (53),الجزء السابع والعشرون
20,إِنَّا أَرْسَلْنَا عَلَيْهِمْ رِيحًا صَرْصَرًا فِي يَوْمِ نَحْسٍ مُسْتَمِرٍّ, ثلاثة أرباع الحزب (53),الجزء السابع والعشرون
21,تَنْزِعُ النَّاسَ كَأَنَّهُمْ أَعْجَازُ نَخْلٍ مُنْقَعِرٍ , ثلاثة أرباع الحزب (53),الجزء السابع والعشرون
22,فَكَيْفَ كَانَ عَذَابِي وَنُذُرِ, ثلاثة أرباع الحزب (53),الجزء السابع والعشرون
23,وَلَقَدْ يَسَّرْنَا الْقُرْآنَ لِلذِّكْرِ فَهَلْ مِنْ مُدَّكِرٍ, ثلاثة أرباع الحزب (53),الجزء السابع والعشرون
24,كَذَّبَتْ ثَمُودُ بِالنُّذُرِ, ثلاثة أرباع الحزب (53),الجزء السابع والعشرون
25,فَقَالُوا أَبَشَرًا مِنَّا وَاحِدًا نَتَّبِعُهُ إِنَّا إِذًا لَفِي ضَلَالٍ وَسُعُرٍ, ثلاثة أرباع الحزب (53),الجزء السابع والعشرون
26,أَأُلْقِيَ الذِّكْرُ عَلَيْهِ مِنْ بَيْنِنَا بَلْ هُوَ كَذَّابٌ أَشِرٌ , ثلاثة أرباع الحزب (53),الجزء السابع والعشرون
27,سَيَعْلَمُونَ غَدًا مَنِ الْكَذَّابُ الْأَشِرُ, ثلاثة أرباع الحزب (53),الجزء السابع والعشرون
28,إِنَّا مُرْسِلُو النَّاقَةِ فِتْنَةً لَهُمْ فَارْتَقِبْهُمْ وَاصْطَبِرْ , ثلاثة أرباع الحزب (53),الجزء السابع والعشرون
29,وَنَبِّئْهُمْ أَنَّ الْمَاءَ قِسْمَةٌ بَيْنَهُمْ ۖ كُلُّ شِرْبٍ مُحْتَضَرٌ , ثلاثة أرباع الحزب (53),الجزء السابع والعشرون
30,فَنَادَوْا صَاحِبَهُمْ فَتَعَاطَىٰ فَعَقَرَ , ثلاثة أرباع الحزب (53),الجزء السابع والعشرون
31,فَكَيْفَ كَانَ عَذَابِي وَنُذُرِ, ثلاثة أرباع الحزب (53),الجزء السابع والعشرون
32,إِنَّا أَرْسَلْنَا عَلَيْهِمْ صَيْحَةً وَاحِدَةً فَكَانُوا كَهَشِيمِ الْمُحْتَظِرِ, ثلاثة أرباع الحزب (53),الجزء السابع والعشرون
33,وَلَقَدْ يَسَّرْنَا الْقُرْآنَ لِلذِّكْرِ فَهَلْ مِنْ مُدَّكِرٍ , ثلاثة أرباع الحزب (53),الجزء السابع والعشرون
34,كَذَّبَتْ قَوْمُ لُوطٍ بِالنُّذُرِ, ثلاثة أرباع الحزب (53),الجزء السابع والعشرون
35,إِنَّا أَرْسَلْنَا عَلَيْهِمْ حَاصِبًا إِلَّا آلَ لُوطٍ ۖ نَجَّيْنَاهُمْ بِسَحَرٍ , ثلاثة أرباع الحزب (53),الجزء السابع والعشرون
36,نِعْمَةً مِنْ عِنْدِنَا ۚ كَذَٰلِكَ نَجْزِي مَنْ شَكَرَ , ثلاثة أرباع الحزب (53),الجزء السابع والعشرون
37,وَلَقَدْ أَنْذَرَهُمْ بَطْشَتَنَا فَتَمَارَوْا بِالنُّذُرِ , ثلاثة أرباع الحزب (53),الجزء السابع والعشرون
38,وَلَقَدْ رَاوَدُوهُ عَنْ ضَيْفِهِ فَطَمَسْنَا أَعْيُنَهُمْ فَذُوقُوا عَذَابِي وَنُذُرِ , ثلاثة أرباع الحزب (53),الجزء السابع والعشرون
39,وَلَقَدْ صَبَّحَهُمْ بُكْرَةً عَذَابٌ مُسْتَقِرٌّ , ثلاثة أرباع الحزب (53),الجزء السابع والعشرون
40,فَذُوقُوا عَذَابِي وَنُذُرِ, ثلاثة أرباع الحزب (53),الجزء السابع والعشرون
41,وَلَقَدْ يَسَّرْنَا الْقُرْآنَ لِلذِّكْرِ فَهَلْ مِنْ مُدَّكِرٍ , ثلاثة أرباع الحزب (53),الجزء السابع والعشرون
42,وَلَقَدْ جَاءَ آلَ فِرْعَوْنَ النُّذُرُ , ثلاثة أرباع الحزب (53),الجزء السابع والعشرون
43,كَذَّبُوا بِآيَاتِنَا كُلِّهَا فَأَخَذْنَاهُمْ أَخْذَ عَزِيزٍ مُقْتَدِرٍ , ثلاثة أرباع الحزب (53),الجزء السابع والعشرون
44,أَكُفَّارُكُمْ خَيْرٌ مِنْ أُولَٰئِكُمْ أَمْ لَكُمْ بَرَاءَةٌ فِي الزُّبُرِ , ثلاثة أرباع الحزب (53),الجزء السابع والعشرون
45,أَمْ يَقُولُونَ نَحْنُ جَمِيعٌ مُنْتَصِرٌ , ثلاثة أرباع الحزب (53),الجزء السابع والعشرون
46,سَيُهْزَمُ الْجَمْعُ وَيُوَلُّونَ الدُّبُرَ , ثلاثة أرباع الحزب (53),الجزء السابع والعشرون
47,بَلِ السَّاعَةُ مَوْعِدُهُمْ وَالسَّاعَةُ أَدْهَىٰ وَأَمَرُّ, ثلاثة أرباع الحزب (53),الجزء السابع والعشرون
48,إِنَّ الْمُجْرِمِينَ فِي ضَلَالٍ وَسُعُرٍ , ثلاثة أرباع الحزب (53),الجزء السابع والعشرون
49,يَوْمَ يُسْحَبُونَ فِي النَّارِ عَلَىٰ وُجُوهِهِمْ ذُوقُوا مَسَّ سَقَرَ , ثلاثة أرباع الحزب (53),الجزء السابع والعشرون
50,إِنَّا كُلَّ شَيْءٍ خَلَقْنَاهُ بِقَدَرٍ , ثلاثة أرباع الحزب (53),الجزء السابع والعشرون
51,وَمَا أَمْرُنَا إِلَّا وَاحِدَةٌ كَلَمْحٍ بِالْبَصَرِ, ثلاثة أرباع الحزب (53),الجزء السابع والعشرون
52,وَلَقَدْ أَهْلَكْنَا أَشْيَاعَكُمْ فَهَلْ مِنْ مُدَّكِرٍ , ثلاثة أرباع الحزب (53),الجزء السابع والعشرون
53,وَكُلُّ شَيْءٍ فَعَلُوهُ فِي الزُّبُرِ, ثلاثة أرباع الحزب (53),الجزء السابع والعشرون
54,وَكُلُّ صَغِيرٍ وَكَبِيرٍ مُسْتَطَرٌ , ثلاثة أرباع الحزب (53),الجزء السابع والعشرون
55,إِنَّ الْمُتَّقِينَ فِي جَنَّاتٍ وَنَهَرٍ , ثلاثة أرباع الحزب (53),الجزء السابع والعشرون
56,فِي مَقْعَدِ صِدْقٍ عِنْدَ مَلِيكٍ مُقْتَدِرٍ, ثلاثة أرباع الحزب (53),الجزء السابع والعشرون
