﻿1,بِسْمِ اللَّهِ الرَّحْمَنِ الرَّحِيم, الحزب (54),الجزء السابع والعشرون
2,۞ الرَّحْمَٰنُ , الحزب (54),الجزء السابع والعشرون
3,عَلَّمَ الْقُرْآنَ , الحزب (54),الجزء السابع والعشرون
4,خَلَقَ الْإِنْسَانَ , الحزب (54),الجزء السابع والعشرون
5,عَلَّمَهُ الْبَيَانَ, الحزب (54),الجزء السابع والعشرون
6,الشَّمْسُ وَالْقَمَرُ بِحُسْبَانٍ , الحزب (54),الجزء السابع والعشرون
7,وَالنَّجْمُ وَالشَّجَرُ يَسْجُدَانِ , الحزب (54),الجزء السابع والعشرون
8,وَالسَّمَاءَ رَفَعَهَا وَوَضَعَ الْمِيزَانَ , الحزب (54),الجزء السابع والعشرون
9,أَلَّا تَطْغَوْا فِي الْمِيزَانِ, الحزب (54),الجزء السابع والعشرون
10,وَأَقِيمُوا الْوَزْنَ بِالْقِسْطِ وَلَا تُخْسِرُوا الْمِيزَانَ , الحزب (54),الجزء السابع والعشرون
11,وَالْأَرْضَ وَضَعَهَا لِلْأَنَامِ, الحزب (54),الجزء السابع والعشرون
12,فِيهَا فَاكِهَةٌ وَالنَّخْلُ ذَاتُ الْأَكْمَامِ , الحزب (54),الجزء السابع والعشرون
13,وَالْحَبُّ ذُو الْعَصْفِ وَالرَّيْحَانُ , الحزب (54),الجزء السابع والعشرون
14,فَبِأَيِّ آلَاءِ رَبِّكُمَا تُكَذِّبَانِ, الحزب (54),الجزء السابع والعشرون
15,خَلَقَ الْإِنْسَانَ مِنْ صَلْصَالٍ كَالْفَخَّارِ , الحزب (54),الجزء السابع والعشرون
16,وَخَلَقَ الْجَانَّ مِنْ مَارِجٍ مِنْ نَارٍ , الحزب (54),الجزء السابع والعشرون
17,فَبِأَيِّ آلَاءِ رَبِّكُمَا تُكَذِّبَانِ , الحزب (54),الجزء السابع والعشرون
18,رَبُّ الْمَشْرِقَيْنِ وَرَبُّ الْمَغْرِبَيْنِ , الحزب (54),الجزء السابع والعشرون
19,فَبِأَيِّ آلَاءِ رَبِّكُمَا تُكَذِّبَانِ , الحزب (54),الجزء السابع والعشرون
20,مَرَجَ الْبَحْرَيْنِ يَلْتَقِيَانِ , الحزب (54),الجزء السابع والعشرون
21,بَيْنَهُمَا بَرْزَخٌ لَا يَبْغِيَانِ, الحزب (54),الجزء السابع والعشرون
22,فَبِأَيِّ آلَاءِ رَبِّكُمَا تُكَذِّبَانِ , الحزب (54),الجزء السابع والعشرون
23,يَخْرُجُ مِنْهُمَا اللُّؤْلُؤُ وَالْمَرْجَانُ , الحزب (54),الجزء السابع والعشرون
24,فَبِأَيِّ آلَاءِ رَبِّكُمَا تُكَذِّبَانِ , الحزب (54),الجزء السابع والعشرون
25,وَلَهُ الْجَوَارِ الْمُنْشَآتُ فِي الْبَحْرِ كَالْأَعْلَامِ , الحزب (54),الجزء السابع والعشرون
26,فَبِأَيِّ آلَاءِ رَبِّكُمَا تُكَذِّبَانِ, الحزب (54),الجزء السابع والعشرون
27,كُلُّ مَنْ عَلَيْهَا فَانٍ, الحزب (54),الجزء السابع والعشرون
28,وَيَبْقَىٰ وَجْهُ رَبِّكَ ذُو الْجَلَالِ وَالْإِكْرَامِ , الحزب (54),الجزء السابع والعشرون
29,فَبِأَيِّ آلَاءِ رَبِّكُمَا تُكَذِّبَانِ , الحزب (54),الجزء السابع والعشرون
30,يَسْأَلُهُ مَنْ فِي السَّمَاوَاتِ وَالْأَرْضِ ۚ كُلَّ يَوْمٍ هُوَ فِي شَأْنٍ , الحزب (54),الجزء السابع والعشرون
31,فَبِأَيِّ آلَاءِ رَبِّكُمَا تُكَذِّبَانِ , الحزب (54),الجزء السابع والعشرون
32,سَنَفْرُغُ لَكُمْ أَيُّهَ الثَّقَلَانِ, الحزب (54),الجزء السابع والعشرون
33,فَبِأَيِّ آلَاءِ رَبِّكُمَا تُكَذِّبَانِ , الحزب (54),الجزء السابع والعشرون
34,يَا مَعْشَرَ الْجِنِّ وَالْإِنْسِ إِنِ اسْتَطَعْتُمْ أَنْ تَنْفُذُوا مِنْ أَقْطَارِ السَّمَاوَاتِ وَالْأَرْضِ فَانْفُذُوا ۚ لَا تَنْفُذُونَ إِلَّا بِسُلْطَانٍ , الحزب (54),الجزء السابع والعشرون
35,فَبِأَيِّ آلَاءِ رَبِّكُمَا تُكَذِّبَانِ, الحزب (54),الجزء السابع والعشرون
36,يُرْسَلُ عَلَيْكُمَا شُوَاظٌ مِنْ نَارٍ وَنُحَاسٌ فَلَا تَنْتَصِرَانِ , الحزب (54),الجزء السابع والعشرون
37,فَبِأَيِّ آلَاءِ رَبِّكُمَا تُكَذِّبَانِ , الحزب (54),الجزء السابع والعشرون
38,فَإِذَا انْشَقَّتِ السَّمَاءُ فَكَانَتْ وَرْدَةً كَالدِّهَانِ, الحزب (54),الجزء السابع والعشرون
39,فَبِأَيِّ آلَاءِ رَبِّكُمَا تُكَذِّبَانِ, الحزب (54),الجزء السابع والعشرون
40,فَيَوْمَئِذٍ لَا يُسْأَلُ عَنْ ذَنْبِهِ إِنْسٌ وَلَا جَانٌّ, الحزب (54),الجزء السابع والعشرون
41,فَبِأَيِّ آلَاءِ رَبِّكُمَا تُكَذِّبَانِ , الحزب (54),الجزء السابع والعشرون
42,يُعْرَفُ الْمُجْرِمُونَ بِسِيمَاهُمْ فَيُؤْخَذُ بِالنَّوَاصِي وَالْأَقْدَامِ , الحزب (54),الجزء السابع والعشرون
43,فَبِأَيِّ آلَاءِ رَبِّكُمَا تُكَذِّبَانِ , الحزب (54),الجزء السابع والعشرون
44,هَٰذِهِ جَهَنَّمُ الَّتِي يُكَذِّبُ بِهَا الْمُجْرِمُونَ , الحزب (54),الجزء السابع والعشرون
45,يَطُوفُونَ بَيْنَهَا وَبَيْنَ حَمِيمٍ آنٍ , الحزب (54),الجزء السابع والعشرون
46,فَبِأَيِّ آلَاءِ رَبِّكُمَا تُكَذِّبَانِ, الحزب (54),الجزء السابع والعشرون
47,وَلِمَنْ خَافَ مَقَامَ رَبِّهِ جَنَّتَانِ , الحزب (54),الجزء السابع والعشرون
48,فَبِأَيِّ آلَاءِ رَبِّكُمَا تُكَذِّبَانِ , الحزب (54),الجزء السابع والعشرون
49,ذَوَاتَا أَفْنَانٍ, الحزب (54),الجزء السابع والعشرون
50,فَبِأَيِّ آلَاءِ رَبِّكُمَا تُكَذِّبَانِ, الحزب (54),الجزء السابع والعشرون
51,فِيهِمَا عَيْنَانِ تَجْرِيَانِ, الحزب (54),الجزء السابع والعشرون
52,فَبِأَيِّ آلَاءِ رَبِّكُمَا تُكَذِّبَانِ, الحزب (54),الجزء السابع والعشرون
53,فِيهِمَا مِنْ كُلِّ فَاكِهَةٍ زَوْجَانِ, الحزب (54),الجزء السابع والعشرون
54,فَبِأَيِّ آلَاءِ رَبِّكُمَا تُكَذِّبَانِ , الحزب (54),الجزء السابع والعشرون
55,مُتَّكِئِينَ عَلَىٰ فُرُشٍ بَطَائِنُهَا مِنْ إِسْتَبْرَقٍ ۚ وَجَنَى الْجَنَّتَيْنِ دَانٍ, الحزب (54),الجزء السابع والعشرون
56,فَبِأَيِّ آلَاءِ رَبِّكُمَا تُكَذِّبَانِ , الحزب (54),الجزء السابع والعشرون
57,فِيهِنَّ قَاصِرَاتُ الطَّرْفِ لَمْ يَطْمِثْهُنَّ إِنْسٌ قَبْلَهُمْ وَلَا جَانٌّ , الحزب (54),الجزء السابع والعشرون
58,فَبِأَيِّ آلَاءِ رَبِّكُمَا تُكَذِّبَانِ , الحزب (54),الجزء السابع والعشرون
59,كَأَنَّهُنَّ الْيَاقُوتُ وَالْمَرْجَانُ , الحزب (54),الجزء السابع والعشرون
60,فَبِأَيِّ آلَاءِ رَبِّكُمَا تُكَذِّبَانِ, الحزب (54),الجزء السابع والعشرون
61,هَلْ جَزَاءُ الْإِحْسَانِ إِلَّا الْإِحْسَانُ , الحزب (54),الجزء السابع والعشرون
62,فَبِأَيِّ آلَاءِ رَبِّكُمَا تُكَذِّبَانِ , الحزب (54),الجزء السابع والعشرون
63,وَمِنْ دُونِهِمَا جَنَّتَانِ, الحزب (54),الجزء السابع والعشرون
64,فَبِأَيِّ آلَاءِ رَبِّكُمَا تُكَذِّبَانِ , الحزب (54),الجزء السابع والعشرون
65,مُدْهَامَّتَانِ, الحزب (54),الجزء السابع والعشرون
66,فَبِأَيِّ آلَاءِ رَبِّكُمَا تُكَذِّبَانِ, الحزب (54),الجزء السابع والعشرون
67,فِيهِمَا عَيْنَانِ نَضَّاخَتَانِ , الحزب (54),الجزء السابع والعشرون
68,فَبِأَيِّ آلَاءِ رَبِّكُمَا تُكَذِّبَانِ , الحزب (54),الجزء السابع والعشرون
69,فِيهِمَا فَاكِهَةٌ وَنَخْلٌ وَرُمَّانٌ, الحزب (54),الجزء السابع والعشرون
70,فَبِأَيِّ آلَاءِ رَبِّكُمَا تُكَذِّبَانِ , الحزب (54),الجزء السابع والعشرون
71,فِيهِنَّ خَيْرَاتٌ حِسَانٌ, الحزب (54),الجزء السابع والعشرون
72,فَبِأَيِّ آلَاءِ رَبِّكُمَا تُكَذِّبَانِ , الحزب (54),الجزء السابع والعشرون
73,حُورٌ مَقْصُورَاتٌ فِي الْخِيَامِ, الحزب (54),الجزء السابع والعشرون
74,فَبِأَيِّ آلَاءِ رَبِّكُمَا تُكَذِّبَانِ , الحزب (54),الجزء السابع والعشرون
75,لَمْ يَطْمِثْهُنَّ إِنْسٌ قَبْلَهُمْ وَلَا جَانٌّ , الحزب (54),الجزء السابع والعشرون
76,فَبِأَيِّ آلَاءِ رَبِّكُمَا تُكَذِّبَانِ , الحزب (54),الجزء السابع والعشرون
77,مُتَّكِئِينَ عَلَىٰ رَفْرَفٍ خُضْرٍ وَعَبْقَرِيٍّ حِسَانٍ , الحزب (54),الجزء السابع والعشرون
78,فَبِأَيِّ آلَاءِ رَبِّكُمَا تُكَذِّبَانِ , الحزب (54),الجزء السابع والعشرون
79,تَبَارَكَ اسْمُ رَبِّكَ ذِي الْجَلَالِ وَالْإِكْرَامِ, الحزب (54),الجزء السابع والعشرون
