﻿1,بِسْمِ اللَّهِ الرَّحْمَنِ الرَّحِيم, ربع الحزب (54),الجزء السابع والعشرون
2,۞ إِذَا وَقَعَتِ الْوَاقِعَةُ , ربع الحزب (54),الجزء السابع والعشرون
3,لَيْسَ لِوَقْعَتِهَا كَاذِبَةٌ , ربع الحزب (54),الجزء السابع والعشرون
4,خَافِضَةٌ رَافِعَةٌ, ربع الحزب (54),الجزء السابع والعشرون
5,إِذَا رُجَّتِ الْأَرْضُ رَجًّا, ربع الحزب (54),الجزء السابع والعشرون
6,وَبُسَّتِ الْجِبَالُ بَسًّا , ربع الحزب (54),الجزء السابع والعشرون
7,فَكَانَتْ هَبَاءً مُنْبَثًّا , ربع الحزب (54),الجزء السابع والعشرون
8,وَكُنْتُمْ أَزْوَاجًا ثَلَاثَةً , ربع الحزب (54),الجزء السابع والعشرون
9,فَأَصْحَابُ الْمَيْمَنَةِ مَا أَصْحَابُ الْمَيْمَنَةِ, ربع الحزب (54),الجزء السابع والعشرون
10,وَأَصْحَابُ الْمَشْأَمَةِ مَا أَصْحَابُ الْمَشْأَمَةِ , ربع الحزب (54),الجزء السابع والعشرون
11,وَالسَّابِقُونَ السَّابِقُونَ, ربع الحزب (54),الجزء السابع والعشرون
12,أُولَٰئِكَ الْمُقَرَّبُونَ , ربع الحزب (54),الجزء السابع والعشرون
13,فِي جَنَّاتِ النَّعِيمِ , ربع الحزب (54),الجزء السابع والعشرون
14,ثُلَّةٌ مِنَ الْأَوَّلِينَ, ربع الحزب (54),الجزء السابع والعشرون
15,وَقَلِيلٌ مِنَ الْآخِرِينَ , ربع الحزب (54),الجزء السابع والعشرون
16,عَلَىٰ سُرُرٍ مَوْضُونَةٍ , ربع الحزب (54),الجزء السابع والعشرون
17,مُتَّكِئِينَ عَلَيْهَا مُتَقَابِلِينَ , ربع الحزب (54),الجزء السابع والعشرون
18,يَطُوفُ عَلَيْهِمْ وِلْدَانٌ مُخَلَّدُونَ , ربع الحزب (54),الجزء السابع والعشرون
19,بِأَكْوَابٍ وَأَبَارِيقَ وَكَأْسٍ مِنْ مَعِينٍ, ربع الحزب (54),الجزء السابع والعشرون
20,لَا يُصَدَّعُونَ عَنْهَا وَلَا يُنْزِفُونَ, ربع الحزب (54),الجزء السابع والعشرون
21,وَفَاكِهَةٍ مِمَّا يَتَخَيَّرُونَ, ربع الحزب (54),الجزء السابع والعشرون
22,وَلَحْمِ طَيْرٍ مِمَّا يَشْتَهُونَ , ربع الحزب (54),الجزء السابع والعشرون
23,وَحُورٌ عِينٌ , ربع الحزب (54),الجزء السابع والعشرون
24,كَأَمْثَالِ اللُّؤْلُؤِ الْمَكْنُونِ , ربع الحزب (54),الجزء السابع والعشرون
25,جَزَاءً بِمَا كَانُوا يَعْمَلُونَ, ربع الحزب (54),الجزء السابع والعشرون
26,لَا يَسْمَعُونَ فِيهَا لَغْوًا وَلَا تَأْثِيمًا, ربع الحزب (54),الجزء السابع والعشرون
27,إِلَّا قِيلًا سَلَامًا سَلَامًا , ربع الحزب (54),الجزء السابع والعشرون
28,وَأَصْحَابُ الْيَمِينِ مَا أَصْحَابُ الْيَمِينِ, ربع الحزب (54),الجزء السابع والعشرون
29,فِي سِدْرٍ مَخْضُودٍ , ربع الحزب (54),الجزء السابع والعشرون
30,وَطَلْحٍ مَنْضُودٍ, ربع الحزب (54),الجزء السابع والعشرون
31,وَظِلٍّ مَمْدُودٍ, ربع الحزب (54),الجزء السابع والعشرون
32,وَمَاءٍ مَسْكُوبٍ , ربع الحزب (54),الجزء السابع والعشرون
33,وَفَاكِهَةٍ كَثِيرَةٍ , ربع الحزب (54),الجزء السابع والعشرون
34,لَا مَقْطُوعَةٍ وَلَا مَمْنُوعَةٍ, ربع الحزب (54),الجزء السابع والعشرون
35,وَفُرُشٍ مَرْفُوعَةٍ , ربع الحزب (54),الجزء السابع والعشرون
36,إِنَّا أَنْشَأْنَاهُنَّ إِنْشَاءً , ربع الحزب (54),الجزء السابع والعشرون
37,فَجَعَلْنَاهُنَّ أَبْكَارًا , ربع الحزب (54),الجزء السابع والعشرون
38,عُرُبًا أَتْرَابًا , ربع الحزب (54),الجزء السابع والعشرون
39,لِأَصْحَابِ الْيَمِينِ , ربع الحزب (54),الجزء السابع والعشرون
40,ثُلَّةٌ مِنَ الْأَوَّلِينَ , ربع الحزب (54),الجزء السابع والعشرون
41,وَثُلَّةٌ مِنَ الْآخِرِينَ , ربع الحزب (54),الجزء السابع والعشرون
42,وَأَصْحَابُ الشِّمَالِ مَا أَصْحَابُ الشِّمَالِ , ربع الحزب (54),الجزء السابع والعشرون
43,فِي سَمُومٍ وَحَمِيمٍ, ربع الحزب (54),الجزء السابع والعشرون
44,وَظِلٍّ مِنْ يَحْمُومٍ , ربع الحزب (54),الجزء السابع والعشرون
45,لَا بَارِدٍ وَلَا كَرِيمٍ, ربع الحزب (54),الجزء السابع والعشرون
46,إِنَّهُمْ كَانُوا قَبْلَ ذَٰلِكَ مُتْرَفِينَ , ربع الحزب (54),الجزء السابع والعشرون
47,وَكَانُوا يُصِرُّونَ عَلَى الْحِنْثِ الْعَظِيمِ , ربع الحزب (54),الجزء السابع والعشرون
48,وَكَانُوا يَقُولُونَ أَئِذَا مِتْنَا وَكُنَّا تُرَابًا وَعِظَامًا أَإِنَّا لَمَبْعُوثُونَ , ربع الحزب (54),الجزء السابع والعشرون
49,أَوَآبَاؤُنَا الْأَوَّلُونَ , ربع الحزب (54),الجزء السابع والعشرون
50,قُلْ إِنَّ الْأَوَّلِينَ وَالْآخِرِينَ , ربع الحزب (54),الجزء السابع والعشرون
51,لَمَجْمُوعُونَ إِلَىٰ مِيقَاتِ يَوْمٍ مَعْلُومٍ , ربع الحزب (54),الجزء السابع والعشرون
52,ثُمَّ إِنَّكُمْ أَيُّهَا الضَّالُّونَ الْمُكَذِّبُونَ, ربع الحزب (54),الجزء السابع والعشرون
53,لَآكِلُونَ مِنْ شَجَرٍ مِنْ زَقُّومٍ, ربع الحزب (54),الجزء السابع والعشرون
54,فَمَالِئُونَ مِنْهَا الْبُطُونَ , ربع الحزب (54),الجزء السابع والعشرون
55,فَشَارِبُونَ عَلَيْهِ مِنَ الْحَمِيمِ , ربع الحزب (54),الجزء السابع والعشرون
56,فَشَارِبُونَ شُرْبَ الْهِيمِ, ربع الحزب (54),الجزء السابع والعشرون
57,هَٰذَا نُزُلُهُمْ يَوْمَ الدِّينِ, ربع الحزب (54),الجزء السابع والعشرون
58,نَحْنُ خَلَقْنَاكُمْ فَلَوْلَا تُصَدِّقُونَ , ربع الحزب (54),الجزء السابع والعشرون
59,أَفَرَأَيْتُمْ مَا تُمْنُونَ , ربع الحزب (54),الجزء السابع والعشرون
60,أَأَنْتُمْ تَخْلُقُونَهُ أَمْ نَحْنُ الْخَالِقُونَ , ربع الحزب (54),الجزء السابع والعشرون
61,نَحْنُ قَدَّرْنَا بَيْنَكُمُ الْمَوْتَ وَمَا نَحْنُ بِمَسْبُوقِينَ, ربع الحزب (54),الجزء السابع والعشرون
62,عَلَىٰ أَنْ نُبَدِّلَ أَمْثَالَكُمْ وَنُنْشِئَكُمْ فِي مَا لَا تَعْلَمُونَ, ربع الحزب (54),الجزء السابع والعشرون
63,وَلَقَدْ عَلِمْتُمُ النَّشْأَةَ الْأُولَىٰ فَلَوْلَا تَذَكَّرُونَ , ربع الحزب (54),الجزء السابع والعشرون
64,أَفَرَأَيْتُمْ مَا تَحْرُثُونَ , ربع الحزب (54),الجزء السابع والعشرون
65,أَأَنْتُمْ تَزْرَعُونَهُ أَمْ نَحْنُ الزَّارِعُونَ, ربع الحزب (54),الجزء السابع والعشرون
66,لَوْ نَشَاءُ لَجَعَلْنَاهُ حُطَامًا فَظَلْتُمْ تَفَكَّهُونَ , ربع الحزب (54),الجزء السابع والعشرون
67,إِنَّا لَمُغْرَمُونَ, ربع الحزب (54),الجزء السابع والعشرون
68,بَلْ نَحْنُ مَحْرُومُونَ, ربع الحزب (54),الجزء السابع والعشرون
69,أَفَرَأَيْتُمُ الْمَاءَ الَّذِي تَشْرَبُونَ, ربع الحزب (54),الجزء السابع والعشرون
70,أَأَنْتُمْ أَنْزَلْتُمُوهُ مِنَ الْمُزْنِ أَمْ نَحْنُ الْمُنْزِلُونَ , ربع الحزب (54),الجزء السابع والعشرون
71,لَوْ نَشَاءُ جَعَلْنَاهُ أُجَاجًا فَلَوْلَا تَشْكُرُونَ , ربع الحزب (54),الجزء السابع والعشرون
72,أَفَرَأَيْتُمُ النَّارَ الَّتِي تُورُونَ, ربع الحزب (54),الجزء السابع والعشرون
73,أَأَنْتُمْ أَنْشَأْتُمْ شَجَرَتَهَا أَمْ نَحْنُ الْمُنْشِئُونَ, ربع الحزب (54),الجزء السابع والعشرون
74,نَحْنُ جَعَلْنَاهَا تَذْكِرَةً وَمَتَاعًا لِلْمُقْوِينَ, ربع الحزب (54),الجزء السابع والعشرون
75,فَسَبِّحْ بِاسْمِ رَبِّكَ الْعَظِيمِ , ربع الحزب (54),الجزء السابع والعشرون
76,۞ فَلَا أُقْسِمُ بِمَوَاقِعِ النُّجُومِ , نصف الحزب (54),الجزء السابع والعشرون
77,وَإِنَّهُ لَقَسَمٌ لَوْ تَعْلَمُونَ عَظِيمٌ , نصف الحزب (54),الجزء السابع والعشرون
78,إِنَّهُ لَقُرْآنٌ كَرِيمٌ , نصف الحزب (54),الجزء السابع والعشرون
79,فِي كِتَابٍ مَكْنُونٍ, نصف الحزب (54),الجزء السابع والعشرون
80,لَا يَمَسُّهُ إِلَّا الْمُطَهَّرُونَ, نصف الحزب (54),الجزء السابع والعشرون
81,تَنْزِيلٌ مِنْ رَبِّ الْعَالَمِينَ , نصف الحزب (54),الجزء السابع والعشرون
82,أَفَبِهَٰذَا الْحَدِيثِ أَنْتُمْ مُدْهِنُونَ, نصف الحزب (54),الجزء السابع والعشرون
83,وَتَجْعَلُونَ رِزْقَكُمْ أَنَّكُمْ تُكَذِّبُونَ , نصف الحزب (54),الجزء السابع والعشرون
84,فَلَوْلَا إِذَا بَلَغَتِ الْحُلْقُومَ, نصف الحزب (54),الجزء السابع والعشرون
85,وَأَنْتُمْ حِينَئِذٍ تَنْظُرُونَ, نصف الحزب (54),الجزء السابع والعشرون
86,وَنَحْنُ أَقْرَبُ إِلَيْهِ مِنْكُمْ وَلَٰكِنْ لَا تُبْصِرُونَ , نصف الحزب (54),الجزء السابع والعشرون
87,فَلَوْلَا إِنْ كُنْتُمْ غَيْرَ مَدِينِينَ , نصف الحزب (54),الجزء السابع والعشرون
88,تَرْجِعُونَهَا إِنْ كُنْتُمْ صَادِقِينَ , نصف الحزب (54),الجزء السابع والعشرون
89,فَأَمَّا إِنْ كَانَ مِنَ الْمُقَرَّبِينَ , نصف الحزب (54),الجزء السابع والعشرون
90,فَرَوْحٌ وَرَيْحَانٌ وَجَنَّتُ نَعِيمٍ , نصف الحزب (54),الجزء السابع والعشرون
91,وَأَمَّا إِنْ كَانَ مِنْ أَصْحَابِ الْيَمِينِ , نصف الحزب (54),الجزء السابع والعشرون
92,فَسَلَامٌ لَكَ مِنْ أَصْحَابِ الْيَمِينِ , نصف الحزب (54),الجزء السابع والعشرون
93,وَأَمَّا إِنْ كَانَ مِنَ الْمُكَذِّبِينَ الضَّالِّينَ , نصف الحزب (54),الجزء السابع والعشرون
94,فَنُزُلٌ مِنْ حَمِيمٍ , نصف الحزب (54),الجزء السابع والعشرون
95,وَتَصْلِيَةُ جَحِيمٍ, نصف الحزب (54),الجزء السابع والعشرون
96,إِنَّ هَٰذَا لَهُوَ حَقُّ الْيَقِينِ, نصف الحزب (54),الجزء السابع والعشرون
97,فَسَبِّحْ بِاسْمِ رَبِّكَ الْعَظِيمِ, نصف الحزب (54),الجزء السابع والعشرون
