﻿1,بِسْمِ اللَّهِ الرَّحْمَنِ الرَّحِيم, نصف الحزب (13),الجزء السابع
2,الْحَمْدُ لِلَّهِ الَّذِي خَلَقَ السَّمَاوَاتِ وَالْأَرْضَ وَجَعَلَ الظُّلُمَاتِ وَالنُّورَ ۖ ثُمَّ الَّذِينَ كَفَرُوا بِرَبِّهِمْ يَعْدِلُونَ , نصف الحزب (13),الجزء السابع
3,هُوَ الَّذِي خَلَقَكُمْ مِنْ طِينٍ ثُمَّ قَضَىٰ أَجَلًا ۖ وَأَجَلٌ مُسَمًّى عِنْدَهُ ۖ ثُمَّ أَنْتُمْ تَمْتَرُونَ , نصف الحزب (13),الجزء السابع
4,وَهُوَ اللَّهُ فِي السَّمَاوَاتِ وَفِي الْأَرْضِ ۖ يَعْلَمُ سِرَّكُمْ وَجَهْرَكُمْ وَيَعْلَمُ مَا تَكْسِبُونَ , نصف الحزب (13),الجزء السابع
5,وَمَا تَأْتِيهِمْ مِنْ آيَةٍ مِنْ آيَاتِ رَبِّهِمْ إِلَّا كَانُوا عَنْهَا مُعْرِضِينَ , نصف الحزب (13),الجزء السابع
6,فَقَدْ كَذَّبُوا بِالْحَقِّ لَمَّا جَاءَهُمْ ۖ فَسَوْفَ يَأْتِيهِمْ أَنْبَاءُ مَا كَانُوا بِهِ يَسْتَهْزِئُونَ , نصف الحزب (13),الجزء السابع
7,أَلَمْ يَرَوْا كَمْ أَهْلَكْنَا مِنْ قَبْلِهِمْ مِنْ قَرْنٍ مَكَّنَّاهُمْ فِي الْأَرْضِ مَا لَمْ نُمَكِّنْ لَكُمْ وَأَرْسَلْنَا السَّمَاءَ عَلَيْهِمْ مِدْرَارًا وَجَعَلْنَا الْأَنْهَارَ تَجْرِي مِنْ تَحْتِهِمْ فَأَهْلَكْنَاهُمْ بِذُنُوبِهِمْ وَأَنْشَأْنَا مِنْ بَعْدِهِمْ قَرْنًا آخَرِينَ, نصف الحزب (13),الجزء السابع
8,وَلَوْ نَزَّلْنَا عَلَيْكَ كِتَابًا فِي قِرْطَاسٍ فَلَمَسُوهُ بِأَيْدِيهِمْ لَقَالَ الَّذِينَ كَفَرُوا إِنْ هَٰذَا إِلَّا سِحْرٌ مُبِينٌ, نصف الحزب (13),الجزء السابع
9,وَقَالُوا لَوْلَا أُنْزِلَ عَلَيْهِ مَلَكٌ ۖ وَلَوْ أَنْزَلْنَا مَلَكًا لَقُضِيَ الْأَمْرُ ثُمَّ لَا يُنْظَرُونَ , نصف الحزب (13),الجزء السابع
10,وَلَوْ جَعَلْنَاهُ مَلَكًا لَجَعَلْنَاهُ رَجُلًا وَلَلَبَسْنَا عَلَيْهِمْ مَا يَلْبِسُونَ , نصف الحزب (13),الجزء السابع
11,وَلَقَدِ اسْتُهْزِئَ بِرُسُلٍ مِنْ قَبْلِكَ فَحَاقَ بِالَّذِينَ سَخِرُوا مِنْهُمْ مَا كَانُوا بِهِ يَسْتَهْزِئُونَ , نصف الحزب (13),الجزء السابع
12,قُلْ سِيرُوا فِي الْأَرْضِ ثُمَّ انْظُرُوا كَيْفَ كَانَ عَاقِبَةُ الْمُكَذِّبِينَ, نصف الحزب (13),الجزء السابع
13,قُلْ لِمَنْ مَا فِي السَّمَاوَاتِ وَالْأَرْضِ ۖ قُلْ لِلَّهِ ۚ كَتَبَ عَلَىٰ نَفْسِهِ الرَّحْمَةَ ۚ لَيَجْمَعَنَّكُمْ إِلَىٰ يَوْمِ الْقِيَامَةِ لَا رَيْبَ فِيهِ ۚ الَّذِينَ خَسِرُوا أَنْفُسَهُمْ فَهُمْ لَا يُؤْمِنُونَ , نصف الحزب (13),الجزء السابع
14,۞ وَلَهُ مَا سَكَنَ فِي اللَّيْلِ وَالنَّهَارِ ۚ وَهُوَ السَّمِيعُ الْعَلِيمُ, ثلاثة أرباع الحزب (13),الجزء السابع
15,قُلْ أَغَيْرَ اللَّهِ أَتَّخِذُ وَلِيًّا فَاطِرِ السَّمَاوَاتِ وَالْأَرْضِ وَهُوَ يُطْعِمُ وَلَا يُطْعَمُ ۗ قُلْ إِنِّي أُمِرْتُ أَنْ أَكُونَ أَوَّلَ مَنْ أَسْلَمَ ۖ وَلَا تَكُونَنَّ مِنَ الْمُشْرِكِينَ, ثلاثة أرباع الحزب (13),الجزء السابع
16,قُلْ إِنِّي أَخَافُ إِنْ عَصَيْتُ رَبِّي عَذَابَ يَوْمٍ عَظِيمٍ , ثلاثة أرباع الحزب (13),الجزء السابع
17,مَنْ يُصْرَفْ عَنْهُ يَوْمَئِذٍ فَقَدْ رَحِمَهُ ۚ وَذَٰلِكَ الْفَوْزُ الْمُبِينُ , ثلاثة أرباع الحزب (13),الجزء السابع
18,وَإِنْ يَمْسَسْكَ اللَّهُ بِضُرٍّ فَلَا كَاشِفَ لَهُ إِلَّا هُوَ ۖ وَإِنْ يَمْسَسْكَ بِخَيْرٍ فَهُوَ عَلَىٰ كُلِّ شَيْءٍ قَدِيرٌ, ثلاثة أرباع الحزب (13),الجزء السابع
19,وَهُوَ الْقَاهِرُ فَوْقَ عِبَادِهِ ۚ وَهُوَ الْحَكِيمُ الْخَبِيرُ , ثلاثة أرباع الحزب (13),الجزء السابع
20,قُلْ أَيُّ شَيْءٍ أَكْبَرُ شَهَادَةً ۖ قُلِ اللَّهُ ۖ شَهِيدٌ بَيْنِي وَبَيْنَكُمْ ۚ وَأُوحِيَ إِلَيَّ هَٰذَا الْقُرْآنُ لِأُنْذِرَكُمْ بِهِ وَمَنْ بَلَغَ ۚ أَئِنَّكُمْ لَتَشْهَدُونَ أَنَّ مَعَ اللَّهِ آلِهَةً أُخْرَىٰ ۚ قُلْ لَا أَشْهَدُ ۚ قُلْ إِنَّمَا هُوَ إِلَٰهٌ وَاحِدٌ وَإِنَّنِي بَرِيءٌ مِمَّا تُشْرِكُونَ , ثلاثة أرباع الحزب (13),الجزء السابع
21,الَّذِينَ آتَيْنَاهُمُ الْكِتَابَ يَعْرِفُونَهُ كَمَا يَعْرِفُونَ أَبْنَاءَهُمُ ۘ الَّذِينَ خَسِرُوا أَنْفُسَهُمْ فَهُمْ لَا يُؤْمِنُونَ , ثلاثة أرباع الحزب (13),الجزء السابع
22,وَمَنْ أَظْلَمُ مِمَّنِ افْتَرَىٰ عَلَى اللَّهِ كَذِبًا أَوْ كَذَّبَ بِآيَاتِهِ ۗ إِنَّهُ لَا يُفْلِحُ الظَّالِمُونَ, ثلاثة أرباع الحزب (13),الجزء السابع
23,وَيَوْمَ نَحْشُرُهُمْ جَمِيعًا ثُمَّ نَقُولُ لِلَّذِينَ أَشْرَكُوا أَيْنَ شُرَكَاؤُكُمُ الَّذِينَ كُنْتُمْ تَزْعُمُونَ, ثلاثة أرباع الحزب (13),الجزء السابع
24,ثُمَّ لَمْ تَكُنْ فِتْنَتُهُمْ إِلَّا أَنْ قَالُوا وَاللَّهِ رَبِّنَا مَا كُنَّا مُشْرِكِينَ, ثلاثة أرباع الحزب (13),الجزء السابع
25,انْظُرْ كَيْفَ كَذَبُوا عَلَىٰ أَنْفُسِهِمْ ۚ وَضَلَّ عَنْهُمْ مَا كَانُوا يَفْتَرُونَ, ثلاثة أرباع الحزب (13),الجزء السابع
26,وَمِنْهُمْ مَنْ يَسْتَمِعُ إِلَيْكَ ۖ وَجَعَلْنَا عَلَىٰ قُلُوبِهِمْ أَكِنَّةً أَنْ يَفْقَهُوهُ وَفِي آذَانِهِمْ وَقْرًا ۚ وَإِنْ يَرَوْا كُلَّ آيَةٍ لَا يُؤْمِنُوا بِهَا ۚ حَتَّىٰ إِذَا جَاءُوكَ يُجَادِلُونَكَ يَقُولُ الَّذِينَ كَفَرُوا إِنْ هَٰذَا إِلَّا أَسَاطِيرُ الْأَوَّلِينَ, ثلاثة أرباع الحزب (13),الجزء السابع
27,وَهُمْ يَنْهَوْنَ عَنْهُ وَيَنْأَوْنَ عَنْهُ ۖ وَإِنْ يُهْلِكُونَ إِلَّا أَنْفُسَهُمْ وَمَا يَشْعُرُونَ , ثلاثة أرباع الحزب (13),الجزء السابع
28,وَلَوْ تَرَىٰ إِذْ وُقِفُوا عَلَى النَّارِ فَقَالُوا يَا لَيْتَنَا نُرَدُّ وَلَا نُكَذِّبَ بِآيَاتِ رَبِّنَا وَنَكُونَ مِنَ الْمُؤْمِنِينَ , ثلاثة أرباع الحزب (13),الجزء السابع
29,بَلْ بَدَا لَهُمْ مَا كَانُوا يُخْفُونَ مِنْ قَبْلُ ۖ وَلَوْ رُدُّوا لَعَادُوا لِمَا نُهُوا عَنْهُ وَإِنَّهُمْ لَكَاذِبُونَ, ثلاثة أرباع الحزب (13),الجزء السابع
30,وَقَالُوا إِنْ هِيَ إِلَّا حَيَاتُنَا الدُّنْيَا وَمَا نَحْنُ بِمَبْعُوثِينَ, ثلاثة أرباع الحزب (13),الجزء السابع
31,وَلَوْ تَرَىٰ إِذْ وُقِفُوا عَلَىٰ رَبِّهِمْ ۚ قَالَ أَلَيْسَ هَٰذَا بِالْحَقِّ ۚ قَالُوا بَلَىٰ وَرَبِّنَا ۚ قَالَ فَذُوقُوا الْعَذَابَ بِمَا كُنْتُمْ تَكْفُرُونَ, ثلاثة أرباع الحزب (13),الجزء السابع
32,قَدْ خَسِرَ الَّذِينَ كَذَّبُوا بِلِقَاءِ اللَّهِ ۖ حَتَّىٰ إِذَا جَاءَتْهُمُ السَّاعَةُ بَغْتَةً قَالُوا يَا حَسْرَتَنَا عَلَىٰ مَا فَرَّطْنَا فِيهَا وَهُمْ يَحْمِلُونَ أَوْزَارَهُمْ عَلَىٰ ظُهُورِهِمْ ۚ أَلَا سَاءَ مَا يَزِرُونَ , ثلاثة أرباع الحزب (13),الجزء السابع
33,وَمَا الْحَيَاةُ الدُّنْيَا إِلَّا لَعِبٌ وَلَهْوٌ ۖ وَلَلدَّارُ الْآخِرَةُ خَيْرٌ لِلَّذِينَ يَتَّقُونَ ۗ أَفَلَا تَعْقِلُونَ , ثلاثة أرباع الحزب (13),الجزء السابع
34,قَدْ نَعْلَمُ إِنَّهُ لَيَحْزُنُكَ الَّذِي يَقُولُونَ ۖ فَإِنَّهُمْ لَا يُكَذِّبُونَكَ وَلَٰكِنَّ الظَّالِمِينَ بِآيَاتِ اللَّهِ يَجْحَدُونَ, ثلاثة أرباع الحزب (13),الجزء السابع
35,وَلَقَدْ كُذِّبَتْ رُسُلٌ مِنْ قَبْلِكَ فَصَبَرُوا عَلَىٰ مَا كُذِّبُوا وَأُوذُوا حَتَّىٰ أَتَاهُمْ نَصْرُنَا ۚ وَلَا مُبَدِّلَ لِكَلِمَاتِ اللَّهِ ۚ وَلَقَدْ جَاءَكَ مِنْ نَبَإِ الْمُرْسَلِينَ , ثلاثة أرباع الحزب (13),الجزء السابع
36,وَإِنْ كَانَ كَبُرَ عَلَيْكَ إِعْرَاضُهُمْ فَإِنِ اسْتَطَعْتَ أَنْ تَبْتَغِيَ نَفَقًا فِي الْأَرْضِ أَوْ سُلَّمًا فِي السَّمَاءِ فَتَأْتِيَهُمْ بِآيَةٍ ۚ وَلَوْ شَاءَ اللَّهُ لَجَمَعَهُمْ عَلَى الْهُدَىٰ ۚ فَلَا تَكُونَنَّ مِنَ الْجَاهِلِينَ, ثلاثة أرباع الحزب (13),الجزء السابع
37,۞ إِنَّمَا يَسْتَجِيبُ الَّذِينَ يَسْمَعُونَ ۘ وَالْمَوْتَىٰ يَبْعَثُهُمُ اللَّهُ ثُمَّ إِلَيْهِ يُرْجَعُونَ , الحزب (14),الجزء السابع
38,وَقَالُوا لَوْلَا نُزِّلَ عَلَيْهِ آيَةٌ مِنْ رَبِّهِ ۚ قُلْ إِنَّ اللَّهَ قَادِرٌ عَلَىٰ أَنْ يُنَزِّلَ آيَةً وَلَٰكِنَّ أَكْثَرَهُمْ لَا يَعْلَمُونَ , الحزب (14),الجزء السابع
39,وَمَا مِنْ دَابَّةٍ فِي الْأَرْضِ وَلَا طَائِرٍ يَطِيرُ بِجَنَاحَيْهِ إِلَّا أُمَمٌ أَمْثَالُكُمْ ۚ مَا فَرَّطْنَا فِي الْكِتَابِ مِنْ شَيْءٍ ۚ ثُمَّ إِلَىٰ رَبِّهِمْ يُحْشَرُونَ , الحزب (14),الجزء السابع
40,وَالَّذِينَ كَذَّبُوا بِآيَاتِنَا صُمٌّ وَبُكْمٌ فِي الظُّلُمَاتِ ۗ مَنْ يَشَإِ اللَّهُ يُضْلِلْهُ وَمَنْ يَشَأْ يَجْعَلْهُ عَلَىٰ صِرَاطٍ مُسْتَقِيمٍ , الحزب (14),الجزء السابع
41,قُلْ أَرَأَيْتَكُمْ إِنْ أَتَاكُمْ عَذَابُ اللَّهِ أَوْ أَتَتْكُمُ السَّاعَةُ أَغَيْرَ اللَّهِ تَدْعُونَ إِنْ كُنْتُمْ صَادِقِينَ, الحزب (14),الجزء السابع
42,بَلْ إِيَّاهُ تَدْعُونَ فَيَكْشِفُ مَا تَدْعُونَ إِلَيْهِ إِنْ شَاءَ وَتَنْسَوْنَ مَا تُشْرِكُونَ, الحزب (14),الجزء السابع
43,وَلَقَدْ أَرْسَلْنَا إِلَىٰ أُمَمٍ مِنْ قَبْلِكَ فَأَخَذْنَاهُمْ بِالْبَأْسَاءِ وَالضَّرَّاءِ لَعَلَّهُمْ يَتَضَرَّعُونَ, الحزب (14),الجزء السابع
44,فَلَوْلَا إِذْ جَاءَهُمْ بَأْسُنَا تَضَرَّعُوا وَلَٰكِنْ قَسَتْ قُلُوبُهُمْ وَزَيَّنَ لَهُمُ الشَّيْطَانُ مَا كَانُوا يَعْمَلُونَ , الحزب (14),الجزء السابع
45,فَلَمَّا نَسُوا مَا ذُكِّرُوا بِهِ فَتَحْنَا عَلَيْهِمْ أَبْوَابَ كُلِّ شَيْءٍ حَتَّىٰ إِذَا فَرِحُوا بِمَا أُوتُوا أَخَذْنَاهُمْ بَغْتَةً فَإِذَا هُمْ مُبْلِسُونَ , الحزب (14),الجزء السابع
46,فَقُطِعَ دَابِرُ الْقَوْمِ الَّذِينَ ظَلَمُوا ۚ وَالْحَمْدُ لِلَّهِ رَبِّ الْعَالَمِينَ , الحزب (14),الجزء السابع
47,قُلْ أَرَأَيْتُمْ إِنْ أَخَذَ اللَّهُ سَمْعَكُمْ وَأَبْصَارَكُمْ وَخَتَمَ عَلَىٰ قُلُوبِكُمْ مَنْ إِلَٰهٌ غَيْرُ اللَّهِ يَأْتِيكُمْ بِهِ ۗ انْظُرْ كَيْفَ نُصَرِّفُ الْآيَاتِ ثُمَّ هُمْ يَصْدِفُونَ , الحزب (14),الجزء السابع
48,قُلْ أَرَأَيْتَكُمْ إِنْ أَتَاكُمْ عَذَابُ اللَّهِ بَغْتَةً أَوْ جَهْرَةً هَلْ يُهْلَكُ إِلَّا الْقَوْمُ الظَّالِمُونَ , الحزب (14),الجزء السابع
49,وَمَا نُرْسِلُ الْمُرْسَلِينَ إِلَّا مُبَشِّرِينَ وَمُنْذِرِينَ ۖ فَمَنْ آمَنَ وَأَصْلَحَ فَلَا خَوْفٌ عَلَيْهِمْ وَلَا هُمْ يَحْزَنُونَ, الحزب (14),الجزء السابع
50,وَالَّذِينَ كَذَّبُوا بِآيَاتِنَا يَمَسُّهُمُ الْعَذَابُ بِمَا كَانُوا يَفْسُقُونَ , الحزب (14),الجزء السابع
51,قُلْ لَا أَقُولُ لَكُمْ عِنْدِي خَزَائِنُ اللَّهِ وَلَا أَعْلَمُ الْغَيْبَ وَلَا أَقُولُ لَكُمْ إِنِّي مَلَكٌ ۖ إِنْ أَتَّبِعُ إِلَّا مَا يُوحَىٰ إِلَيَّ ۚ قُلْ هَلْ يَسْتَوِي الْأَعْمَىٰ وَالْبَصِيرُ ۚ أَفَلَا تَتَفَكَّرُونَ, الحزب (14),الجزء السابع
52,وَأَنْذِرْ بِهِ الَّذِينَ يَخَافُونَ أَنْ يُحْشَرُوا إِلَىٰ رَبِّهِمْ ۙ لَيْسَ لَهُمْ مِنْ دُونِهِ وَلِيٌّ وَلَا شَفِيعٌ لَعَلَّهُمْ يَتَّقُونَ, الحزب (14),الجزء السابع
53,وَلَا تَطْرُدِ الَّذِينَ يَدْعُونَ رَبَّهُمْ بِالْغَدَاةِ وَالْعَشِيِّ يُرِيدُونَ وَجْهَهُ ۖ مَا عَلَيْكَ مِنْ حِسَابِهِمْ مِنْ شَيْءٍ وَمَا مِنْ حِسَابِكَ عَلَيْهِمْ مِنْ شَيْءٍ فَتَطْرُدَهُمْ فَتَكُونَ مِنَ الظَّالِمِينَ , الحزب (14),الجزء السابع
54,وَكَذَٰلِكَ فَتَنَّا بَعْضَهُمْ بِبَعْضٍ لِيَقُولُوا أَهَٰؤُلَاءِ مَنَّ اللَّهُ عَلَيْهِمْ مِنْ بَيْنِنَا ۗ أَلَيْسَ اللَّهُ بِأَعْلَمَ بِالشَّاكِرِينَ , الحزب (14),الجزء السابع
55,وَإِذَا جَاءَكَ الَّذِينَ يُؤْمِنُونَ بِآيَاتِنَا فَقُلْ سَلَامٌ عَلَيْكُمْ ۖ كَتَبَ رَبُّكُمْ عَلَىٰ نَفْسِهِ الرَّحْمَةَ ۖ أَنَّهُ مَنْ عَمِلَ مِنْكُمْ سُوءًا بِجَهَالَةٍ ثُمَّ تَابَ مِنْ بَعْدِهِ وَأَصْلَحَ فَأَنَّهُ غَفُورٌ رَحِيمٌ , الحزب (14),الجزء السابع
56,وَكَذَٰلِكَ نُفَصِّلُ الْآيَاتِ وَلِتَسْتَبِينَ سَبِيلُ الْمُجْرِمِينَ, الحزب (14),الجزء السابع
57,قُلْ إِنِّي نُهِيتُ أَنْ أَعْبُدَ الَّذِينَ تَدْعُونَ مِنْ دُونِ اللَّهِ ۚ قُلْ لَا أَتَّبِعُ أَهْوَاءَكُمْ ۙ قَدْ ضَلَلْتُ إِذًا وَمَا أَنَا مِنَ الْمُهْتَدِينَ, الحزب (14),الجزء السابع
58,قُلْ إِنِّي عَلَىٰ بَيِّنَةٍ مِنْ رَبِّي وَكَذَّبْتُمْ بِهِ ۚ مَا عِنْدِي مَا تَسْتَعْجِلُونَ بِهِ ۚ إِنِ الْحُكْمُ إِلَّا لِلَّهِ ۖ يَقُصُّ الْحَقَّ ۖ وَهُوَ خَيْرُ الْفَاصِلِينَ , الحزب (14),الجزء السابع
59,قُلْ لَوْ أَنَّ عِنْدِي مَا تَسْتَعْجِلُونَ بِهِ لَقُضِيَ الْأَمْرُ بَيْنِي وَبَيْنَكُمْ ۗ وَاللَّهُ أَعْلَمُ بِالظَّالِمِينَ , الحزب (14),الجزء السابع
60,۞ وَعِنْدَهُ مَفَاتِحُ الْغَيْبِ لَا يَعْلَمُهَا إِلَّا هُوَ ۚ وَيَعْلَمُ مَا فِي الْبَرِّ وَالْبَحْرِ ۚ وَمَا تَسْقُطُ مِنْ وَرَقَةٍ إِلَّا يَعْلَمُهَا وَلَا حَبَّةٍ فِي ظُلُمَاتِ الْأَرْضِ وَلَا رَطْبٍ وَلَا يَابِسٍ إِلَّا فِي كِتَابٍ مُبِينٍ , ربع الحزب (14),الجزء السابع
61,وَهُوَ الَّذِي يَتَوَفَّاكُمْ بِاللَّيْلِ وَيَعْلَمُ مَا جَرَحْتُمْ بِالنَّهَارِ ثُمَّ يَبْعَثُكُمْ فِيهِ لِيُقْضَىٰ أَجَلٌ مُسَمًّى ۖ ثُمَّ إِلَيْهِ مَرْجِعُكُمْ ثُمَّ يُنَبِّئُكُمْ بِمَا كُنْتُمْ تَعْمَلُونَ, ربع الحزب (14),الجزء السابع
62,وَهُوَ الْقَاهِرُ فَوْقَ عِبَادِهِ ۖ وَيُرْسِلُ عَلَيْكُمْ حَفَظَةً حَتَّىٰ إِذَا جَاءَ أَحَدَكُمُ الْمَوْتُ تَوَفَّتْهُ رُسُلُنَا وَهُمْ لَا يُفَرِّطُونَ, ربع الحزب (14),الجزء السابع
63,ثُمَّ رُدُّوا إِلَى اللَّهِ مَوْلَاهُمُ الْحَقِّ ۚ أَلَا لَهُ الْحُكْمُ وَهُوَ أَسْرَعُ الْحَاسِبِينَ , ربع الحزب (14),الجزء السابع
64,قُلْ مَنْ يُنَجِّيكُمْ مِنْ ظُلُمَاتِ الْبَرِّ وَالْبَحْرِ تَدْعُونَهُ تَضَرُّعًا وَخُفْيَةً لَئِنْ أَنْجَانَا مِنْ هَٰذِهِ لَنَكُونَنَّ مِنَ الشَّاكِرِينَ, ربع الحزب (14),الجزء السابع
65,قُلِ اللَّهُ يُنَجِّيكُمْ مِنْهَا وَمِنْ كُلِّ كَرْبٍ ثُمَّ أَنْتُمْ تُشْرِكُونَ, ربع الحزب (14),الجزء السابع
66,قُلْ هُوَ الْقَادِرُ عَلَىٰ أَنْ يَبْعَثَ عَلَيْكُمْ عَذَابًا مِنْ فَوْقِكُمْ أَوْ مِنْ تَحْتِ أَرْجُلِكُمْ أَوْ يَلْبِسَكُمْ شِيَعًا وَيُذِيقَ بَعْضَكُمْ بَأْسَ بَعْضٍ ۗ انْظُرْ كَيْفَ نُصَرِّفُ الْآيَاتِ لَعَلَّهُمْ يَفْقَهُونَ , ربع الحزب (14),الجزء السابع
67,وَكَذَّبَ بِهِ قَوْمُكَ وَهُوَ الْحَقُّ ۚ قُلْ لَسْتُ عَلَيْكُمْ بِوَكِيلٍ , ربع الحزب (14),الجزء السابع
68,لِكُلِّ نَبَإٍ مُسْتَقَرٌّ ۚ وَسَوْفَ تَعْلَمُونَ, ربع الحزب (14),الجزء السابع
69,وَإِذَا رَأَيْتَ الَّذِينَ يَخُوضُونَ فِي آيَاتِنَا فَأَعْرِضْ عَنْهُمْ حَتَّىٰ يَخُوضُوا فِي حَدِيثٍ غَيْرِهِ ۚ وَإِمَّا يُنْسِيَنَّكَ الشَّيْطَانُ فَلَا تَقْعُدْ بَعْدَ الذِّكْرَىٰ مَعَ الْقَوْمِ الظَّالِمِينَ, ربع الحزب (14),الجزء السابع
70,وَمَا عَلَى الَّذِينَ يَتَّقُونَ مِنْ حِسَابِهِمْ مِنْ شَيْءٍ وَلَٰكِنْ ذِكْرَىٰ لَعَلَّهُمْ يَتَّقُونَ , ربع الحزب (14),الجزء السابع
71,وَذَرِ الَّذِينَ اتَّخَذُوا دِينَهُمْ لَعِبًا وَلَهْوًا وَغَرَّتْهُمُ الْحَيَاةُ الدُّنْيَا ۚ وَذَكِّرْ بِهِ أَنْ تُبْسَلَ نَفْسٌ بِمَا كَسَبَتْ لَيْسَ لَهَا مِنْ دُونِ اللَّهِ وَلِيٌّ وَلَا شَفِيعٌ وَإِنْ تَعْدِلْ كُلَّ عَدْلٍ لَا يُؤْخَذْ مِنْهَا ۗ أُولَٰئِكَ الَّذِينَ أُبْسِلُوا بِمَا كَسَبُوا ۖ لَهُمْ شَرَابٌ مِنْ حَمِيمٍ وَعَذَابٌ أَلِيمٌ بِمَا كَانُوا يَكْفُرُونَ , ربع الحزب (14),الجزء السابع
72,قُلْ أَنَدْعُو مِنْ دُونِ اللَّهِ مَا لَا يَنْفَعُنَا وَلَا يَضُرُّنَا وَنُرَدُّ عَلَىٰ أَعْقَابِنَا بَعْدَ إِذْ هَدَانَا اللَّهُ كَالَّذِي اسْتَهْوَتْهُ الشَّيَاطِينُ فِي الْأَرْضِ حَيْرَانَ لَهُ أَصْحَابٌ يَدْعُونَهُ إِلَى الْهُدَى ائْتِنَا ۗ قُلْ إِنَّ هُدَى اللَّهِ هُوَ الْهُدَىٰ ۖ وَأُمِرْنَا لِنُسْلِمَ لِرَبِّ الْعَالَمِينَ , ربع الحزب (14),الجزء السابع
73,وَأَنْ أَقِيمُوا الصَّلَاةَ وَاتَّقُوهُ ۚ وَهُوَ الَّذِي إِلَيْهِ تُحْشَرُونَ, ربع الحزب (14),الجزء السابع
74,وَهُوَ الَّذِي خَلَقَ السَّمَاوَاتِ وَالْأَرْضَ بِالْحَقِّ ۖ وَيَوْمَ يَقُولُ كُنْ فَيَكُونُ ۚ قَوْلُهُ الْحَقُّ ۚ وَلَهُ الْمُلْكُ يَوْمَ يُنْفَخُ فِي الصُّورِ ۚ عَالِمُ الْغَيْبِ وَالشَّهَادَةِ ۚ وَهُوَ الْحَكِيمُ الْخَبِيرُ , ربع الحزب (14),الجزء السابع
75,۞ وَإِذْ قَالَ إِبْرَاهِيمُ لِأَبِيهِ آزَرَ أَتَتَّخِذُ أَصْنَامًا آلِهَةً ۖ إِنِّي أَرَاكَ وَقَوْمَكَ فِي ضَلَالٍ مُبِينٍ , نصف الحزب (14),الجزء السابع
76,وَكَذَٰلِكَ نُرِي إِبْرَاهِيمَ مَلَكُوتَ السَّمَاوَاتِ وَالْأَرْضِ وَلِيَكُونَ مِنَ الْمُوقِنِينَ , نصف الحزب (14),الجزء السابع
77,فَلَمَّا جَنَّ عَلَيْهِ اللَّيْلُ رَأَىٰ كَوْكَبًا ۖ قَالَ هَٰذَا رَبِّي ۖ فَلَمَّا أَفَلَ قَالَ لَا أُحِبُّ الْآفِلِينَ , نصف الحزب (14),الجزء السابع
78,فَلَمَّا رَأَى الْقَمَرَ بَازِغًا قَالَ هَٰذَا رَبِّي ۖ فَلَمَّا أَفَلَ قَالَ لَئِنْ لَمْ يَهْدِنِي رَبِّي لَأَكُونَنَّ مِنَ الْقَوْمِ الضَّالِّينَ , نصف الحزب (14),الجزء السابع
79,فَلَمَّا رَأَى الشَّمْسَ بَازِغَةً قَالَ هَٰذَا رَبِّي هَٰذَا أَكْبَرُ ۖ فَلَمَّا أَفَلَتْ قَالَ يَا قَوْمِ إِنِّي بَرِيءٌ مِمَّا تُشْرِكُونَ , نصف الحزب (14),الجزء السابع
80,إِنِّي وَجَّهْتُ وَجْهِيَ لِلَّذِي فَطَرَ السَّمَاوَاتِ وَالْأَرْضَ حَنِيفًا ۖ وَمَا أَنَا مِنَ الْمُشْرِكِينَ, نصف الحزب (14),الجزء السابع
81,وَحَاجَّهُ قَوْمُهُ ۚ قَالَ أَتُحَاجُّونِّي فِي اللَّهِ وَقَدْ هَدَانِ ۚ وَلَا أَخَافُ مَا تُشْرِكُونَ بِهِ إِلَّا أَنْ يَشَاءَ رَبِّي شَيْئًا ۗ وَسِعَ رَبِّي كُلَّ شَيْءٍ عِلْمًا ۗ أَفَلَا تَتَذَكَّرُونَ, نصف الحزب (14),الجزء السابع
82,وَكَيْفَ أَخَافُ مَا أَشْرَكْتُمْ وَلَا تَخَافُونَ أَنَّكُمْ أَشْرَكْتُمْ بِاللَّهِ مَا لَمْ يُنَزِّلْ بِهِ عَلَيْكُمْ سُلْطَانًا ۚ فَأَيُّ الْفَرِيقَيْنِ أَحَقُّ بِالْأَمْنِ ۖ إِنْ كُنْتُمْ تَعْلَمُونَ , نصف الحزب (14),الجزء السابع
83,الَّذِينَ آمَنُوا وَلَمْ يَلْبِسُوا إِيمَانَهُمْ بِظُلْمٍ أُولَٰئِكَ لَهُمُ الْأَمْنُ وَهُمْ مُهْتَدُونَ, نصف الحزب (14),الجزء السابع
84,وَتِلْكَ حُجَّتُنَا آتَيْنَاهَا إِبْرَاهِيمَ عَلَىٰ قَوْمِهِ ۚ نَرْفَعُ دَرَجَاتٍ مَنْ نَشَاءُ ۗ إِنَّ رَبَّكَ حَكِيمٌ عَلِيمٌ , نصف الحزب (14),الجزء السابع
85,وَوَهَبْنَا لَهُ إِسْحَاقَ وَيَعْقُوبَ ۚ كُلًّا هَدَيْنَا ۚ وَنُوحًا هَدَيْنَا مِنْ قَبْلُ ۖ وَمِنْ ذُرِّيَّتِهِ دَاوُودَ وَسُلَيْمَانَ وَأَيُّوبَ وَيُوسُفَ وَمُوسَىٰ وَهَارُونَ ۚ وَكَذَٰلِكَ نَجْزِي الْمُحْسِنِينَ , نصف الحزب (14),الجزء السابع
86,وَزَكَرِيَّا وَيَحْيَىٰ وَعِيسَىٰ وَإِلْيَاسَ ۖ كُلٌّ مِنَ الصَّالِحِينَ , نصف الحزب (14),الجزء السابع
87,وَإِسْمَاعِيلَ وَالْيَسَعَ وَيُونُسَ وَلُوطًا ۚ وَكُلًّا فَضَّلْنَا عَلَى الْعَالَمِينَ , نصف الحزب (14),الجزء السابع
88,وَمِنْ آبَائِهِمْ وَذُرِّيَّاتِهِمْ وَإِخْوَانِهِمْ ۖ وَاجْتَبَيْنَاهُمْ وَهَدَيْنَاهُمْ إِلَىٰ صِرَاطٍ مُسْتَقِيمٍ , نصف الحزب (14),الجزء السابع
89,ذَٰلِكَ هُدَى اللَّهِ يَهْدِي بِهِ مَنْ يَشَاءُ مِنْ عِبَادِهِ ۚ وَلَوْ أَشْرَكُوا لَحَبِطَ عَنْهُمْ مَا كَانُوا يَعْمَلُونَ , نصف الحزب (14),الجزء السابع
90,أُولَٰئِكَ الَّذِينَ آتَيْنَاهُمُ الْكِتَابَ وَالْحُكْمَ وَالنُّبُوَّةَ ۚ فَإِنْ يَكْفُرْ بِهَا هَٰؤُلَاءِ فَقَدْ وَكَّلْنَا بِهَا قَوْمًا لَيْسُوا بِهَا بِكَافِرِينَ , نصف الحزب (14),الجزء السابع
91,أُولَٰئِكَ الَّذِينَ هَدَى اللَّهُ ۖ فَبِهُدَاهُمُ اقْتَدِهْ ۗ قُلْ لَا أَسْأَلُكُمْ عَلَيْهِ أَجْرًا ۖ إِنْ هُوَ إِلَّا ذِكْرَىٰ لِلْعَالَمِينَ, نصف الحزب (14),الجزء السابع
92,وَمَا قَدَرُوا اللَّهَ حَقَّ قَدْرِهِ إِذْ قَالُوا مَا أَنْزَلَ اللَّهُ عَلَىٰ بَشَرٍ مِنْ شَيْءٍ ۗ قُلْ مَنْ أَنْزَلَ الْكِتَابَ الَّذِي جَاءَ بِهِ مُوسَىٰ نُورًا وَهُدًى لِلنَّاسِ ۖ تَجْعَلُونَهُ قَرَاطِيسَ تُبْدُونَهَا وَتُخْفُونَ كَثِيرًا ۖ وَعُلِّمْتُمْ مَا لَمْ تَعْلَمُوا أَنْتُمْ وَلَا آبَاؤُكُمْ ۖ قُلِ اللَّهُ ۖ ثُمَّ ذَرْهُمْ فِي خَوْضِهِمْ يَلْعَبُونَ, نصف الحزب (14),الجزء السابع
93,وَهَٰذَا كِتَابٌ أَنْزَلْنَاهُ مُبَارَكٌ مُصَدِّقُ الَّذِي بَيْنَ يَدَيْهِ وَلِتُنْذِرَ أُمَّ الْقُرَىٰ وَمَنْ حَوْلَهَا ۚ وَالَّذِينَ يُؤْمِنُونَ بِالْآخِرَةِ يُؤْمِنُونَ بِهِ ۖ وَهُمْ عَلَىٰ صَلَاتِهِمْ يُحَافِظُونَ , نصف الحزب (14),الجزء السابع
94,وَمَنْ أَظْلَمُ مِمَّنِ افْتَرَىٰ عَلَى اللَّهِ كَذِبًا أَوْ قَالَ أُوحِيَ إِلَيَّ وَلَمْ يُوحَ إِلَيْهِ شَيْءٌ وَمَنْ قَالَ سَأُنْزِلُ مِثْلَ مَا أَنْزَلَ اللَّهُ ۗ وَلَوْ تَرَىٰ إِذِ الظَّالِمُونَ فِي غَمَرَاتِ الْمَوْتِ وَالْمَلَائِكَةُ بَاسِطُو أَيْدِيهِمْ أَخْرِجُوا أَنْفُسَكُمُ ۖ الْيَوْمَ تُجْزَوْنَ عَذَابَ الْهُونِ بِمَا كُنْتُمْ تَقُولُونَ عَلَى اللَّهِ غَيْرَ الْحَقِّ وَكُنْتُمْ عَنْ آيَاتِهِ تَسْتَكْبِرُونَ , نصف الحزب (14),الجزء السابع
95,وَلَقَدْ جِئْتُمُونَا فُرَادَىٰ كَمَا خَلَقْنَاكُمْ أَوَّلَ مَرَّةٍ وَتَرَكْتُمْ مَا خَوَّلْنَاكُمْ وَرَاءَ ظُهُورِكُمْ ۖ وَمَا نَرَىٰ مَعَكُمْ شُفَعَاءَكُمُ الَّذِينَ زَعَمْتُمْ أَنَّهُمْ فِيكُمْ شُرَكَاءُ ۚ لَقَدْ تَقَطَّعَ بَيْنَكُمْ وَضَلَّ عَنْكُمْ مَا كُنْتُمْ تَزْعُمُونَ , نصف الحزب (14),الجزء السابع
96,۞ إِنَّ اللَّهَ فَالِقُ الْحَبِّ وَالنَّوَىٰ ۖ يُخْرِجُ الْحَيَّ مِنَ الْمَيِّتِ وَمُخْرِجُ الْمَيِّتِ مِنَ الْحَيِّ ۚ ذَٰلِكُمُ اللَّهُ ۖ فَأَنَّىٰ تُؤْفَكُونَ , ثلاثة أرباع الحزب (14),الجزء السابع
97,فَالِقُ الْإِصْبَاحِ وَجَعَلَ اللَّيْلَ سَكَنًا وَالشَّمْسَ وَالْقَمَرَ حُسْبَانًا ۚ ذَٰلِكَ تَقْدِيرُ الْعَزِيزِ الْعَلِيمِ , ثلاثة أرباع الحزب (14),الجزء السابع
98,وَهُوَ الَّذِي جَعَلَ لَكُمُ النُّجُومَ لِتَهْتَدُوا بِهَا فِي ظُلُمَاتِ الْبَرِّ وَالْبَحْرِ ۗ قَدْ فَصَّلْنَا الْآيَاتِ لِقَوْمٍ يَعْلَمُونَ , ثلاثة أرباع الحزب (14),الجزء السابع
99,وَهُوَ الَّذِي أَنْشَأَكُمْ مِنْ نَفْسٍ وَاحِدَةٍ فَمُسْتَقَرٌّ وَمُسْتَوْدَعٌ ۗ قَدْ فَصَّلْنَا الْآيَاتِ لِقَوْمٍ يَفْقَهُونَ, ثلاثة أرباع الحزب (14),الجزء السابع
100,وَهُوَ الَّذِي أَنْزَلَ مِنَ السَّمَاءِ مَاءً فَأَخْرَجْنَا بِهِ نَبَاتَ كُلِّ شَيْءٍ فَأَخْرَجْنَا مِنْهُ خَضِرًا نُخْرِجُ مِنْهُ حَبًّا مُتَرَاكِبًا وَمِنَ النَّخْلِ مِنْ طَلْعِهَا قِنْوَانٌ دَانِيَةٌ وَجَنَّاتٍ مِنْ أَعْنَابٍ وَالزَّيْتُونَ وَالرُّمَّانَ مُشْتَبِهًا وَغَيْرَ مُتَشَابِهٍ ۗ انْظُرُوا إِلَىٰ ثَمَرِهِ إِذَا أَثْمَرَ وَيَنْعِهِ ۚ إِنَّ فِي ذَٰلِكُمْ لَآيَاتٍ لِقَوْمٍ يُؤْمِنُونَ , ثلاثة أرباع الحزب (14),الجزء السابع
101,وَجَعَلُوا لِلَّهِ شُرَكَاءَ الْجِنَّ وَخَلَقَهُمْ ۖ وَخَرَقُوا لَهُ بَنِينَ وَبَنَاتٍ بِغَيْرِ عِلْمٍ ۚ سُبْحَانَهُ وَتَعَالَىٰ عَمَّا يَصِفُونَ , ثلاثة أرباع الحزب (14),الجزء السابع
102,بَدِيعُ السَّمَاوَاتِ وَالْأَرْضِ ۖ أَنَّىٰ يَكُونُ لَهُ وَلَدٌ وَلَمْ تَكُنْ لَهُ صَاحِبَةٌ ۖ وَخَلَقَ كُلَّ شَيْءٍ ۖ وَهُوَ بِكُلِّ شَيْءٍ عَلِيمٌ, ثلاثة أرباع الحزب (14),الجزء السابع
103,ذَٰلِكُمُ اللَّهُ رَبُّكُمْ ۖ لَا إِلَٰهَ إِلَّا هُوَ ۖ خَالِقُ كُلِّ شَيْءٍ فَاعْبُدُوهُ ۚ وَهُوَ عَلَىٰ كُلِّ شَيْءٍ وَكِيلٌ , ثلاثة أرباع الحزب (14),الجزء السابع
104,لَا تُدْرِكُهُ الْأَبْصَارُ وَهُوَ يُدْرِكُ الْأَبْصَارَ ۖ وَهُوَ اللَّطِيفُ الْخَبِيرُ , ثلاثة أرباع الحزب (14),الجزء السابع
105,قَدْ جَاءَكُمْ بَصَائِرُ مِنْ رَبِّكُمْ ۖ فَمَنْ أَبْصَرَ فَلِنَفْسِهِ ۖ وَمَنْ عَمِيَ فَعَلَيْهَا ۚ وَمَا أَنَا عَلَيْكُمْ بِحَفِيظٍ , ثلاثة أرباع الحزب (14),الجزء السابع
106,وَكَذَٰلِكَ نُصَرِّفُ الْآيَاتِ وَلِيَقُولُوا دَرَسْتَ وَلِنُبَيِّنَهُ لِقَوْمٍ يَعْلَمُونَ, ثلاثة أرباع الحزب (14),الجزء السابع
107,اتَّبِعْ مَا أُوحِيَ إِلَيْكَ مِنْ رَبِّكَ ۖ لَا إِلَٰهَ إِلَّا هُوَ ۖ وَأَعْرِضْ عَنِ الْمُشْرِكِينَ , ثلاثة أرباع الحزب (14),الجزء السابع
108,وَلَوْ شَاءَ اللَّهُ مَا أَشْرَكُوا ۗ وَمَا جَعَلْنَاكَ عَلَيْهِمْ حَفِيظًا ۖ وَمَا أَنْتَ عَلَيْهِمْ بِوَكِيلٍ , ثلاثة أرباع الحزب (14),الجزء السابع
109,وَلَا تَسُبُّوا الَّذِينَ يَدْعُونَ مِنْ دُونِ اللَّهِ فَيَسُبُّوا اللَّهَ عَدْوًا بِغَيْرِ عِلْمٍ ۗ كَذَٰلِكَ زَيَّنَّا لِكُلِّ أُمَّةٍ عَمَلَهُمْ ثُمَّ إِلَىٰ رَبِّهِمْ مَرْجِعُهُمْ فَيُنَبِّئُهُمْ بِمَا كَانُوا يَعْمَلُونَ, ثلاثة أرباع الحزب (14),الجزء السابع
110,وَأَقْسَمُوا بِاللَّهِ جَهْدَ أَيْمَانِهِمْ لَئِنْ جَاءَتْهُمْ آيَةٌ لَيُؤْمِنُنَّ بِهَا ۚ قُلْ إِنَّمَا الْآيَاتُ عِنْدَ اللَّهِ ۖ وَمَا يُشْعِرُكُمْ أَنَّهَا إِذَا جَاءَتْ لَا يُؤْمِنُونَ, ثلاثة أرباع الحزب (14),الجزء السابع
111,وَنُقَلِّبُ أَفْئِدَتَهُمْ وَأَبْصَارَهُمْ كَمَا لَمْ يُؤْمِنُوا بِهِ أَوَّلَ مَرَّةٍ وَنَذَرُهُمْ فِي طُغْيَانِهِمْ يَعْمَهُونَ, ثلاثة أرباع الحزب (14),الجزء السابع
112,۞ وَلَوْ أَنَّنَا نَزَّلْنَا إِلَيْهِمُ الْمَلَائِكَةَ وَكَلَّمَهُمُ الْمَوْتَىٰ وَحَشَرْنَا عَلَيْهِمْ كُلَّ شَيْءٍ قُبُلًا مَا كَانُوا لِيُؤْمِنُوا إِلَّا أَنْ يَشَاءَ اللَّهُ وَلَٰكِنَّ أَكْثَرَهُمْ يَجْهَلُونَ , الحزب (15),الجزء الثامن
113,وَكَذَٰلِكَ جَعَلْنَا لِكُلِّ نَبِيٍّ عَدُوًّا شَيَاطِينَ الْإِنْسِ وَالْجِنِّ يُوحِي بَعْضُهُمْ إِلَىٰ بَعْضٍ زُخْرُفَ الْقَوْلِ غُرُورًا ۚ وَلَوْ شَاءَ رَبُّكَ مَا فَعَلُوهُ ۖ فَذَرْهُمْ وَمَا يَفْتَرُونَ, الحزب (15),الجزء الثامن
114,وَلِتَصْغَىٰ إِلَيْهِ أَفْئِدَةُ الَّذِينَ لَا يُؤْمِنُونَ بِالْآخِرَةِ وَلِيَرْضَوْهُ وَلِيَقْتَرِفُوا مَا هُمْ مُقْتَرِفُونَ , الحزب (15),الجزء الثامن
115,أَفَغَيْرَ اللَّهِ أَبْتَغِي حَكَمًا وَهُوَ الَّذِي أَنْزَلَ إِلَيْكُمُ الْكِتَابَ مُفَصَّلًا ۚ وَالَّذِينَ آتَيْنَاهُمُ الْكِتَابَ يَعْلَمُونَ أَنَّهُ مُنَزَّلٌ مِنْ رَبِّكَ بِالْحَقِّ ۖ فَلَا تَكُونَنَّ مِنَ الْمُمْتَرِينَ , الحزب (15),الجزء الثامن
116,وَتَمَّتْ كَلِمَتُ رَبِّكَ صِدْقًا وَعَدْلًا ۚ لَا مُبَدِّلَ لِكَلِمَاتِهِ ۚ وَهُوَ السَّمِيعُ الْعَلِيمُ , الحزب (15),الجزء الثامن
117,وَإِنْ تُطِعْ أَكْثَرَ مَنْ فِي الْأَرْضِ يُضِلُّوكَ عَنْ سَبِيلِ اللَّهِ ۚ إِنْ يَتَّبِعُونَ إِلَّا الظَّنَّ وَإِنْ هُمْ إِلَّا يَخْرُصُونَ, الحزب (15),الجزء الثامن
118,إِنَّ رَبَّكَ هُوَ أَعْلَمُ مَنْ يَضِلُّ عَنْ سَبِيلِهِ ۖ وَهُوَ أَعْلَمُ بِالْمُهْتَدِينَ , الحزب (15),الجزء الثامن
119,فَكُلُوا مِمَّا ذُكِرَ اسْمُ اللَّهِ عَلَيْهِ إِنْ كُنْتُمْ بِآيَاتِهِ مُؤْمِنِينَ, الحزب (15),الجزء الثامن
120,وَمَا لَكُمْ أَلَّا تَأْكُلُوا مِمَّا ذُكِرَ اسْمُ اللَّهِ عَلَيْهِ وَقَدْ فَصَّلَ لَكُمْ مَا حَرَّمَ عَلَيْكُمْ إِلَّا مَا اضْطُرِرْتُمْ إِلَيْهِ ۗ وَإِنَّ كَثِيرًا لَيُضِلُّونَ بِأَهْوَائِهِمْ بِغَيْرِ عِلْمٍ ۗ إِنَّ رَبَّكَ هُوَ أَعْلَمُ بِالْمُعْتَدِينَ, الحزب (15),الجزء الثامن
121,وَذَرُوا ظَاهِرَ الْإِثْمِ وَبَاطِنَهُ ۚ إِنَّ الَّذِينَ يَكْسِبُونَ الْإِثْمَ سَيُجْزَوْنَ بِمَا كَانُوا يَقْتَرِفُونَ , الحزب (15),الجزء الثامن
122,وَلَا تَأْكُلُوا مِمَّا لَمْ يُذْكَرِ اسْمُ اللَّهِ عَلَيْهِ وَإِنَّهُ لَفِسْقٌ ۗ وَإِنَّ الشَّيَاطِينَ لَيُوحُونَ إِلَىٰ أَوْلِيَائِهِمْ لِيُجَادِلُوكُمْ ۖ وَإِنْ أَطَعْتُمُوهُمْ إِنَّكُمْ لَمُشْرِكُونَ , الحزب (15),الجزء الثامن
123,أَوَمَنْ كَانَ مَيْتًا فَأَحْيَيْنَاهُ وَجَعَلْنَا لَهُ نُورًا يَمْشِي بِهِ فِي النَّاسِ كَمَنْ مَثَلُهُ فِي الظُّلُمَاتِ لَيْسَ بِخَارِجٍ مِنْهَا ۚ كَذَٰلِكَ زُيِّنَ لِلْكَافِرِينَ مَا كَانُوا يَعْمَلُونَ , الحزب (15),الجزء الثامن
124,وَكَذَٰلِكَ جَعَلْنَا فِي كُلِّ قَرْيَةٍ أَكَابِرَ مُجْرِمِيهَا لِيَمْكُرُوا فِيهَا ۖ وَمَا يَمْكُرُونَ إِلَّا بِأَنْفُسِهِمْ وَمَا يَشْعُرُونَ, الحزب (15),الجزء الثامن
125,وَإِذَا جَاءَتْهُمْ آيَةٌ قَالُوا لَنْ نُؤْمِنَ حَتَّىٰ نُؤْتَىٰ مِثْلَ مَا أُوتِيَ رُسُلُ اللَّهِ ۘ اللَّهُ أَعْلَمُ حَيْثُ يَجْعَلُ رِسَالَتَهُ ۗ سَيُصِيبُ الَّذِينَ أَجْرَمُوا صَغَارٌ عِنْدَ اللَّهِ وَعَذَابٌ شَدِيدٌ بِمَا كَانُوا يَمْكُرُونَ , الحزب (15),الجزء الثامن
126,فَمَنْ يُرِدِ اللَّهُ أَنْ يَهْدِيَهُ يَشْرَحْ صَدْرَهُ لِلْإِسْلَامِ ۖ وَمَنْ يُرِدْ أَنْ يُضِلَّهُ يَجْعَلْ صَدْرَهُ ضَيِّقًا حَرَجًا كَأَنَّمَا يَصَّعَّدُ فِي السَّمَاءِ ۚ كَذَٰلِكَ يَجْعَلُ اللَّهُ الرِّجْسَ عَلَى الَّذِينَ لَا يُؤْمِنُونَ , الحزب (15),الجزء الثامن
127,وَهَٰذَا صِرَاطُ رَبِّكَ مُسْتَقِيمًا ۗ قَدْ فَصَّلْنَا الْآيَاتِ لِقَوْمٍ يَذَّكَّرُونَ , الحزب (15),الجزء الثامن
128,۞ لَهُمْ دَارُ السَّلَامِ عِنْدَ رَبِّهِمْ ۖ وَهُوَ وَلِيُّهُمْ بِمَا كَانُوا يَعْمَلُونَ, ربع الحزب (15),الجزء الثامن
129,وَيَوْمَ يَحْشُرُهُمْ جَمِيعًا يَا مَعْشَرَ الْجِنِّ قَدِ اسْتَكْثَرْتُمْ مِنَ الْإِنْسِ ۖ وَقَالَ أَوْلِيَاؤُهُمْ مِنَ الْإِنْسِ رَبَّنَا اسْتَمْتَعَ بَعْضُنَا بِبَعْضٍ وَبَلَغْنَا أَجَلَنَا الَّذِي أَجَّلْتَ لَنَا ۚ قَالَ النَّارُ مَثْوَاكُمْ خَالِدِينَ فِيهَا إِلَّا مَا شَاءَ اللَّهُ ۗ إِنَّ رَبَّكَ حَكِيمٌ عَلِيمٌ , ربع الحزب (15),الجزء الثامن
130,وَكَذَٰلِكَ نُوَلِّي بَعْضَ الظَّالِمِينَ بَعْضًا بِمَا كَانُوا يَكْسِبُونَ , ربع الحزب (15),الجزء الثامن
131,يَا مَعْشَرَ الْجِنِّ وَالْإِنْسِ أَلَمْ يَأْتِكُمْ رُسُلٌ مِنْكُمْ يَقُصُّونَ عَلَيْكُمْ آيَاتِي وَيُنْذِرُونَكُمْ لِقَاءَ يَوْمِكُمْ هَٰذَا ۚ قَالُوا شَهِدْنَا عَلَىٰ أَنْفُسِنَا ۖ وَغَرَّتْهُمُ الْحَيَاةُ الدُّنْيَا وَشَهِدُوا عَلَىٰ أَنْفُسِهِمْ أَنَّهُمْ كَانُوا كَافِرِينَ , ربع الحزب (15),الجزء الثامن
132,ذَٰلِكَ أَنْ لَمْ يَكُنْ رَبُّكَ مُهْلِكَ الْقُرَىٰ بِظُلْمٍ وَأَهْلُهَا غَافِلُونَ , ربع الحزب (15),الجزء الثامن
133,وَلِكُلٍّ دَرَجَاتٌ مِمَّا عَمِلُوا ۚ وَمَا رَبُّكَ بِغَافِلٍ عَمَّا يَعْمَلُونَ , ربع الحزب (15),الجزء الثامن
134,وَرَبُّكَ الْغَنِيُّ ذُو الرَّحْمَةِ ۚ إِنْ يَشَأْ يُذْهِبْكُمْ وَيَسْتَخْلِفْ مِنْ بَعْدِكُمْ مَا يَشَاءُ كَمَا أَنْشَأَكُمْ مِنْ ذُرِّيَّةِ قَوْمٍ آخَرِينَ, ربع الحزب (15),الجزء الثامن
135,إِنَّ مَا تُوعَدُونَ لَآتٍ ۖ وَمَا أَنْتُمْ بِمُعْجِزِينَ, ربع الحزب (15),الجزء الثامن
136,قُلْ يَا قَوْمِ اعْمَلُوا عَلَىٰ مَكَانَتِكُمْ إِنِّي عَامِلٌ ۖ فَسَوْفَ تَعْلَمُونَ مَنْ تَكُونُ لَهُ عَاقِبَةُ الدَّارِ ۗ إِنَّهُ لَا يُفْلِحُ الظَّالِمُونَ, ربع الحزب (15),الجزء الثامن
137,وَجَعَلُوا لِلَّهِ مِمَّا ذَرَأَ مِنَ الْحَرْثِ وَالْأَنْعَامِ نَصِيبًا فَقَالُوا هَٰذَا لِلَّهِ بِزَعْمِهِمْ وَهَٰذَا لِشُرَكَائِنَا ۖ فَمَا كَانَ لِشُرَكَائِهِمْ فَلَا يَصِلُ إِلَى اللَّهِ ۖ وَمَا كَانَ لِلَّهِ فَهُوَ يَصِلُ إِلَىٰ شُرَكَائِهِمْ ۗ سَاءَ مَا يَحْكُمُونَ , ربع الحزب (15),الجزء الثامن
138,وَكَذَٰلِكَ زَيَّنَ لِكَثِيرٍ مِنَ الْمُشْرِكِينَ قَتْلَ أَوْلَادِهِمْ شُرَكَاؤُهُمْ لِيُرْدُوهُمْ وَلِيَلْبِسُوا عَلَيْهِمْ دِينَهُمْ ۖ وَلَوْ شَاءَ اللَّهُ مَا فَعَلُوهُ ۖ فَذَرْهُمْ وَمَا يَفْتَرُونَ , ربع الحزب (15),الجزء الثامن
139,وَقَالُوا هَٰذِهِ أَنْعَامٌ وَحَرْثٌ حِجْرٌ لَا يَطْعَمُهَا إِلَّا مَنْ نَشَاءُ بِزَعْمِهِمْ وَأَنْعَامٌ حُرِّمَتْ ظُهُورُهَا وَأَنْعَامٌ لَا يَذْكُرُونَ اسْمَ اللَّهِ عَلَيْهَا افْتِرَاءً عَلَيْهِ ۚ سَيَجْزِيهِمْ بِمَا كَانُوا يَفْتَرُونَ, ربع الحزب (15),الجزء الثامن
140,وَقَالُوا مَا فِي بُطُونِ هَٰذِهِ الْأَنْعَامِ خَالِصَةٌ لِذُكُورِنَا وَمُحَرَّمٌ عَلَىٰ أَزْوَاجِنَا ۖ وَإِنْ يَكُنْ مَيْتَةً فَهُمْ فِيهِ شُرَكَاءُ ۚ سَيَجْزِيهِمْ وَصْفَهُمْ ۚ إِنَّهُ حَكِيمٌ عَلِيمٌ , ربع الحزب (15),الجزء الثامن
141,قَدْ خَسِرَ الَّذِينَ قَتَلُوا أَوْلَادَهُمْ سَفَهًا بِغَيْرِ عِلْمٍ وَحَرَّمُوا مَا رَزَقَهُمُ اللَّهُ افْتِرَاءً عَلَى اللَّهِ ۚ قَدْ ضَلُّوا وَمَا كَانُوا مُهْتَدِينَ , ربع الحزب (15),الجزء الثامن
142,۞ وَهُوَ الَّذِي أَنْشَأَ جَنَّاتٍ مَعْرُوشَاتٍ وَغَيْرَ مَعْرُوشَاتٍ وَالنَّخْلَ وَالزَّرْعَ مُخْتَلِفًا أُكُلُهُ وَالزَّيْتُونَ وَالرُّمَّانَ مُتَشَابِهًا وَغَيْرَ مُتَشَابِهٍ ۚ كُلُوا مِنْ ثَمَرِهِ إِذَا أَثْمَرَ وَآتُوا حَقَّهُ يَوْمَ حَصَادِهِ ۖ وَلَا تُسْرِفُوا ۚ إِنَّهُ لَا يُحِبُّ الْمُسْرِفِينَ , نصف الحزب (15),الجزء الثامن
143,وَمِنَ الْأَنْعَامِ حَمُولَةً وَفَرْشًا ۚ كُلُوا مِمَّا رَزَقَكُمُ اللَّهُ وَلَا تَتَّبِعُوا خُطُوَاتِ الشَّيْطَانِ ۚ إِنَّهُ لَكُمْ عَدُوٌّ مُبِينٌ, نصف الحزب (15),الجزء الثامن
144,ثَمَانِيَةَ أَزْوَاجٍ ۖ مِنَ الضَّأْنِ اثْنَيْنِ وَمِنَ الْمَعْزِ اثْنَيْنِ ۗ قُلْ آلذَّكَرَيْنِ حَرَّمَ أَمِ الْأُنْثَيَيْنِ أَمَّا اشْتَمَلَتْ عَلَيْهِ أَرْحَامُ الْأُنْثَيَيْنِ ۖ نَبِّئُونِي بِعِلْمٍ إِنْ كُنْتُمْ صَادِقِينَ , نصف الحزب (15),الجزء الثامن
145,وَمِنَ الْإِبِلِ اثْنَيْنِ وَمِنَ الْبَقَرِ اثْنَيْنِ ۗ قُلْ آلذَّكَرَيْنِ حَرَّمَ أَمِ الْأُنْثَيَيْنِ أَمَّا اشْتَمَلَتْ عَلَيْهِ أَرْحَامُ الْأُنْثَيَيْنِ ۖ أَمْ كُنْتُمْ شُهَدَاءَ إِذْ وَصَّاكُمُ اللَّهُ بِهَٰذَا ۚ فَمَنْ أَظْلَمُ مِمَّنِ افْتَرَىٰ عَلَى اللَّهِ كَذِبًا لِيُضِلَّ النَّاسَ بِغَيْرِ عِلْمٍ ۗ إِنَّ اللَّهَ لَا يَهْدِي الْقَوْمَ الظَّالِمِينَ , نصف الحزب (15),الجزء الثامن
146,قُلْ لَا أَجِدُ فِي مَا أُوحِيَ إِلَيَّ مُحَرَّمًا عَلَىٰ طَاعِمٍ يَطْعَمُهُ إِلَّا أَنْ يَكُونَ مَيْتَةً أَوْ دَمًا مَسْفُوحًا أَوْ لَحْمَ خِنْزِيرٍ فَإِنَّهُ رِجْسٌ أَوْ فِسْقًا أُهِلَّ لِغَيْرِ اللَّهِ بِهِ ۚ فَمَنِ اضْطُرَّ غَيْرَ بَاغٍ وَلَا عَادٍ فَإِنَّ رَبَّكَ غَفُورٌ رَحِيمٌ , نصف الحزب (15),الجزء الثامن
147,وَعَلَى الَّذِينَ هَادُوا حَرَّمْنَا كُلَّ ذِي ظُفُرٍ ۖ وَمِنَ الْبَقَرِ وَالْغَنَمِ حَرَّمْنَا عَلَيْهِمْ شُحُومَهُمَا إِلَّا مَا حَمَلَتْ ظُهُورُهُمَا أَوِ الْحَوَايَا أَوْ مَا اخْتَلَطَ بِعَظْمٍ ۚ ذَٰلِكَ جَزَيْنَاهُمْ بِبَغْيِهِمْ ۖ وَإِنَّا لَصَادِقُونَ , نصف الحزب (15),الجزء الثامن
148,فَإِنْ كَذَّبُوكَ فَقُلْ رَبُّكُمْ ذُو رَحْمَةٍ وَاسِعَةٍ وَلَا يُرَدُّ بَأْسُهُ عَنِ الْقَوْمِ الْمُجْرِمِينَ, نصف الحزب (15),الجزء الثامن
149,سَيَقُولُ الَّذِينَ أَشْرَكُوا لَوْ شَاءَ اللَّهُ مَا أَشْرَكْنَا وَلَا آبَاؤُنَا وَلَا حَرَّمْنَا مِنْ شَيْءٍ ۚ كَذَٰلِكَ كَذَّبَ الَّذِينَ مِنْ قَبْلِهِمْ حَتَّىٰ ذَاقُوا بَأْسَنَا ۗ قُلْ هَلْ عِنْدَكُمْ مِنْ عِلْمٍ فَتُخْرِجُوهُ لَنَا ۖ إِنْ تَتَّبِعُونَ إِلَّا الظَّنَّ وَإِنْ أَنْتُمْ إِلَّا تَخْرُصُونَ , نصف الحزب (15),الجزء الثامن
150,قُلْ فَلِلَّهِ الْحُجَّةُ الْبَالِغَةُ ۖ فَلَوْ شَاءَ لَهَدَاكُمْ أَجْمَعِينَ , نصف الحزب (15),الجزء الثامن
151,قُلْ هَلُمَّ شُهَدَاءَكُمُ الَّذِينَ يَشْهَدُونَ أَنَّ اللَّهَ حَرَّمَ هَٰذَا ۖ فَإِنْ شَهِدُوا فَلَا تَشْهَدْ مَعَهُمْ ۚ وَلَا تَتَّبِعْ أَهْوَاءَ الَّذِينَ كَذَّبُوا بِآيَاتِنَا وَالَّذِينَ لَا يُؤْمِنُونَ بِالْآخِرَةِ وَهُمْ بِرَبِّهِمْ يَعْدِلُونَ, نصف الحزب (15),الجزء الثامن
152,۞ قُلْ تَعَالَوْا أَتْلُ مَا حَرَّمَ رَبُّكُمْ عَلَيْكُمْ ۖ أَلَّا تُشْرِكُوا بِهِ شَيْئًا ۖ وَبِالْوَالِدَيْنِ إِحْسَانًا ۖ وَلَا تَقْتُلُوا أَوْلَادَكُمْ مِنْ إِمْلَاقٍ ۖ نَحْنُ نَرْزُقُكُمْ وَإِيَّاهُمْ ۖ وَلَا تَقْرَبُوا الْفَوَاحِشَ مَا ظَهَرَ مِنْهَا وَمَا بَطَنَ ۖ وَلَا تَقْتُلُوا النَّفْسَ الَّتِي حَرَّمَ اللَّهُ إِلَّا بِالْحَقِّ ۚ ذَٰلِكُمْ وَصَّاكُمْ بِهِ لَعَلَّكُمْ تَعْقِلُونَ, ثلاثة أرباع الحزب (15),الجزء الثامن
153,وَلَا تَقْرَبُوا مَالَ الْيَتِيمِ إِلَّا بِالَّتِي هِيَ أَحْسَنُ حَتَّىٰ يَبْلُغَ أَشُدَّهُ ۖ وَأَوْفُوا الْكَيْلَ وَالْمِيزَانَ بِالْقِسْطِ ۖ لَا نُكَلِّفُ نَفْسًا إِلَّا وُسْعَهَا ۖ وَإِذَا قُلْتُمْ فَاعْدِلُوا وَلَوْ كَانَ ذَا قُرْبَىٰ ۖ وَبِعَهْدِ اللَّهِ أَوْفُوا ۚ ذَٰلِكُمْ وَصَّاكُمْ بِهِ لَعَلَّكُمْ تَذَكَّرُونَ, ثلاثة أرباع الحزب (15),الجزء الثامن
154,وَأَنَّ هَٰذَا صِرَاطِي مُسْتَقِيمًا فَاتَّبِعُوهُ ۖ وَلَا تَتَّبِعُوا السُّبُلَ فَتَفَرَّقَ بِكُمْ عَنْ سَبِيلِهِ ۚ ذَٰلِكُمْ وَصَّاكُمْ بِهِ لَعَلَّكُمْ تَتَّقُونَ , ثلاثة أرباع الحزب (15),الجزء الثامن
155,ثُمَّ آتَيْنَا مُوسَى الْكِتَابَ تَمَامًا عَلَى الَّذِي أَحْسَنَ وَتَفْصِيلًا لِكُلِّ شَيْءٍ وَهُدًى وَرَحْمَةً لَعَلَّهُمْ بِلِقَاءِ رَبِّهِمْ يُؤْمِنُونَ, ثلاثة أرباع الحزب (15),الجزء الثامن
156,وَهَٰذَا كِتَابٌ أَنْزَلْنَاهُ مُبَارَكٌ فَاتَّبِعُوهُ وَاتَّقُوا لَعَلَّكُمْ تُرْحَمُونَ , ثلاثة أرباع الحزب (15),الجزء الثامن
157,أَنْ تَقُولُوا إِنَّمَا أُنْزِلَ الْكِتَابُ عَلَىٰ طَائِفَتَيْنِ مِنْ قَبْلِنَا وَإِنْ كُنَّا عَنْ دِرَاسَتِهِمْ لَغَافِلِينَ, ثلاثة أرباع الحزب (15),الجزء الثامن
158,أَوْ تَقُولُوا لَوْ أَنَّا أُنْزِلَ عَلَيْنَا الْكِتَابُ لَكُنَّا أَهْدَىٰ مِنْهُمْ ۚ فَقَدْ جَاءَكُمْ بَيِّنَةٌ مِنْ رَبِّكُمْ وَهُدًى وَرَحْمَةٌ ۚ فَمَنْ أَظْلَمُ مِمَّنْ كَذَّبَ بِآيَاتِ اللَّهِ وَصَدَفَ عَنْهَا ۗ سَنَجْزِي الَّذِينَ يَصْدِفُونَ عَنْ آيَاتِنَا سُوءَ الْعَذَابِ بِمَا كَانُوا يَصْدِفُونَ, ثلاثة أرباع الحزب (15),الجزء الثامن
159,هَلْ يَنْظُرُونَ إِلَّا أَنْ تَأْتِيَهُمُ الْمَلَائِكَةُ أَوْ يَأْتِيَ رَبُّكَ أَوْ يَأْتِيَ بَعْضُ آيَاتِ رَبِّكَ ۗ يَوْمَ يَأْتِي بَعْضُ آيَاتِ رَبِّكَ لَا يَنْفَعُ نَفْسًا إِيمَانُهَا لَمْ تَكُنْ آمَنَتْ مِنْ قَبْلُ أَوْ كَسَبَتْ فِي إِيمَانِهَا خَيْرًا ۗ قُلِ انْتَظِرُوا إِنَّا مُنْتَظِرُونَ, ثلاثة أرباع الحزب (15),الجزء الثامن
160,إِنَّ الَّذِينَ فَرَّقُوا دِينَهُمْ وَكَانُوا شِيَعًا لَسْتَ مِنْهُمْ فِي شَيْءٍ ۚ إِنَّمَا أَمْرُهُمْ إِلَى اللَّهِ ثُمَّ يُنَبِّئُهُمْ بِمَا كَانُوا يَفْعَلُونَ , ثلاثة أرباع الحزب (15),الجزء الثامن
161,مَنْ جَاءَ بِالْحَسَنَةِ فَلَهُ عَشْرُ أَمْثَالِهَا ۖ وَمَنْ جَاءَ بِالسَّيِّئَةِ فَلَا يُجْزَىٰ إِلَّا مِثْلَهَا وَهُمْ لَا يُظْلَمُونَ, ثلاثة أرباع الحزب (15),الجزء الثامن
162,قُلْ إِنَّنِي هَدَانِي رَبِّي إِلَىٰ صِرَاطٍ مُسْتَقِيمٍ دِينًا قِيَمًا مِلَّةَ إِبْرَاهِيمَ حَنِيفًا ۚ وَمَا كَانَ مِنَ الْمُشْرِكِينَ , ثلاثة أرباع الحزب (15),الجزء الثامن
163,قُلْ إِنَّ صَلَاتِي وَنُسُكِي وَمَحْيَايَ وَمَمَاتِي لِلَّهِ رَبِّ الْعَالَمِينَ , ثلاثة أرباع الحزب (15),الجزء الثامن
164,لَا شَرِيكَ لَهُ ۖ وَبِذَٰلِكَ أُمِرْتُ وَأَنَا أَوَّلُ الْمُسْلِمِينَ , ثلاثة أرباع الحزب (15),الجزء الثامن
165,قُلْ أَغَيْرَ اللَّهِ أَبْغِي رَبًّا وَهُوَ رَبُّ كُلِّ شَيْءٍ ۚ وَلَا تَكْسِبُ كُلُّ نَفْسٍ إِلَّا عَلَيْهَا ۚ وَلَا تَزِرُ وَازِرَةٌ وِزْرَ أُخْرَىٰ ۚ ثُمَّ إِلَىٰ رَبِّكُمْ مَرْجِعُكُمْ فَيُنَبِّئُكُمْ بِمَا كُنْتُمْ فِيهِ تَخْتَلِفُونَ , ثلاثة أرباع الحزب (15),الجزء الثامن
166,وَهُوَ الَّذِي جَعَلَكُمْ خَلَائِفَ الْأَرْضِ وَرَفَعَ بَعْضَكُمْ فَوْقَ بَعْضٍ دَرَجَاتٍ لِيَبْلُوَكُمْ فِي مَا آتَاكُمْ ۗ إِنَّ رَبَّكَ سَرِيعُ الْعِقَابِ وَإِنَّهُ لَغَفُورٌ رَحِيمٌ, ثلاثة أرباع الحزب (15),الجزء الثامن
