﻿1,بِسْمِ اللَّهِ الرَّحْمَنِ الرَّحِيم, ثلاثة أرباع الحزب (55),الجزء الثامن والعشرون
2,سَبَّحَ لِلَّهِ مَا فِي السَّمَاوَاتِ وَمَا فِي الْأَرْضِ ۖ وَهُوَ الْعَزِيزُ الْحَكِيمُ , ثلاثة أرباع الحزب (55),الجزء الثامن والعشرون
3,يَا أَيُّهَا الَّذِينَ آمَنُوا لِمَ تَقُولُونَ مَا لَا تَفْعَلُونَ, ثلاثة أرباع الحزب (55),الجزء الثامن والعشرون
4,كَبُرَ مَقْتًا عِنْدَ اللَّهِ أَنْ تَقُولُوا مَا لَا تَفْعَلُونَ , ثلاثة أرباع الحزب (55),الجزء الثامن والعشرون
5,إِنَّ اللَّهَ يُحِبُّ الَّذِينَ يُقَاتِلُونَ فِي سَبِيلِهِ صَفًّا كَأَنَّهُمْ بُنْيَانٌ مَرْصُوصٌ , ثلاثة أرباع الحزب (55),الجزء الثامن والعشرون
6,وَإِذْ قَالَ مُوسَىٰ لِقَوْمِهِ يَا قَوْمِ لِمَ تُؤْذُونَنِي وَقَدْ تَعْلَمُونَ أَنِّي رَسُولُ اللَّهِ إِلَيْكُمْ ۖ فَلَمَّا زَاغُوا أَزَاغَ اللَّهُ قُلُوبَهُمْ ۚ وَاللَّهُ لَا يَهْدِي الْقَوْمَ الْفَاسِقِينَ , ثلاثة أرباع الحزب (55),الجزء الثامن والعشرون
7,وَإِذْ قَالَ عِيسَى ابْنُ مَرْيَمَ يَا بَنِي إِسْرَائِيلَ إِنِّي رَسُولُ اللَّهِ إِلَيْكُمْ مُصَدِّقًا لِمَا بَيْنَ يَدَيَّ مِنَ التَّوْرَاةِ وَمُبَشِّرًا بِرَسُولٍ يَأْتِي مِنْ بَعْدِي اسْمُهُ أَحْمَدُ ۖ فَلَمَّا جَاءَهُمْ بِالْبَيِّنَاتِ قَالُوا هَٰذَا سِحْرٌ مُبِينٌ, ثلاثة أرباع الحزب (55),الجزء الثامن والعشرون
8,وَمَنْ أَظْلَمُ مِمَّنِ افْتَرَىٰ عَلَى اللَّهِ الْكَذِبَ وَهُوَ يُدْعَىٰ إِلَى الْإِسْلَامِ ۚ وَاللَّهُ لَا يَهْدِي الْقَوْمَ الظَّالِمِينَ , ثلاثة أرباع الحزب (55),الجزء الثامن والعشرون
9,يُرِيدُونَ لِيُطْفِئُوا نُورَ اللَّهِ بِأَفْوَاهِهِمْ وَاللَّهُ مُتِمُّ نُورِهِ وَلَوْ كَرِهَ الْكَافِرُونَ , ثلاثة أرباع الحزب (55),الجزء الثامن والعشرون
10,هُوَ الَّذِي أَرْسَلَ رَسُولَهُ بِالْهُدَىٰ وَدِينِ الْحَقِّ لِيُظْهِرَهُ عَلَى الدِّينِ كُلِّهِ وَلَوْ كَرِهَ الْمُشْرِكُونَ , ثلاثة أرباع الحزب (55),الجزء الثامن والعشرون
11,يَا أَيُّهَا الَّذِينَ آمَنُوا هَلْ أَدُلُّكُمْ عَلَىٰ تِجَارَةٍ تُنْجِيكُمْ مِنْ عَذَابٍ أَلِيمٍ , ثلاثة أرباع الحزب (55),الجزء الثامن والعشرون
12,تُؤْمِنُونَ بِاللَّهِ وَرَسُولِهِ وَتُجَاهِدُونَ فِي سَبِيلِ اللَّهِ بِأَمْوَالِكُمْ وَأَنْفُسِكُمْ ۚ ذَٰلِكُمْ خَيْرٌ لَكُمْ إِنْ كُنْتُمْ تَعْلَمُونَ, ثلاثة أرباع الحزب (55),الجزء الثامن والعشرون
13,يَغْفِرْ لَكُمْ ذُنُوبَكُمْ وَيُدْخِلْكُمْ جَنَّاتٍ تَجْرِي مِنْ تَحْتِهَا الْأَنْهَارُ وَمَسَاكِنَ طَيِّبَةً فِي جَنَّاتِ عَدْنٍ ۚ ذَٰلِكَ الْفَوْزُ الْعَظِيمُ , ثلاثة أرباع الحزب (55),الجزء الثامن والعشرون
14,وَأُخْرَىٰ تُحِبُّونَهَا ۖ نَصْرٌ مِنَ اللَّهِ وَفَتْحٌ قَرِيبٌ ۗ وَبَشِّرِ الْمُؤْمِنِينَ , ثلاثة أرباع الحزب (55),الجزء الثامن والعشرون
15,يَا أَيُّهَا الَّذِينَ آمَنُوا كُونُوا أَنْصَارَ اللَّهِ كَمَا قَالَ عِيسَى ابْنُ مَرْيَمَ لِلْحَوَارِيِّينَ مَنْ أَنْصَارِي إِلَى اللَّهِ ۖ قَالَ الْحَوَارِيُّونَ نَحْنُ أَنْصَارُ اللَّهِ ۖ فَآمَنَتْ طَائِفَةٌ مِنْ بَنِي إِسْرَائِيلَ وَكَفَرَتْ طَائِفَةٌ ۖ فَأَيَّدْنَا الَّذِينَ آمَنُوا عَلَىٰ عَدُوِّهِمْ فَأَصْبَحُوا ظَاهِرِينَ, ثلاثة أرباع الحزب (55),الجزء الثامن والعشرون
