﻿1,بِسْمِ اللَّهِ الرَّحْمَنِ الرَّحِيم, الحزب (56),الجزء الثامن والعشرون
2,إِذَا جَاءَكَ الْمُنَافِقُونَ قَالُوا نَشْهَدُ إِنَّكَ لَرَسُولُ اللَّهِ ۗ وَاللَّهُ يَعْلَمُ إِنَّكَ لَرَسُولُهُ وَاللَّهُ يَشْهَدُ إِنَّ الْمُنَافِقِينَ لَكَاذِبُونَ , الحزب (56),الجزء الثامن والعشرون
3,اتَّخَذُوا أَيْمَانَهُمْ جُنَّةً فَصَدُّوا عَنْ سَبِيلِ اللَّهِ ۚ إِنَّهُمْ سَاءَ مَا كَانُوا يَعْمَلُونَ , الحزب (56),الجزء الثامن والعشرون
4,ذَٰلِكَ بِأَنَّهُمْ آمَنُوا ثُمَّ كَفَرُوا فَطُبِعَ عَلَىٰ قُلُوبِهِمْ فَهُمْ لَا يَفْقَهُونَ , الحزب (56),الجزء الثامن والعشرون
5,۞ وَإِذَا رَأَيْتَهُمْ تُعْجِبُكَ أَجْسَامُهُمْ ۖ وَإِنْ يَقُولُوا تَسْمَعْ لِقَوْلِهِمْ ۖ كَأَنَّهُمْ خُشُبٌ مُسَنَّدَةٌ ۖ يَحْسَبُونَ كُلَّ صَيْحَةٍ عَلَيْهِمْ ۚ هُمُ الْعَدُوُّ فَاحْذَرْهُمْ ۚ قَاتَلَهُمُ اللَّهُ ۖ أَنَّىٰ يُؤْفَكُونَ , ربع الحزب (56),الجزء الثامن والعشرون
6,وَإِذَا قِيلَ لَهُمْ تَعَالَوْا يَسْتَغْفِرْ لَكُمْ رَسُولُ اللَّهِ لَوَّوْا رُءُوسَهُمْ وَرَأَيْتَهُمْ يَصُدُّونَ وَهُمْ مُسْتَكْبِرُونَ , ربع الحزب (56),الجزء الثامن والعشرون
7,سَوَاءٌ عَلَيْهِمْ أَسْتَغْفَرْتَ لَهُمْ أَمْ لَمْ تَسْتَغْفِرْ لَهُمْ لَنْ يَغْفِرَ اللَّهُ لَهُمْ ۚ إِنَّ اللَّهَ لَا يَهْدِي الْقَوْمَ الْفَاسِقِينَ , ربع الحزب (56),الجزء الثامن والعشرون
8,هُمُ الَّذِينَ يَقُولُونَ لَا تُنْفِقُوا عَلَىٰ مَنْ عِنْدَ رَسُولِ اللَّهِ حَتَّىٰ يَنْفَضُّوا ۗ وَلِلَّهِ خَزَائِنُ السَّمَاوَاتِ وَالْأَرْضِ وَلَٰكِنَّ الْمُنَافِقِينَ لَا يَفْقَهُونَ, ربع الحزب (56),الجزء الثامن والعشرون
9,يَقُولُونَ لَئِنْ رَجَعْنَا إِلَى الْمَدِينَةِ لَيُخْرِجَنَّ الْأَعَزُّ مِنْهَا الْأَذَلَّ ۚ وَلِلَّهِ الْعِزَّةُ وَلِرَسُولِهِ وَلِلْمُؤْمِنِينَ وَلَٰكِنَّ الْمُنَافِقِينَ لَا يَعْلَمُونَ , ربع الحزب (56),الجزء الثامن والعشرون
10,يَا أَيُّهَا الَّذِينَ آمَنُوا لَا تُلْهِكُمْ أَمْوَالُكُمْ وَلَا أَوْلَادُكُمْ عَنْ ذِكْرِ اللَّهِ ۚ وَمَنْ يَفْعَلْ ذَٰلِكَ فَأُولَٰئِكَ هُمُ الْخَاسِرُونَ, ربع الحزب (56),الجزء الثامن والعشرون
11,وَأَنْفِقُوا مِنْ مَا رَزَقْنَاكُمْ مِنْ قَبْلِ أَنْ يَأْتِيَ أَحَدَكُمُ الْمَوْتُ فَيَقُولَ رَبِّ لَوْلَا أَخَّرْتَنِي إِلَىٰ أَجَلٍ قَرِيبٍ فَأَصَّدَّقَ وَأَكُنْ مِنَ الصَّالِحِينَ, ربع الحزب (56),الجزء الثامن والعشرون
12,وَلَنْ يُؤَخِّرَ اللَّهُ نَفْسًا إِذَا جَاءَ أَجَلُهَا ۚ وَاللَّهُ خَبِيرٌ بِمَا تَعْمَلُونَ, ربع الحزب (56),الجزء الثامن والعشرون
