﻿1,بِسْمِ اللَّهِ الرَّحْمَنِ الرَّحِيم, ربع الحزب (56),الجزء الثامن والعشرون
2,يُسَبِّحُ لِلَّهِ مَا فِي السَّمَاوَاتِ وَمَا فِي الْأَرْضِ ۖ لَهُ الْمُلْكُ وَلَهُ الْحَمْدُ ۖ وَهُوَ عَلَىٰ كُلِّ شَيْءٍ قَدِيرٌ , ربع الحزب (56),الجزء الثامن والعشرون
3,هُوَ الَّذِي خَلَقَكُمْ فَمِنْكُمْ كَافِرٌ وَمِنْكُمْ مُؤْمِنٌ ۚ وَاللَّهُ بِمَا تَعْمَلُونَ بَصِيرٌ, ربع الحزب (56),الجزء الثامن والعشرون
4,خَلَقَ السَّمَاوَاتِ وَالْأَرْضَ بِالْحَقِّ وَصَوَّرَكُمْ فَأَحْسَنَ صُوَرَكُمْ ۖ وَإِلَيْهِ الْمَصِيرُ , ربع الحزب (56),الجزء الثامن والعشرون
5,يَعْلَمُ مَا فِي السَّمَاوَاتِ وَالْأَرْضِ وَيَعْلَمُ مَا تُسِرُّونَ وَمَا تُعْلِنُونَ ۚ وَاللَّهُ عَلِيمٌ بِذَاتِ الصُّدُورِ , ربع الحزب (56),الجزء الثامن والعشرون
6,أَلَمْ يَأْتِكُمْ نَبَأُ الَّذِينَ كَفَرُوا مِنْ قَبْلُ فَذَاقُوا وَبَالَ أَمْرِهِمْ وَلَهُمْ عَذَابٌ أَلِيمٌ , ربع الحزب (56),الجزء الثامن والعشرون
7,ذَٰلِكَ بِأَنَّهُ كَانَتْ تَأْتِيهِمْ رُسُلُهُمْ بِالْبَيِّنَاتِ فَقَالُوا أَبَشَرٌ يَهْدُونَنَا فَكَفَرُوا وَتَوَلَّوْا ۚ وَاسْتَغْنَى اللَّهُ ۚ وَاللَّهُ غَنِيٌّ حَمِيدٌ , ربع الحزب (56),الجزء الثامن والعشرون
8,زَعَمَ الَّذِينَ كَفَرُوا أَنْ لَنْ يُبْعَثُوا ۚ قُلْ بَلَىٰ وَرَبِّي لَتُبْعَثُنَّ ثُمَّ لَتُنَبَّؤُنَّ بِمَا عَمِلْتُمْ ۚ وَذَٰلِكَ عَلَى اللَّهِ يَسِيرٌ , ربع الحزب (56),الجزء الثامن والعشرون
9,فَآمِنُوا بِاللَّهِ وَرَسُولِهِ وَالنُّورِ الَّذِي أَنْزَلْنَا ۚ وَاللَّهُ بِمَا تَعْمَلُونَ خَبِيرٌ , ربع الحزب (56),الجزء الثامن والعشرون
10,يَوْمَ يَجْمَعُكُمْ لِيَوْمِ الْجَمْعِ ۖ ذَٰلِكَ يَوْمُ التَّغَابُنِ ۗ وَمَنْ يُؤْمِنْ بِاللَّهِ وَيَعْمَلْ صَالِحًا يُكَفِّرْ عَنْهُ سَيِّئَاتِهِ وَيُدْخِلْهُ جَنَّاتٍ تَجْرِي مِنْ تَحْتِهَا الْأَنْهَارُ خَالِدِينَ فِيهَا أَبَدًا ۚ ذَٰلِكَ الْفَوْزُ الْعَظِيمُ, ربع الحزب (56),الجزء الثامن والعشرون
11,وَالَّذِينَ كَفَرُوا وَكَذَّبُوا بِآيَاتِنَا أُولَٰئِكَ أَصْحَابُ النَّارِ خَالِدِينَ فِيهَا ۖ وَبِئْسَ الْمَصِيرُ, ربع الحزب (56),الجزء الثامن والعشرون
12,مَا أَصَابَ مِنْ مُصِيبَةٍ إِلَّا بِإِذْنِ اللَّهِ ۗ وَمَنْ يُؤْمِنْ بِاللَّهِ يَهْدِ قَلْبَهُ ۚ وَاللَّهُ بِكُلِّ شَيْءٍ عَلِيمٌ , ربع الحزب (56),الجزء الثامن والعشرون
13,وَأَطِيعُوا اللَّهَ وَأَطِيعُوا الرَّسُولَ ۚ فَإِنْ تَوَلَّيْتُمْ فَإِنَّمَا عَلَىٰ رَسُولِنَا الْبَلَاغُ الْمُبِينُ , ربع الحزب (56),الجزء الثامن والعشرون
14,اللَّهُ لَا إِلَٰهَ إِلَّا هُوَ ۚ وَعَلَى اللَّهِ فَلْيَتَوَكَّلِ الْمُؤْمِنُونَ , ربع الحزب (56),الجزء الثامن والعشرون
15,يَا أَيُّهَا الَّذِينَ آمَنُوا إِنَّ مِنْ أَزْوَاجِكُمْ وَأَوْلَادِكُمْ عَدُوًّا لَكُمْ فَاحْذَرُوهُمْ ۚ وَإِنْ تَعْفُوا وَتَصْفَحُوا وَتَغْفِرُوا فَإِنَّ اللَّهَ غَفُورٌ رَحِيمٌ, ربع الحزب (56),الجزء الثامن والعشرون
16,إِنَّمَا أَمْوَالُكُمْ وَأَوْلَادُكُمْ فِتْنَةٌ ۚ وَاللَّهُ عِنْدَهُ أَجْرٌ عَظِيمٌ , ربع الحزب (56),الجزء الثامن والعشرون
17,فَاتَّقُوا اللَّهَ مَا اسْتَطَعْتُمْ وَاسْمَعُوا وَأَطِيعُوا وَأَنْفِقُوا خَيْرًا لِأَنْفُسِكُمْ ۗ وَمَنْ يُوقَ شُحَّ نَفْسِهِ فَأُولَٰئِكَ هُمُ الْمُفْلِحُونَ , ربع الحزب (56),الجزء الثامن والعشرون
18,إِنْ تُقْرِضُوا اللَّهَ قَرْضًا حَسَنًا يُضَاعِفْهُ لَكُمْ وَيَغْفِرْ لَكُمْ ۚ وَاللَّهُ شَكُورٌ حَلِيمٌ, ربع الحزب (56),الجزء الثامن والعشرون
19,عَالِمُ الْغَيْبِ وَالشَّهَادَةِ الْعَزِيزُ الْحَكِيمُ, ربع الحزب (56),الجزء الثامن والعشرون
