﻿1,بِسْمِ اللَّهِ الرَّحْمَنِ الرَّحِيم, نصف الحزب (56),الجزء الثامن والعشرون
2,۞ يَا أَيُّهَا النَّبِيُّ إِذَا طَلَّقْتُمُ النِّسَاءَ فَطَلِّقُوهُنَّ لِعِدَّتِهِنَّ وَأَحْصُوا الْعِدَّةَ ۖ وَاتَّقُوا اللَّهَ رَبَّكُمْ ۖ لَا تُخْرِجُوهُنَّ مِنْ بُيُوتِهِنَّ وَلَا يَخْرُجْنَ إِلَّا أَنْ يَأْتِينَ بِفَاحِشَةٍ مُبَيِّنَةٍ ۚ وَتِلْكَ حُدُودُ اللَّهِ ۚ وَمَنْ يَتَعَدَّ حُدُودَ اللَّهِ فَقَدْ ظَلَمَ نَفْسَهُ ۚ لَا تَدْرِي لَعَلَّ اللَّهَ يُحْدِثُ بَعْدَ ذَٰلِكَ أَمْرًا , نصف الحزب (56),الجزء الثامن والعشرون
3,فَإِذَا بَلَغْنَ أَجَلَهُنَّ فَأَمْسِكُوهُنَّ بِمَعْرُوفٍ أَوْ فَارِقُوهُنَّ بِمَعْرُوفٍ وَأَشْهِدُوا ذَوَيْ عَدْلٍ مِنْكُمْ وَأَقِيمُوا الشَّهَادَةَ لِلَّهِ ۚ ذَٰلِكُمْ يُوعَظُ بِهِ مَنْ كَانَ يُؤْمِنُ بِاللَّهِ وَالْيَوْمِ الْآخِرِ ۚ وَمَنْ يَتَّقِ اللَّهَ يَجْعَلْ لَهُ مَخْرَجًا , نصف الحزب (56),الجزء الثامن والعشرون
4,وَيَرْزُقْهُ مِنْ حَيْثُ لَا يَحْتَسِبُ ۚ وَمَنْ يَتَوَكَّلْ عَلَى اللَّهِ فَهُوَ حَسْبُهُ ۚ إِنَّ اللَّهَ بَالِغُ أَمْرِهِ ۚ قَدْ جَعَلَ اللَّهُ لِكُلِّ شَيْءٍ قَدْرًا, نصف الحزب (56),الجزء الثامن والعشرون
5,وَاللَّائِي يَئِسْنَ مِنَ الْمَحِيضِ مِنْ نِسَائِكُمْ إِنِ ارْتَبْتُمْ فَعِدَّتُهُنَّ ثَلَاثَةُ أَشْهُرٍ وَاللَّائِي لَمْ يَحِضْنَ ۚ وَأُولَاتُ الْأَحْمَالِ أَجَلُهُنَّ أَنْ يَضَعْنَ حَمْلَهُنَّ ۚ وَمَنْ يَتَّقِ اللَّهَ يَجْعَلْ لَهُ مِنْ أَمْرِهِ يُسْرًا , نصف الحزب (56),الجزء الثامن والعشرون
6,ذَٰلِكَ أَمْرُ اللَّهِ أَنْزَلَهُ إِلَيْكُمْ ۚ وَمَنْ يَتَّقِ اللَّهَ يُكَفِّرْ عَنْهُ سَيِّئَاتِهِ وَيُعْظِمْ لَهُ أَجْرًا , نصف الحزب (56),الجزء الثامن والعشرون
7,أَسْكِنُوهُنَّ مِنْ حَيْثُ سَكَنْتُمْ مِنْ وُجْدِكُمْ وَلَا تُضَارُّوهُنَّ لِتُضَيِّقُوا عَلَيْهِنَّ ۚ وَإِنْ كُنَّ أُولَاتِ حَمْلٍ فَأَنْفِقُوا عَلَيْهِنَّ حَتَّىٰ يَضَعْنَ حَمْلَهُنَّ ۚ فَإِنْ أَرْضَعْنَ لَكُمْ فَآتُوهُنَّ أُجُورَهُنَّ ۖ وَأْتَمِرُوا بَيْنَكُمْ بِمَعْرُوفٍ ۖ وَإِنْ تَعَاسَرْتُمْ فَسَتُرْضِعُ لَهُ أُخْرَىٰ, نصف الحزب (56),الجزء الثامن والعشرون
8,لِيُنْفِقْ ذُو سَعَةٍ مِنْ سَعَتِهِ ۖ وَمَنْ قُدِرَ عَلَيْهِ رِزْقُهُ فَلْيُنْفِقْ مِمَّا آتَاهُ اللَّهُ ۚ لَا يُكَلِّفُ اللَّهُ نَفْسًا إِلَّا مَا آتَاهَا ۚ سَيَجْعَلُ اللَّهُ بَعْدَ عُسْرٍ يُسْرًا , نصف الحزب (56),الجزء الثامن والعشرون
9,وَكَأَيِّنْ مِنْ قَرْيَةٍ عَتَتْ عَنْ أَمْرِ رَبِّهَا وَرُسُلِهِ فَحَاسَبْنَاهَا حِسَابًا شَدِيدًا وَعَذَّبْنَاهَا عَذَابًا نُكْرًا , نصف الحزب (56),الجزء الثامن والعشرون
10,فَذَاقَتْ وَبَالَ أَمْرِهَا وَكَانَ عَاقِبَةُ أَمْرِهَا خُسْرًا , نصف الحزب (56),الجزء الثامن والعشرون
11,أَعَدَّ اللَّهُ لَهُمْ عَذَابًا شَدِيدًا ۖ فَاتَّقُوا اللَّهَ يَا أُولِي الْأَلْبَابِ الَّذِينَ آمَنُوا ۚ قَدْ أَنْزَلَ اللَّهُ إِلَيْكُمْ ذِكْرًا , نصف الحزب (56),الجزء الثامن والعشرون
12,رَسُولًا يَتْلُو عَلَيْكُمْ آيَاتِ اللَّهِ مُبَيِّنَاتٍ لِيُخْرِجَ الَّذِينَ آمَنُوا وَعَمِلُوا الصَّالِحَاتِ مِنَ الظُّلُمَاتِ إِلَى النُّورِ ۚ وَمَنْ يُؤْمِنْ بِاللَّهِ وَيَعْمَلْ صَالِحًا يُدْخِلْهُ جَنَّاتٍ تَجْرِي مِنْ تَحْتِهَا الْأَنْهَارُ خَالِدِينَ فِيهَا أَبَدًا ۖ قَدْ أَحْسَنَ اللَّهُ لَهُ رِزْقًا , نصف الحزب (56),الجزء الثامن والعشرون
13,اللَّهُ الَّذِي خَلَقَ سَبْعَ سَمَاوَاتٍ وَمِنَ الْأَرْضِ مِثْلَهُنَّ يَتَنَزَّلُ الْأَمْرُ بَيْنَهُنَّ لِتَعْلَمُوا أَنَّ اللَّهَ عَلَىٰ كُلِّ شَيْءٍ قَدِيرٌ وَأَنَّ اللَّهَ قَدْ أَحَاطَ بِكُلِّ شَيْءٍ عِلْمًا, نصف الحزب (56),الجزء الثامن والعشرون
