﻿1,بِسْمِ اللَّهِ الرَّحْمَنِ الرَّحِيم, ربع الحزب (57),الجزء التاسع والعشرون
2,۞ ن ۚ وَالْقَلَمِ وَمَا يَسْطُرُونَ , ربع الحزب (57),الجزء التاسع والعشرون
3,مَا أَنْتَ بِنِعْمَةِ رَبِّكَ بِمَجْنُونٍ , ربع الحزب (57),الجزء التاسع والعشرون
4,وَإِنَّ لَكَ لَأَجْرًا غَيْرَ مَمْنُونٍ , ربع الحزب (57),الجزء التاسع والعشرون
5,وَإِنَّكَ لَعَلَىٰ خُلُقٍ عَظِيمٍ , ربع الحزب (57),الجزء التاسع والعشرون
6,فَسَتُبْصِرُ وَيُبْصِرُونَ , ربع الحزب (57),الجزء التاسع والعشرون
7,بِأَيْيِكُمُ الْمَفْتُونُ , ربع الحزب (57),الجزء التاسع والعشرون
8,إِنَّ رَبَّكَ هُوَ أَعْلَمُ بِمَنْ ضَلَّ عَنْ سَبِيلِهِ وَهُوَ أَعْلَمُ بِالْمُهْتَدِينَ , ربع الحزب (57),الجزء التاسع والعشرون
9,فَلَا تُطِعِ الْمُكَذِّبِينَ , ربع الحزب (57),الجزء التاسع والعشرون
10,وَدُّوا لَوْ تُدْهِنُ فَيُدْهِنُونَ , ربع الحزب (57),الجزء التاسع والعشرون
11,وَلَا تُطِعْ كُلَّ حَلَّافٍ مَهِينٍ , ربع الحزب (57),الجزء التاسع والعشرون
12,هَمَّازٍ مَشَّاءٍ بِنَمِيمٍ , ربع الحزب (57),الجزء التاسع والعشرون
13,مَنَّاعٍ لِلْخَيْرِ مُعْتَدٍ أَثِيمٍ , ربع الحزب (57),الجزء التاسع والعشرون
14,عُتُلٍّ بَعْدَ ذَٰلِكَ زَنِيمٍ , ربع الحزب (57),الجزء التاسع والعشرون
15,أَنْ كَانَ ذَا مَالٍ وَبَنِينَ, ربع الحزب (57),الجزء التاسع والعشرون
16,إِذَا تُتْلَىٰ عَلَيْهِ آيَاتُنَا قَالَ أَسَاطِيرُ الْأَوَّلِينَ , ربع الحزب (57),الجزء التاسع والعشرون
17,سَنَسِمُهُ عَلَى الْخُرْطُومِ, ربع الحزب (57),الجزء التاسع والعشرون
18,إِنَّا بَلَوْنَاهُمْ كَمَا بَلَوْنَا أَصْحَابَ الْجَنَّةِ إِذْ أَقْسَمُوا لَيَصْرِمُنَّهَا مُصْبِحِينَ , ربع الحزب (57),الجزء التاسع والعشرون
19,وَلَا يَسْتَثْنُونَ , ربع الحزب (57),الجزء التاسع والعشرون
20,فَطَافَ عَلَيْهَا طَائِفٌ مِنْ رَبِّكَ وَهُمْ نَائِمُونَ , ربع الحزب (57),الجزء التاسع والعشرون
21,فَأَصْبَحَتْ كَالصَّرِيمِ , ربع الحزب (57),الجزء التاسع والعشرون
22,فَتَنَادَوْا مُصْبِحِينَ , ربع الحزب (57),الجزء التاسع والعشرون
23,أَنِ اغْدُوا عَلَىٰ حَرْثِكُمْ إِنْ كُنْتُمْ صَارِمِينَ , ربع الحزب (57),الجزء التاسع والعشرون
24,فَانْطَلَقُوا وَهُمْ يَتَخَافَتُونَ, ربع الحزب (57),الجزء التاسع والعشرون
25,أَنْ لَا يَدْخُلَنَّهَا الْيَوْمَ عَلَيْكُمْ مِسْكِينٌ , ربع الحزب (57),الجزء التاسع والعشرون
26,وَغَدَوْا عَلَىٰ حَرْدٍ قَادِرِينَ , ربع الحزب (57),الجزء التاسع والعشرون
27,فَلَمَّا رَأَوْهَا قَالُوا إِنَّا لَضَالُّونَ , ربع الحزب (57),الجزء التاسع والعشرون
28,بَلْ نَحْنُ مَحْرُومُونَ , ربع الحزب (57),الجزء التاسع والعشرون
29,قَالَ أَوْسَطُهُمْ أَلَمْ أَقُلْ لَكُمْ لَوْلَا تُسَبِّحُونَ , ربع الحزب (57),الجزء التاسع والعشرون
30,قَالُوا سُبْحَانَ رَبِّنَا إِنَّا كُنَّا ظَالِمِينَ , ربع الحزب (57),الجزء التاسع والعشرون
31,فَأَقْبَلَ بَعْضُهُمْ عَلَىٰ بَعْضٍ يَتَلَاوَمُونَ, ربع الحزب (57),الجزء التاسع والعشرون
32,قَالُوا يَا وَيْلَنَا إِنَّا كُنَّا طَاغِينَ , ربع الحزب (57),الجزء التاسع والعشرون
33,عَسَىٰ رَبُّنَا أَنْ يُبْدِلَنَا خَيْرًا مِنْهَا إِنَّا إِلَىٰ رَبِّنَا رَاغِبُونَ, ربع الحزب (57),الجزء التاسع والعشرون
34,كَذَٰلِكَ الْعَذَابُ ۖ وَلَعَذَابُ الْآخِرَةِ أَكْبَرُ ۚ لَوْ كَانُوا يَعْلَمُونَ , ربع الحزب (57),الجزء التاسع والعشرون
35,إِنَّ لِلْمُتَّقِينَ عِنْدَ رَبِّهِمْ جَنَّاتِ النَّعِيمِ , ربع الحزب (57),الجزء التاسع والعشرون
36,أَفَنَجْعَلُ الْمُسْلِمِينَ كَالْمُجْرِمِينَ , ربع الحزب (57),الجزء التاسع والعشرون
37,مَا لَكُمْ كَيْفَ تَحْكُمُونَ , ربع الحزب (57),الجزء التاسع والعشرون
38,أَمْ لَكُمْ كِتَابٌ فِيهِ تَدْرُسُونَ , ربع الحزب (57),الجزء التاسع والعشرون
39,إِنَّ لَكُمْ فِيهِ لَمَا تَخَيَّرُونَ , ربع الحزب (57),الجزء التاسع والعشرون
40,أَمْ لَكُمْ أَيْمَانٌ عَلَيْنَا بَالِغَةٌ إِلَىٰ يَوْمِ الْقِيَامَةِ ۙ إِنَّ لَكُمْ لَمَا تَحْكُمُونَ , ربع الحزب (57),الجزء التاسع والعشرون
41,سَلْهُمْ أَيُّهُمْ بِذَٰلِكَ زَعِيمٌ, ربع الحزب (57),الجزء التاسع والعشرون
42,أَمْ لَهُمْ شُرَكَاءُ فَلْيَأْتُوا بِشُرَكَائِهِمْ إِنْ كَانُوا صَادِقِينَ , ربع الحزب (57),الجزء التاسع والعشرون
43,يَوْمَ يُكْشَفُ عَنْ سَاقٍ وَيُدْعَوْنَ إِلَى السُّجُودِ فَلَا يَسْتَطِيعُونَ, ربع الحزب (57),الجزء التاسع والعشرون
44,خَاشِعَةً أَبْصَارُهُمْ تَرْهَقُهُمْ ذِلَّةٌ ۖ وَقَدْ كَانُوا يُدْعَوْنَ إِلَى السُّجُودِ وَهُمْ سَالِمُونَ , ربع الحزب (57),الجزء التاسع والعشرون
45,فَذَرْنِي وَمَنْ يُكَذِّبُ بِهَٰذَا الْحَدِيثِ ۖ سَنَسْتَدْرِجُهُمْ مِنْ حَيْثُ لَا يَعْلَمُونَ , ربع الحزب (57),الجزء التاسع والعشرون
46,وَأُمْلِي لَهُمْ ۚ إِنَّ كَيْدِي مَتِينٌ , ربع الحزب (57),الجزء التاسع والعشرون
47,أَمْ تَسْأَلُهُمْ أَجْرًا فَهُمْ مِنْ مَغْرَمٍ مُثْقَلُونَ , ربع الحزب (57),الجزء التاسع والعشرون
48,أَمْ عِنْدَهُمُ الْغَيْبُ فَهُمْ يَكْتُبُونَ, ربع الحزب (57),الجزء التاسع والعشرون
49,فَاصْبِرْ لِحُكْمِ رَبِّكَ وَلَا تَكُنْ كَصَاحِبِ الْحُوتِ إِذْ نَادَىٰ وَهُوَ مَكْظُومٌ , ربع الحزب (57),الجزء التاسع والعشرون
50,لَوْلَا أَنْ تَدَارَكَهُ نِعْمَةٌ مِنْ رَبِّهِ لَنُبِذَ بِالْعَرَاءِ وَهُوَ مَذْمُومٌ, ربع الحزب (57),الجزء التاسع والعشرون
51,فَاجْتَبَاهُ رَبُّهُ فَجَعَلَهُ مِنَ الصَّالِحِينَ , ربع الحزب (57),الجزء التاسع والعشرون
52,وَإِنْ يَكَادُ الَّذِينَ كَفَرُوا لَيُزْلِقُونَكَ بِأَبْصَارِهِمْ لَمَّا سَمِعُوا الذِّكْرَ وَيَقُولُونَ إِنَّهُ لَمَجْنُونٌ , ربع الحزب (57),الجزء التاسع والعشرون
53,وَمَا هُوَ إِلَّا ذِكْرٌ لِلْعَالَمِينَ, ربع الحزب (57),الجزء التاسع والعشرون
