﻿1,بِسْمِ اللَّهِ الرَّحْمَنِ الرَّحِيم, نصف الحزب (57),الجزء التاسع والعشرون
2,۞ الْحَاقَّةُ , نصف الحزب (57),الجزء التاسع والعشرون
3,مَا الْحَاقَّةُ, نصف الحزب (57),الجزء التاسع والعشرون
4,وَمَا أَدْرَاكَ مَا الْحَاقَّةُ, نصف الحزب (57),الجزء التاسع والعشرون
5,كَذَّبَتْ ثَمُودُ وَعَادٌ بِالْقَارِعَةِ , نصف الحزب (57),الجزء التاسع والعشرون
6,فَأَمَّا ثَمُودُ فَأُهْلِكُوا بِالطَّاغِيَةِ , نصف الحزب (57),الجزء التاسع والعشرون
7,وَأَمَّا عَادٌ فَأُهْلِكُوا بِرِيحٍ صَرْصَرٍ عَاتِيَةٍ, نصف الحزب (57),الجزء التاسع والعشرون
8,سَخَّرَهَا عَلَيْهِمْ سَبْعَ لَيَالٍ وَثَمَانِيَةَ أَيَّامٍ حُسُومًا فَتَرَى الْقَوْمَ فِيهَا صَرْعَىٰ كَأَنَّهُمْ أَعْجَازُ نَخْلٍ خَاوِيَةٍ , نصف الحزب (57),الجزء التاسع والعشرون
9,فَهَلْ تَرَىٰ لَهُمْ مِنْ بَاقِيَةٍ , نصف الحزب (57),الجزء التاسع والعشرون
10,وَجَاءَ فِرْعَوْنُ وَمَنْ قَبْلَهُ وَالْمُؤْتَفِكَاتُ بِالْخَاطِئَةِ , نصف الحزب (57),الجزء التاسع والعشرون
11,فَعَصَوْا رَسُولَ رَبِّهِمْ فَأَخَذَهُمْ أَخْذَةً رَابِيَةً , نصف الحزب (57),الجزء التاسع والعشرون
12,إِنَّا لَمَّا طَغَى الْمَاءُ حَمَلْنَاكُمْ فِي الْجَارِيَةِ , نصف الحزب (57),الجزء التاسع والعشرون
13,لِنَجْعَلَهَا لَكُمْ تَذْكِرَةً وَتَعِيَهَا أُذُنٌ وَاعِيَةٌ , نصف الحزب (57),الجزء التاسع والعشرون
14,فَإِذَا نُفِخَ فِي الصُّورِ نَفْخَةٌ وَاحِدَةٌ , نصف الحزب (57),الجزء التاسع والعشرون
15,وَحُمِلَتِ الْأَرْضُ وَالْجِبَالُ فَدُكَّتَا دَكَّةً وَاحِدَةً , نصف الحزب (57),الجزء التاسع والعشرون
16,فَيَوْمَئِذٍ وَقَعَتِ الْوَاقِعَةُ , نصف الحزب (57),الجزء التاسع والعشرون
17,وَانْشَقَّتِ السَّمَاءُ فَهِيَ يَوْمَئِذٍ وَاهِيَةٌ , نصف الحزب (57),الجزء التاسع والعشرون
18,وَالْمَلَكُ عَلَىٰ أَرْجَائِهَا ۚ وَيَحْمِلُ عَرْشَ رَبِّكَ فَوْقَهُمْ يَوْمَئِذٍ ثَمَانِيَةٌ , نصف الحزب (57),الجزء التاسع والعشرون
19,يَوْمَئِذٍ تُعْرَضُونَ لَا تَخْفَىٰ مِنْكُمْ خَافِيَةٌ , نصف الحزب (57),الجزء التاسع والعشرون
20,فَأَمَّا مَنْ أُوتِيَ كِتَابَهُ بِيَمِينِهِ فَيَقُولُ هَاؤُمُ اقْرَءُوا كِتَابِيَهْ, نصف الحزب (57),الجزء التاسع والعشرون
21,إِنِّي ظَنَنْتُ أَنِّي مُلَاقٍ حِسَابِيَهْ, نصف الحزب (57),الجزء التاسع والعشرون
22,فَهُوَ فِي عِيشَةٍ رَاضِيَةٍ, نصف الحزب (57),الجزء التاسع والعشرون
23,فِي جَنَّةٍ عَالِيَةٍ, نصف الحزب (57),الجزء التاسع والعشرون
24,قُطُوفُهَا دَانِيَةٌ, نصف الحزب (57),الجزء التاسع والعشرون
25,كُلُوا وَاشْرَبُوا هَنِيئًا بِمَا أَسْلَفْتُمْ فِي الْأَيَّامِ الْخَالِيَةِ , نصف الحزب (57),الجزء التاسع والعشرون
26,وَأَمَّا مَنْ أُوتِيَ كِتَابَهُ بِشِمَالِهِ فَيَقُولُ يَا لَيْتَنِي لَمْ أُوتَ كِتَابِيَهْ , نصف الحزب (57),الجزء التاسع والعشرون
27,وَلَمْ أَدْرِ مَا حِسَابِيَهْ, نصف الحزب (57),الجزء التاسع والعشرون
28,يَا لَيْتَهَا كَانَتِ الْقَاضِيَةَ, نصف الحزب (57),الجزء التاسع والعشرون
29,مَا أَغْنَىٰ عَنِّي مَالِيَهْ ۜ , نصف الحزب (57),الجزء التاسع والعشرون
30,هَلَكَ عَنِّي سُلْطَانِيَهْ , نصف الحزب (57),الجزء التاسع والعشرون
31,خُذُوهُ فَغُلُّوهُ , نصف الحزب (57),الجزء التاسع والعشرون
32,ثُمَّ الْجَحِيمَ صَلُّوهُ , نصف الحزب (57),الجزء التاسع والعشرون
33,ثُمَّ فِي سِلْسِلَةٍ ذَرْعُهَا سَبْعُونَ ذِرَاعًا فَاسْلُكُوهُ , نصف الحزب (57),الجزء التاسع والعشرون
34,إِنَّهُ كَانَ لَا يُؤْمِنُ بِاللَّهِ الْعَظِيمِ , نصف الحزب (57),الجزء التاسع والعشرون
35,وَلَا يَحُضُّ عَلَىٰ طَعَامِ الْمِسْكِينِ, نصف الحزب (57),الجزء التاسع والعشرون
36,فَلَيْسَ لَهُ الْيَوْمَ هَاهُنَا حَمِيمٌ, نصف الحزب (57),الجزء التاسع والعشرون
37,وَلَا طَعَامٌ إِلَّا مِنْ غِسْلِينٍ , نصف الحزب (57),الجزء التاسع والعشرون
38,لَا يَأْكُلُهُ إِلَّا الْخَاطِئُونَ , نصف الحزب (57),الجزء التاسع والعشرون
39,فَلَا أُقْسِمُ بِمَا تُبْصِرُونَ , نصف الحزب (57),الجزء التاسع والعشرون
40,وَمَا لَا تُبْصِرُونَ , نصف الحزب (57),الجزء التاسع والعشرون
41,إِنَّهُ لَقَوْلُ رَسُولٍ كَرِيمٍ , نصف الحزب (57),الجزء التاسع والعشرون
42,وَمَا هُوَ بِقَوْلِ شَاعِرٍ ۚ قَلِيلًا مَا تُؤْمِنُونَ, نصف الحزب (57),الجزء التاسع والعشرون
43,وَلَا بِقَوْلِ كَاهِنٍ ۚ قَلِيلًا مَا تَذَكَّرُونَ , نصف الحزب (57),الجزء التاسع والعشرون
44,تَنْزِيلٌ مِنْ رَبِّ الْعَالَمِينَ, نصف الحزب (57),الجزء التاسع والعشرون
45,وَلَوْ تَقَوَّلَ عَلَيْنَا بَعْضَ الْأَقَاوِيلِ , نصف الحزب (57),الجزء التاسع والعشرون
46,لَأَخَذْنَا مِنْهُ بِالْيَمِينِ , نصف الحزب (57),الجزء التاسع والعشرون
47,ثُمَّ لَقَطَعْنَا مِنْهُ الْوَتِينَ, نصف الحزب (57),الجزء التاسع والعشرون
48,فَمَا مِنْكُمْ مِنْ أَحَدٍ عَنْهُ حَاجِزِينَ , نصف الحزب (57),الجزء التاسع والعشرون
49,وَإِنَّهُ لَتَذْكِرَةٌ لِلْمُتَّقِينَ , نصف الحزب (57),الجزء التاسع والعشرون
50,وَإِنَّا لَنَعْلَمُ أَنَّ مِنْكُمْ مُكَذِّبِينَ, نصف الحزب (57),الجزء التاسع والعشرون
51,وَإِنَّهُ لَحَسْرَةٌ عَلَى الْكَافِرِينَ , نصف الحزب (57),الجزء التاسع والعشرون
52,وَإِنَّهُ لَحَقُّ الْيَقِينِ , نصف الحزب (57),الجزء التاسع والعشرون
53,فَسَبِّحْ بِاسْمِ رَبِّكَ الْعَظِيمِ, نصف الحزب (57),الجزء التاسع والعشرون
