﻿1,بِسْمِ اللَّهِ الرَّحْمَنِ الرَّحِيم, الحزب (16),الجزء الثامن
2,۞ المص , الحزب (16),الجزء الثامن
3,كِتَابٌ أُنْزِلَ إِلَيْكَ فَلَا يَكُنْ فِي صَدْرِكَ حَرَجٌ مِنْهُ لِتُنْذِرَ بِهِ وَذِكْرَىٰ لِلْمُؤْمِنِينَ, الحزب (16),الجزء الثامن
4,اتَّبِعُوا مَا أُنْزِلَ إِلَيْكُمْ مِنْ رَبِّكُمْ وَلَا تَتَّبِعُوا مِنْ دُونِهِ أَوْلِيَاءَ ۗ قَلِيلًا مَا تَذَكَّرُونَ , الحزب (16),الجزء الثامن
5,وَكَمْ مِنْ قَرْيَةٍ أَهْلَكْنَاهَا فَجَاءَهَا بَأْسُنَا بَيَاتًا أَوْ هُمْ قَائِلُونَ , الحزب (16),الجزء الثامن
6,فَمَا كَانَ دَعْوَاهُمْ إِذْ جَاءَهُمْ بَأْسُنَا إِلَّا أَنْ قَالُوا إِنَّا كُنَّا ظَالِمِينَ , الحزب (16),الجزء الثامن
7,فَلَنَسْأَلَنَّ الَّذِينَ أُرْسِلَ إِلَيْهِمْ وَلَنَسْأَلَنَّ الْمُرْسَلِينَ, الحزب (16),الجزء الثامن
8,فَلَنَقُصَّنَّ عَلَيْهِمْ بِعِلْمٍ ۖ وَمَا كُنَّا غَائِبِينَ , الحزب (16),الجزء الثامن
9,وَالْوَزْنُ يَوْمَئِذٍ الْحَقُّ ۚ فَمَنْ ثَقُلَتْ مَوَازِينُهُ فَأُولَٰئِكَ هُمُ الْمُفْلِحُونَ , الحزب (16),الجزء الثامن
10,وَمَنْ خَفَّتْ مَوَازِينُهُ فَأُولَٰئِكَ الَّذِينَ خَسِرُوا أَنْفُسَهُمْ بِمَا كَانُوا بِآيَاتِنَا يَظْلِمُونَ, الحزب (16),الجزء الثامن
11,وَلَقَدْ مَكَّنَّاكُمْ فِي الْأَرْضِ وَجَعَلْنَا لَكُمْ فِيهَا مَعَايِشَ ۗ قَلِيلًا مَا تَشْكُرُونَ , الحزب (16),الجزء الثامن
12,وَلَقَدْ خَلَقْنَاكُمْ ثُمَّ صَوَّرْنَاكُمْ ثُمَّ قُلْنَا لِلْمَلَائِكَةِ اسْجُدُوا لِآدَمَ فَسَجَدُوا إِلَّا إِبْلِيسَ لَمْ يَكُنْ مِنَ السَّاجِدِينَ , الحزب (16),الجزء الثامن
13,قَالَ مَا مَنَعَكَ أَلَّا تَسْجُدَ إِذْ أَمَرْتُكَ ۖ قَالَ أَنَا خَيْرٌ مِنْهُ خَلَقْتَنِي مِنْ نَارٍ وَخَلَقْتَهُ مِنْ طِينٍ , الحزب (16),الجزء الثامن
14,قَالَ فَاهْبِطْ مِنْهَا فَمَا يَكُونُ لَكَ أَنْ تَتَكَبَّرَ فِيهَا فَاخْرُجْ إِنَّكَ مِنَ الصَّاغِرِينَ, الحزب (16),الجزء الثامن
15,قَالَ أَنْظِرْنِي إِلَىٰ يَوْمِ يُبْعَثُونَ, الحزب (16),الجزء الثامن
16,قَالَ إِنَّكَ مِنَ الْمُنْظَرِينَ, الحزب (16),الجزء الثامن
17,قَالَ فَبِمَا أَغْوَيْتَنِي لَأَقْعُدَنَّ لَهُمْ صِرَاطَكَ الْمُسْتَقِيمَ , الحزب (16),الجزء الثامن
18,ثُمَّ لَآتِيَنَّهُمْ مِنْ بَيْنِ أَيْدِيهِمْ وَمِنْ خَلْفِهِمْ وَعَنْ أَيْمَانِهِمْ وَعَنْ شَمَائِلِهِمْ ۖ وَلَا تَجِدُ أَكْثَرَهُمْ شَاكِرِينَ , الحزب (16),الجزء الثامن
19,قَالَ اخْرُجْ مِنْهَا مَذْءُومًا مَدْحُورًا ۖ لَمَنْ تَبِعَكَ مِنْهُمْ لَأَمْلَأَنَّ جَهَنَّمَ مِنْكُمْ أَجْمَعِينَ , الحزب (16),الجزء الثامن
20,وَيَا آدَمُ اسْكُنْ أَنْتَ وَزَوْجُكَ الْجَنَّةَ فَكُلَا مِنْ حَيْثُ شِئْتُمَا وَلَا تَقْرَبَا هَٰذِهِ الشَّجَرَةَ فَتَكُونَا مِنَ الظَّالِمِينَ , الحزب (16),الجزء الثامن
21,فَوَسْوَسَ لَهُمَا الشَّيْطَانُ لِيُبْدِيَ لَهُمَا مَا وُورِيَ عَنْهُمَا مِنْ سَوْآتِهِمَا وَقَالَ مَا نَهَاكُمَا رَبُّكُمَا عَنْ هَٰذِهِ الشَّجَرَةِ إِلَّا أَنْ تَكُونَا مَلَكَيْنِ أَوْ تَكُونَا مِنَ الْخَالِدِينَ , الحزب (16),الجزء الثامن
22,وَقَاسَمَهُمَا إِنِّي لَكُمَا لَمِنَ النَّاصِحِينَ, الحزب (16),الجزء الثامن
23,فَدَلَّاهُمَا بِغُرُورٍ ۚ فَلَمَّا ذَاقَا الشَّجَرَةَ بَدَتْ لَهُمَا سَوْآتُهُمَا وَطَفِقَا يَخْصِفَانِ عَلَيْهِمَا مِنْ وَرَقِ الْجَنَّةِ ۖ وَنَادَاهُمَا رَبُّهُمَا أَلَمْ أَنْهَكُمَا عَنْ تِلْكُمَا الشَّجَرَةِ وَأَقُلْ لَكُمَا إِنَّ الشَّيْطَانَ لَكُمَا عَدُوٌّ مُبِينٌ, الحزب (16),الجزء الثامن
24,قَالَا رَبَّنَا ظَلَمْنَا أَنْفُسَنَا وَإِنْ لَمْ تَغْفِرْ لَنَا وَتَرْحَمْنَا لَنَكُونَنَّ مِنَ الْخَاسِرِينَ , الحزب (16),الجزء الثامن
25,قَالَ اهْبِطُوا بَعْضُكُمْ لِبَعْضٍ عَدُوٌّ ۖ وَلَكُمْ فِي الْأَرْضِ مُسْتَقَرٌّ وَمَتَاعٌ إِلَىٰ حِينٍ, الحزب (16),الجزء الثامن
26,قَالَ فِيهَا تَحْيَوْنَ وَفِيهَا تَمُوتُونَ وَمِنْهَا تُخْرَجُونَ , الحزب (16),الجزء الثامن
27,يَا بَنِي آدَمَ قَدْ أَنْزَلْنَا عَلَيْكُمْ لِبَاسًا يُوَارِي سَوْآتِكُمْ وَرِيشًا ۖ وَلِبَاسُ التَّقْوَىٰ ذَٰلِكَ خَيْرٌ ۚ ذَٰلِكَ مِنْ آيَاتِ اللَّهِ لَعَلَّهُمْ يَذَّكَّرُونَ , الحزب (16),الجزء الثامن
28,يَا بَنِي آدَمَ لَا يَفْتِنَنَّكُمُ الشَّيْطَانُ كَمَا أَخْرَجَ أَبَوَيْكُمْ مِنَ الْجَنَّةِ يَنْزِعُ عَنْهُمَا لِبَاسَهُمَا لِيُرِيَهُمَا سَوْآتِهِمَا ۗ إِنَّهُ يَرَاكُمْ هُوَ وَقَبِيلُهُ مِنْ حَيْثُ لَا تَرَوْنَهُمْ ۗ إِنَّا جَعَلْنَا الشَّيَاطِينَ أَوْلِيَاءَ لِلَّذِينَ لَا يُؤْمِنُونَ, الحزب (16),الجزء الثامن
29,وَإِذَا فَعَلُوا فَاحِشَةً قَالُوا وَجَدْنَا عَلَيْهَا آبَاءَنَا وَاللَّهُ أَمَرَنَا بِهَا ۗ قُلْ إِنَّ اللَّهَ لَا يَأْمُرُ بِالْفَحْشَاءِ ۖ أَتَقُولُونَ عَلَى اللَّهِ مَا لَا تَعْلَمُونَ , الحزب (16),الجزء الثامن
30,قُلْ أَمَرَ رَبِّي بِالْقِسْطِ ۖ وَأَقِيمُوا وُجُوهَكُمْ عِنْدَ كُلِّ مَسْجِدٍ وَادْعُوهُ مُخْلِصِينَ لَهُ الدِّينَ ۚ كَمَا بَدَأَكُمْ تَعُودُونَ , الحزب (16),الجزء الثامن
31,فَرِيقًا هَدَىٰ وَفَرِيقًا حَقَّ عَلَيْهِمُ الضَّلَالَةُ ۗ إِنَّهُمُ اتَّخَذُوا الشَّيَاطِينَ أَوْلِيَاءَ مِنْ دُونِ اللَّهِ وَيَحْسَبُونَ أَنَّهُمْ مُهْتَدُونَ , الحزب (16),الجزء الثامن
32,۞ يَا بَنِي آدَمَ خُذُوا زِينَتَكُمْ عِنْدَ كُلِّ مَسْجِدٍ وَكُلُوا وَاشْرَبُوا وَلَا تُسْرِفُوا ۚ إِنَّهُ لَا يُحِبُّ الْمُسْرِفِينَ, ربع الحزب (16),الجزء الثامن
33,قُلْ مَنْ حَرَّمَ زِينَةَ اللَّهِ الَّتِي أَخْرَجَ لِعِبَادِهِ وَالطَّيِّبَاتِ مِنَ الرِّزْقِ ۚ قُلْ هِيَ لِلَّذِينَ آمَنُوا فِي الْحَيَاةِ الدُّنْيَا خَالِصَةً يَوْمَ الْقِيَامَةِ ۗ كَذَٰلِكَ نُفَصِّلُ الْآيَاتِ لِقَوْمٍ يَعْلَمُونَ, ربع الحزب (16),الجزء الثامن
34,قُلْ إِنَّمَا حَرَّمَ رَبِّيَ الْفَوَاحِشَ مَا ظَهَرَ مِنْهَا وَمَا بَطَنَ وَالْإِثْمَ وَالْبَغْيَ بِغَيْرِ الْحَقِّ وَأَنْ تُشْرِكُوا بِاللَّهِ مَا لَمْ يُنَزِّلْ بِهِ سُلْطَانًا وَأَنْ تَقُولُوا عَلَى اللَّهِ مَا لَا تَعْلَمُونَ , ربع الحزب (16),الجزء الثامن
35,وَلِكُلِّ أُمَّةٍ أَجَلٌ ۖ فَإِذَا جَاءَ أَجَلُهُمْ لَا يَسْتَأْخِرُونَ سَاعَةً ۖ وَلَا يَسْتَقْدِمُونَ, ربع الحزب (16),الجزء الثامن
36,يَا بَنِي آدَمَ إِمَّا يَأْتِيَنَّكُمْ رُسُلٌ مِنْكُمْ يَقُصُّونَ عَلَيْكُمْ آيَاتِي ۙ فَمَنِ اتَّقَىٰ وَأَصْلَحَ فَلَا خَوْفٌ عَلَيْهِمْ وَلَا هُمْ يَحْزَنُونَ , ربع الحزب (16),الجزء الثامن
37,وَالَّذِينَ كَذَّبُوا بِآيَاتِنَا وَاسْتَكْبَرُوا عَنْهَا أُولَٰئِكَ أَصْحَابُ النَّارِ ۖ هُمْ فِيهَا خَالِدُونَ, ربع الحزب (16),الجزء الثامن
38,فَمَنْ أَظْلَمُ مِمَّنِ افْتَرَىٰ عَلَى اللَّهِ كَذِبًا أَوْ كَذَّبَ بِآيَاتِهِ ۚ أُولَٰئِكَ يَنَالُهُمْ نَصِيبُهُمْ مِنَ الْكِتَابِ ۖ حَتَّىٰ إِذَا جَاءَتْهُمْ رُسُلُنَا يَتَوَفَّوْنَهُمْ قَالُوا أَيْنَ مَا كُنْتُمْ تَدْعُونَ مِنْ دُونِ اللَّهِ ۖ قَالُوا ضَلُّوا عَنَّا وَشَهِدُوا عَلَىٰ أَنْفُسِهِمْ أَنَّهُمْ كَانُوا كَافِرِينَ, ربع الحزب (16),الجزء الثامن
39,قَالَ ادْخُلُوا فِي أُمَمٍ قَدْ خَلَتْ مِنْ قَبْلِكُمْ مِنَ الْجِنِّ وَالْإِنْسِ فِي النَّارِ ۖ كُلَّمَا دَخَلَتْ أُمَّةٌ لَعَنَتْ أُخْتَهَا ۖ حَتَّىٰ إِذَا ادَّارَكُوا فِيهَا جَمِيعًا قَالَتْ أُخْرَاهُمْ لِأُولَاهُمْ رَبَّنَا هَٰؤُلَاءِ أَضَلُّونَا فَآتِهِمْ عَذَابًا ضِعْفًا مِنَ النَّارِ ۖ قَالَ لِكُلٍّ ضِعْفٌ وَلَٰكِنْ لَا تَعْلَمُونَ, ربع الحزب (16),الجزء الثامن
40,وَقَالَتْ أُولَاهُمْ لِأُخْرَاهُمْ فَمَا كَانَ لَكُمْ عَلَيْنَا مِنْ فَضْلٍ فَذُوقُوا الْعَذَابَ بِمَا كُنْتُمْ تَكْسِبُونَ, ربع الحزب (16),الجزء الثامن
41,إِنَّ الَّذِينَ كَذَّبُوا بِآيَاتِنَا وَاسْتَكْبَرُوا عَنْهَا لَا تُفَتَّحُ لَهُمْ أَبْوَابُ السَّمَاءِ وَلَا يَدْخُلُونَ الْجَنَّةَ حَتَّىٰ يَلِجَ الْجَمَلُ فِي سَمِّ الْخِيَاطِ ۚ وَكَذَٰلِكَ نَجْزِي الْمُجْرِمِينَ, ربع الحزب (16),الجزء الثامن
42,لَهُمْ مِنْ جَهَنَّمَ مِهَادٌ وَمِنْ فَوْقِهِمْ غَوَاشٍ ۚ وَكَذَٰلِكَ نَجْزِي الظَّالِمِينَ , ربع الحزب (16),الجزء الثامن
43,وَالَّذِينَ آمَنُوا وَعَمِلُوا الصَّالِحَاتِ لَا نُكَلِّفُ نَفْسًا إِلَّا وُسْعَهَا أُولَٰئِكَ أَصْحَابُ الْجَنَّةِ ۖ هُمْ فِيهَا خَالِدُونَ , ربع الحزب (16),الجزء الثامن
44,وَنَزَعْنَا مَا فِي صُدُورِهِمْ مِنْ غِلٍّ تَجْرِي مِنْ تَحْتِهِمُ الْأَنْهَارُ ۖ وَقَالُوا الْحَمْدُ لِلَّهِ الَّذِي هَدَانَا لِهَٰذَا وَمَا كُنَّا لِنَهْتَدِيَ لَوْلَا أَنْ هَدَانَا اللَّهُ ۖ لَقَدْ جَاءَتْ رُسُلُ رَبِّنَا بِالْحَقِّ ۖ وَنُودُوا أَنْ تِلْكُمُ الْجَنَّةُ أُورِثْتُمُوهَا بِمَا كُنْتُمْ تَعْمَلُونَ , ربع الحزب (16),الجزء الثامن
45,وَنَادَىٰ أَصْحَابُ الْجَنَّةِ أَصْحَابَ النَّارِ أَنْ قَدْ وَجَدْنَا مَا وَعَدَنَا رَبُّنَا حَقًّا فَهَلْ وَجَدْتُمْ مَا وَعَدَ رَبُّكُمْ حَقًّا ۖ قَالُوا نَعَمْ ۚ فَأَذَّنَ مُؤَذِّنٌ بَيْنَهُمْ أَنْ لَعْنَةُ اللَّهِ عَلَى الظَّالِمِينَ, ربع الحزب (16),الجزء الثامن
46,الَّذِينَ يَصُدُّونَ عَنْ سَبِيلِ اللَّهِ وَيَبْغُونَهَا عِوَجًا وَهُمْ بِالْآخِرَةِ كَافِرُونَ , ربع الحزب (16),الجزء الثامن
47,وَبَيْنَهُمَا حِجَابٌ ۚ وَعَلَى الْأَعْرَافِ رِجَالٌ يَعْرِفُونَ كُلًّا بِسِيمَاهُمْ ۚ وَنَادَوْا أَصْحَابَ الْجَنَّةِ أَنْ سَلَامٌ عَلَيْكُمْ ۚ لَمْ يَدْخُلُوهَا وَهُمْ يَطْمَعُونَ , ربع الحزب (16),الجزء الثامن
48,۞ وَإِذَا صُرِفَتْ أَبْصَارُهُمْ تِلْقَاءَ أَصْحَابِ النَّارِ قَالُوا رَبَّنَا لَا تَجْعَلْنَا مَعَ الْقَوْمِ الظَّالِمِينَ, نصف الحزب (16),الجزء الثامن
49,وَنَادَىٰ أَصْحَابُ الْأَعْرَافِ رِجَالًا يَعْرِفُونَهُمْ بِسِيمَاهُمْ قَالُوا مَا أَغْنَىٰ عَنْكُمْ جَمْعُكُمْ وَمَا كُنْتُمْ تَسْتَكْبِرُونَ, نصف الحزب (16),الجزء الثامن
50,أَهَٰؤُلَاءِ الَّذِينَ أَقْسَمْتُمْ لَا يَنَالُهُمُ اللَّهُ بِرَحْمَةٍ ۚ ادْخُلُوا الْجَنَّةَ لَا خَوْفٌ عَلَيْكُمْ وَلَا أَنْتُمْ تَحْزَنُونَ , نصف الحزب (16),الجزء الثامن
51,وَنَادَىٰ أَصْحَابُ النَّارِ أَصْحَابَ الْجَنَّةِ أَنْ أَفِيضُوا عَلَيْنَا مِنَ الْمَاءِ أَوْ مِمَّا رَزَقَكُمُ اللَّهُ ۚ قَالُوا إِنَّ اللَّهَ حَرَّمَهُمَا عَلَى الْكَافِرِينَ , نصف الحزب (16),الجزء الثامن
52,الَّذِينَ اتَّخَذُوا دِينَهُمْ لَهْوًا وَلَعِبًا وَغَرَّتْهُمُ الْحَيَاةُ الدُّنْيَا ۚ فَالْيَوْمَ نَنْسَاهُمْ كَمَا نَسُوا لِقَاءَ يَوْمِهِمْ هَٰذَا وَمَا كَانُوا بِآيَاتِنَا يَجْحَدُونَ, نصف الحزب (16),الجزء الثامن
53,وَلَقَدْ جِئْنَاهُمْ بِكِتَابٍ فَصَّلْنَاهُ عَلَىٰ عِلْمٍ هُدًى وَرَحْمَةً لِقَوْمٍ يُؤْمِنُونَ, نصف الحزب (16),الجزء الثامن
54,هَلْ يَنْظُرُونَ إِلَّا تَأْوِيلَهُ ۚ يَوْمَ يَأْتِي تَأْوِيلُهُ يَقُولُ الَّذِينَ نَسُوهُ مِنْ قَبْلُ قَدْ جَاءَتْ رُسُلُ رَبِّنَا بِالْحَقِّ فَهَلْ لَنَا مِنْ شُفَعَاءَ فَيَشْفَعُوا لَنَا أَوْ نُرَدُّ فَنَعْمَلَ غَيْرَ الَّذِي كُنَّا نَعْمَلُ ۚ قَدْ خَسِرُوا أَنْفُسَهُمْ وَضَلَّ عَنْهُمْ مَا كَانُوا يَفْتَرُونَ , نصف الحزب (16),الجزء الثامن
55,إِنَّ رَبَّكُمُ اللَّهُ الَّذِي خَلَقَ السَّمَاوَاتِ وَالْأَرْضَ فِي سِتَّةِ أَيَّامٍ ثُمَّ اسْتَوَىٰ عَلَى الْعَرْشِ يُغْشِي اللَّيْلَ النَّهَارَ يَطْلُبُهُ حَثِيثًا وَالشَّمْسَ وَالْقَمَرَ وَالنُّجُومَ مُسَخَّرَاتٍ بِأَمْرِهِ ۗ أَلَا لَهُ الْخَلْقُ وَالْأَمْرُ ۗ تَبَارَكَ اللَّهُ رَبُّ الْعَالَمِينَ, نصف الحزب (16),الجزء الثامن
56,ادْعُوا رَبَّكُمْ تَضَرُّعًا وَخُفْيَةً ۚ إِنَّهُ لَا يُحِبُّ الْمُعْتَدِينَ, نصف الحزب (16),الجزء الثامن
57,وَلَا تُفْسِدُوا فِي الْأَرْضِ بَعْدَ إِصْلَاحِهَا وَادْعُوهُ خَوْفًا وَطَمَعًا ۚ إِنَّ رَحْمَتَ اللَّهِ قَرِيبٌ مِنَ الْمُحْسِنِينَ, نصف الحزب (16),الجزء الثامن
58,وَهُوَ الَّذِي يُرْسِلُ الرِّيَاحَ بُشْرًا بَيْنَ يَدَيْ رَحْمَتِهِ ۖ حَتَّىٰ إِذَا أَقَلَّتْ سَحَابًا ثِقَالًا سُقْنَاهُ لِبَلَدٍ مَيِّتٍ فَأَنْزَلْنَا بِهِ الْمَاءَ فَأَخْرَجْنَا بِهِ مِنْ كُلِّ الثَّمَرَاتِ ۚ كَذَٰلِكَ نُخْرِجُ الْمَوْتَىٰ لَعَلَّكُمْ تَذَكَّرُونَ, نصف الحزب (16),الجزء الثامن
59,وَالْبَلَدُ الطَّيِّبُ يَخْرُجُ نَبَاتُهُ بِإِذْنِ رَبِّهِ ۖ وَالَّذِي خَبُثَ لَا يَخْرُجُ إِلَّا نَكِدًا ۚ كَذَٰلِكَ نُصَرِّفُ الْآيَاتِ لِقَوْمٍ يَشْكُرُونَ, نصف الحزب (16),الجزء الثامن
60,لَقَدْ أَرْسَلْنَا نُوحًا إِلَىٰ قَوْمِهِ فَقَالَ يَا قَوْمِ اعْبُدُوا اللَّهَ مَا لَكُمْ مِنْ إِلَٰهٍ غَيْرُهُ إِنِّي أَخَافُ عَلَيْكُمْ عَذَابَ يَوْمٍ عَظِيمٍ, نصف الحزب (16),الجزء الثامن
61,قَالَ الْمَلَأُ مِنْ قَوْمِهِ إِنَّا لَنَرَاكَ فِي ضَلَالٍ مُبِينٍ, نصف الحزب (16),الجزء الثامن
62,قَالَ يَا قَوْمِ لَيْسَ بِي ضَلَالَةٌ وَلَٰكِنِّي رَسُولٌ مِنْ رَبِّ الْعَالَمِينَ , نصف الحزب (16),الجزء الثامن
63,أُبَلِّغُكُمْ رِسَالَاتِ رَبِّي وَأَنْصَحُ لَكُمْ وَأَعْلَمُ مِنَ اللَّهِ مَا لَا تَعْلَمُونَ , نصف الحزب (16),الجزء الثامن
64,أَوَعَجِبْتُمْ أَنْ جَاءَكُمْ ذِكْرٌ مِنْ رَبِّكُمْ عَلَىٰ رَجُلٍ مِنْكُمْ لِيُنْذِرَكُمْ وَلِتَتَّقُوا وَلَعَلَّكُمْ تُرْحَمُونَ, نصف الحزب (16),الجزء الثامن
65,فَكَذَّبُوهُ فَأَنْجَيْنَاهُ وَالَّذِينَ مَعَهُ فِي الْفُلْكِ وَأَغْرَقْنَا الَّذِينَ كَذَّبُوا بِآيَاتِنَا ۚ إِنَّهُمْ كَانُوا قَوْمًا عَمِينَ , نصف الحزب (16),الجزء الثامن
66,۞ وَإِلَىٰ عَادٍ أَخَاهُمْ هُودًا ۗ قَالَ يَا قَوْمِ اعْبُدُوا اللَّهَ مَا لَكُمْ مِنْ إِلَٰهٍ غَيْرُهُ ۚ أَفَلَا تَتَّقُونَ, ثلاثة أرباع الحزب (16),الجزء الثامن
67,قَالَ الْمَلَأُ الَّذِينَ كَفَرُوا مِنْ قَوْمِهِ إِنَّا لَنَرَاكَ فِي سَفَاهَةٍ وَإِنَّا لَنَظُنُّكَ مِنَ الْكَاذِبِينَ, ثلاثة أرباع الحزب (16),الجزء الثامن
68,قَالَ يَا قَوْمِ لَيْسَ بِي سَفَاهَةٌ وَلَٰكِنِّي رَسُولٌ مِنْ رَبِّ الْعَالَمِينَ , ثلاثة أرباع الحزب (16),الجزء الثامن
69,أُبَلِّغُكُمْ رِسَالَاتِ رَبِّي وَأَنَا لَكُمْ نَاصِحٌ أَمِينٌ , ثلاثة أرباع الحزب (16),الجزء الثامن
70,أَوَعَجِبْتُمْ أَنْ جَاءَكُمْ ذِكْرٌ مِنْ رَبِّكُمْ عَلَىٰ رَجُلٍ مِنْكُمْ لِيُنْذِرَكُمْ ۚ وَاذْكُرُوا إِذْ جَعَلَكُمْ خُلَفَاءَ مِنْ بَعْدِ قَوْمِ نُوحٍ وَزَادَكُمْ فِي الْخَلْقِ بَسْطَةً ۖ فَاذْكُرُوا آلَاءَ اللَّهِ لَعَلَّكُمْ تُفْلِحُونَ , ثلاثة أرباع الحزب (16),الجزء الثامن
71,قَالُوا أَجِئْتَنَا لِنَعْبُدَ اللَّهَ وَحْدَهُ وَنَذَرَ مَا كَانَ يَعْبُدُ آبَاؤُنَا ۖ فَأْتِنَا بِمَا تَعِدُنَا إِنْ كُنْتَ مِنَ الصَّادِقِينَ , ثلاثة أرباع الحزب (16),الجزء الثامن
72,قَالَ قَدْ وَقَعَ عَلَيْكُمْ مِنْ رَبِّكُمْ رِجْسٌ وَغَضَبٌ ۖ أَتُجَادِلُونَنِي فِي أَسْمَاءٍ سَمَّيْتُمُوهَا أَنْتُمْ وَآبَاؤُكُمْ مَا نَزَّلَ اللَّهُ بِهَا مِنْ سُلْطَانٍ ۚ فَانْتَظِرُوا إِنِّي مَعَكُمْ مِنَ الْمُنْتَظِرِينَ, ثلاثة أرباع الحزب (16),الجزء الثامن
73,فَأَنْجَيْنَاهُ وَالَّذِينَ مَعَهُ بِرَحْمَةٍ مِنَّا وَقَطَعْنَا دَابِرَ الَّذِينَ كَذَّبُوا بِآيَاتِنَا ۖ وَمَا كَانُوا مُؤْمِنِينَ, ثلاثة أرباع الحزب (16),الجزء الثامن
74,وَإِلَىٰ ثَمُودَ أَخَاهُمْ صَالِحًا ۗ قَالَ يَا قَوْمِ اعْبُدُوا اللَّهَ مَا لَكُمْ مِنْ إِلَٰهٍ غَيْرُهُ ۖ قَدْ جَاءَتْكُمْ بَيِّنَةٌ مِنْ رَبِّكُمْ ۖ هَٰذِهِ نَاقَةُ اللَّهِ لَكُمْ آيَةً ۖ فَذَرُوهَا تَأْكُلْ فِي أَرْضِ اللَّهِ ۖ وَلَا تَمَسُّوهَا بِسُوءٍ فَيَأْخُذَكُمْ عَذَابٌ أَلِيمٌ, ثلاثة أرباع الحزب (16),الجزء الثامن
75,وَاذْكُرُوا إِذْ جَعَلَكُمْ خُلَفَاءَ مِنْ بَعْدِ عَادٍ وَبَوَّأَكُمْ فِي الْأَرْضِ تَتَّخِذُونَ مِنْ سُهُولِهَا قُصُورًا وَتَنْحِتُونَ الْجِبَالَ بُيُوتًا ۖ فَاذْكُرُوا آلَاءَ اللَّهِ وَلَا تَعْثَوْا فِي الْأَرْضِ مُفْسِدِينَ , ثلاثة أرباع الحزب (16),الجزء الثامن
76,۞ قَالَ الْمَلَأُ الَّذِينَ اسْتَكْبَرُوا مِنْ قَوْمِهِ لِلَّذِينَ اسْتُضْعِفُوا لِمَنْ آمَنَ مِنْهُمْ أَتَعْلَمُونَ أَنَّ صَالِحًا مُرْسَلٌ مِنْ رَبِّهِ ۚ قَالُوا إِنَّا بِمَا أُرْسِلَ بِهِ مُؤْمِنُونَ , ثلاثة أرباع الحزب (16),الجزء الثامن
77,قَالَ الَّذِينَ اسْتَكْبَرُوا إِنَّا بِالَّذِي آمَنْتُمْ بِهِ كَافِرُونَ, ثلاثة أرباع الحزب (16),الجزء الثامن
78,فَعَقَرُوا النَّاقَةَ وَعَتَوْا عَنْ أَمْرِ رَبِّهِمْ وَقَالُوا يَا صَالِحُ ائْتِنَا بِمَا تَعِدُنَا إِنْ كُنْتَ مِنَ الْمُرْسَلِينَ, ثلاثة أرباع الحزب (16),الجزء الثامن
79,فَأَخَذَتْهُمُ الرَّجْفَةُ فَأَصْبَحُوا فِي دَارِهِمْ جَاثِمِينَ , ثلاثة أرباع الحزب (16),الجزء الثامن
80,فَتَوَلَّىٰ عَنْهُمْ وَقَالَ يَا قَوْمِ لَقَدْ أَبْلَغْتُكُمْ رِسَالَةَ رَبِّي وَنَصَحْتُ لَكُمْ وَلَٰكِنْ لَا تُحِبُّونَ النَّاصِحِينَ, ثلاثة أرباع الحزب (16),الجزء الثامن
81,وَلُوطًا إِذْ قَالَ لِقَوْمِهِ أَتَأْتُونَ الْفَاحِشَةَ مَا سَبَقَكُمْ بِهَا مِنْ أَحَدٍ مِنَ الْعَالَمِينَ, ثلاثة أرباع الحزب (16),الجزء الثامن
82,إِنَّكُمْ لَتَأْتُونَ الرِّجَالَ شَهْوَةً مِنْ دُونِ النِّسَاءِ ۚ بَلْ أَنْتُمْ قَوْمٌ مُسْرِفُونَ , ثلاثة أرباع الحزب (16),الجزء الثامن
83,وَمَا كَانَ جَوَابَ قَوْمِهِ إِلَّا أَنْ قَالُوا أَخْرِجُوهُمْ مِنْ قَرْيَتِكُمْ ۖ إِنَّهُمْ أُنَاسٌ يَتَطَهَّرُونَ , ثلاثة أرباع الحزب (16),الجزء الثامن
84,فَأَنْجَيْنَاهُ وَأَهْلَهُ إِلَّا امْرَأَتَهُ كَانَتْ مِنَ الْغَابِرِينَ, ثلاثة أرباع الحزب (16),الجزء الثامن
85,وَأَمْطَرْنَا عَلَيْهِمْ مَطَرًا ۖ فَانْظُرْ كَيْفَ كَانَ عَاقِبَةُ الْمُجْرِمِينَ, ثلاثة أرباع الحزب (16),الجزء الثامن
86,وَإِلَىٰ مَدْيَنَ أَخَاهُمْ شُعَيْبًا ۗ قَالَ يَا قَوْمِ اعْبُدُوا اللَّهَ مَا لَكُمْ مِنْ إِلَٰهٍ غَيْرُهُ ۖ قَدْ جَاءَتْكُمْ بَيِّنَةٌ مِنْ رَبِّكُمْ ۖ فَأَوْفُوا الْكَيْلَ وَالْمِيزَانَ وَلَا تَبْخَسُوا النَّاسَ أَشْيَاءَهُمْ وَلَا تُفْسِدُوا فِي الْأَرْضِ بَعْدَ إِصْلَاحِهَا ۚ ذَٰلِكُمْ خَيْرٌ لَكُمْ إِنْ كُنْتُمْ مُؤْمِنِينَ , ثلاثة أرباع الحزب (16),الجزء الثامن
87,وَلَا تَقْعُدُوا بِكُلِّ صِرَاطٍ تُوعِدُونَ وَتَصُدُّونَ عَنْ سَبِيلِ اللَّهِ مَنْ آمَنَ بِهِ وَتَبْغُونَهَا عِوَجًا ۚ وَاذْكُرُوا إِذْ كُنْتُمْ قَلِيلًا فَكَثَّرَكُمْ ۖ وَانْظُرُوا كَيْفَ كَانَ عَاقِبَةُ الْمُفْسِدِينَ , ثلاثة أرباع الحزب (16),الجزء الثامن
88,وَإِنْ كَانَ طَائِفَةٌ مِنْكُمْ آمَنُوا بِالَّذِي أُرْسِلْتُ بِهِ وَطَائِفَةٌ لَمْ يُؤْمِنُوا فَاصْبِرُوا حَتَّىٰ يَحْكُمَ اللَّهُ بَيْنَنَا ۚ وَهُوَ خَيْرُ الْحَاكِمِينَ , ثلاثة أرباع الحزب (16),الجزء الثامن
89,۞ قَالَ الْمَلَأُ الَّذِينَ اسْتَكْبَرُوا مِنْ قَوْمِهِ لَنُخْرِجَنَّكَ يَا شُعَيْبُ وَالَّذِينَ آمَنُوا مَعَكَ مِنْ قَرْيَتِنَا أَوْ لَتَعُودُنَّ فِي مِلَّتِنَا ۚ قَالَ أَوَلَوْ كُنَّا كَارِهِينَ , الحزب (17),الجزء التاسع
90, قَدِ افْتَرَيْنَا عَلَى اللَّهِ كَذِبًا إِنْ عُدْنَا فِي مِلَّتِكُمْ بَعْدَ إِذْ نَجَّانَا اللَّهُ مِنْهَا ۚ وَمَا يَكُونُ لَنَا أَنْ نَعُودَ فِيهَا إِلَّا أَنْ يَشَاءَ اللَّهُ رَبُّنَا ۚ وَسِعَ رَبُّنَا كُلَّ شَيْءٍ عِلْمًا ۚ عَلَى اللَّهِ تَوَكَّلْنَا ۚ رَبَّنَا افْتَحْ بَيْنَنَا وَبَيْنَ قَوْمِنَا بِالْحَقِّ وَأَنْتَ خَيْرُ الْفَاتِحِينَ,الحزب (17),الجزء التاسع
91,وَقَالَ الْمَلَأُ الَّذِينَ كَفَرُوا مِنْ قَوْمِهِ لَئِنِ اتَّبَعْتُمْ شُعَيْبًا إِنَّكُمْ إِذًا لَخَاسِرُونَ ,الحزب (17),الجزء التاسع
92,فَأَخَذَتْهُمُ الرَّجْفَةُ فَأَصْبَحُوا فِي دَارِهِمْ جَاثِمِينَ ,الحزب (17),الجزء التاسع
93,الَّذِينَ كَذَّبُوا شُعَيْبًا كَأَنْ لَمْ يَغْنَوْا فِيهَا ۚ الَّذِينَ كَذَّبُوا شُعَيْبًا كَانُوا هُمُ الْخَاسِرِينَ ,الحزب (17),الجزء التاسع
94,فَتَوَلَّىٰ عَنْهُمْ وَقَالَ يَا قَوْمِ لَقَدْ أَبْلَغْتُكُمْ رِسَالَاتِ رَبِّي وَنَصَحْتُ لَكُمْ ۖ فَكَيْفَ آسَىٰ عَلَىٰ قَوْمٍ كَافِرِينَ ,الحزب (17),الجزء التاسع
95,وَمَا أَرْسَلْنَا فِي قَرْيَةٍ مِنْ نَبِيٍّ إِلَّا أَخَذْنَا أَهْلَهَا بِالْبَأْسَاءِ وَالضَّرَّاءِ لَعَلَّهُمْ يَضَّرَّعُونَ,الحزب (17),الجزء التاسع
96,ثُمَّ بَدَّلْنَا مَكَانَ السَّيِّئَةِ الْحَسَنَةَ حَتَّىٰ عَفَوْا وَقَالُوا قَدْ مَسَّ آبَاءَنَا الضَّرَّاءُ وَالسَّرَّاءُ فَأَخَذْنَاهُمْ بَغْتَةً وَهُمْ لَا يَشْعُرُونَ ,الحزب (17),الجزء التاسع
97,وَلَوْ أَنَّ أَهْلَ الْقُرَىٰ آمَنُوا وَاتَّقَوْا لَفَتَحْنَا عَلَيْهِمْ بَرَكَاتٍ مِنَ السَّمَاءِ وَالْأَرْضِ وَلَٰكِنْ كَذَّبُوا فَأَخَذْنَاهُمْ بِمَا كَانُوا يَكْسِبُونَ ,الحزب (17),الجزء التاسع
98,أَفَأَمِنَ أَهْلُ الْقُرَىٰ أَنْ يَأْتِيَهُمْ بَأْسُنَا بَيَاتًا وَهُمْ نَائِمُونَ ,الحزب (17),الجزء التاسع
99,أَوَأَمِنَ أَهْلُ الْقُرَىٰ أَنْ يَأْتِيَهُمْ بَأْسُنَا ضُحًى وَهُمْ يَلْعَبُونَ ,الحزب (17),الجزء التاسع
100,أَفَأَمِنُوا مَكْرَ اللَّهِ ۚ فَلَا يَأْمَنُ مَكْرَ اللَّهِ إِلَّا الْقَوْمُ الْخَاسِرُونَ,الحزب (17),الجزء التاسع
101,أَوَلَمْ يَهْدِ لِلَّذِينَ يَرِثُونَ الْأَرْضَ مِنْ بَعْدِ أَهْلِهَا أَنْ لَوْ نَشَاءُ أَصَبْنَاهُمْ بِذُنُوبِهِمْ ۚ وَنَطْبَعُ عَلَىٰ قُلُوبِهِمْ فَهُمْ لَا يَسْمَعُونَ ,الحزب (17),الجزء التاسع
102,تِلْكَ الْقُرَىٰ نَقُصُّ عَلَيْكَ مِنْ أَنْبَائِهَا ۚ وَلَقَدْ جَاءَتْهُمْ رُسُلُهُمْ بِالْبَيِّنَاتِ فَمَا كَانُوا لِيُؤْمِنُوا بِمَا كَذَّبُوا مِنْ قَبْلُ ۚ كَذَٰلِكَ يَطْبَعُ اللَّهُ عَلَىٰ قُلُوبِ الْكَافِرِينَ,الحزب (17),الجزء التاسع
103,وَمَا وَجَدْنَا لِأَكْثَرِهِمْ مِنْ عَهْدٍ ۖ وَإِنْ وَجَدْنَا أَكْثَرَهُمْ لَفَاسِقِينَ ,الحزب (17),الجزء التاسع
104,ثُمَّ بَعَثْنَا مِنْ بَعْدِهِمْ مُوسَىٰ بِآيَاتِنَا إِلَىٰ فِرْعَوْنَ وَمَلَئِهِ فَظَلَمُوا بِهَا ۖ فَانْظُرْ كَيْفَ كَانَ عَاقِبَةُ الْمُفْسِدِينَ ,الحزب (17),الجزء التاسع
105,وَقَالَ مُوسَىٰ يَا فِرْعَوْنُ إِنِّي رَسُولٌ مِنْ رَبِّ الْعَالَمِينَ ,الحزب (17),الجزء التاسع
106,حَقِيقٌ عَلَىٰ أَنْ لَا أَقُولَ عَلَى اللَّهِ إِلَّا الْحَقَّ ۚ قَدْ جِئْتُكُمْ بِبَيِّنَةٍ مِنْ رَبِّكُمْ فَأَرْسِلْ مَعِيَ بَنِي إِسْرَائِيلَ,الحزب (17),الجزء التاسع
107,قَالَ إِنْ كُنْتَ جِئْتَ بِآيَةٍ فَأْتِ بِهَا إِنْ كُنْتَ مِنَ الصَّادِقِينَ ,الحزب (17),الجزء التاسع
108,فَأَلْقَىٰ عَصَاهُ فَإِذَا هِيَ ثُعْبَانٌ مُبِينٌ ,الحزب (17),الجزء التاسع
109,وَنَزَعَ يَدَهُ فَإِذَا هِيَ بَيْضَاءُ لِلنَّاظِرِينَ ,الحزب (17),الجزء التاسع
110,قَالَ الْمَلَأُ مِنْ قَوْمِ فِرْعَوْنَ إِنَّ هَٰذَا لَسَاحِرٌ عَلِيمٌ ,الحزب (17),الجزء التاسع
111,يُرِيدُ أَنْ يُخْرِجَكُمْ مِنْ أَرْضِكُمْ ۖ فَمَاذَا تَأْمُرُونَ,الحزب (17),الجزء التاسع
112,قَالُوا أَرْجِهْ وَأَخَاهُ وَأَرْسِلْ فِي الْمَدَائِنِ حَاشِرِينَ,الحزب (17),الجزء التاسع
113,يَأْتُوكَ بِكُلِّ سَاحِرٍ عَلِيمٍ,الحزب (17),الجزء التاسع
114,وَجَاءَ السَّحَرَةُ فِرْعَوْنَ قَالُوا إِنَّ لَنَا لَأَجْرًا إِنْ كُنَّا نَحْنُ الْغَالِبِينَ ,الحزب (17),الجزء التاسع
115,قَالَ نَعَمْ وَإِنَّكُمْ لَمِنَ الْمُقَرَّبِينَ ,الحزب (17),الجزء التاسع
116,قَالُوا يَا مُوسَىٰ إِمَّا أَنْ تُلْقِيَ وَإِمَّا أَنْ نَكُونَ نَحْنُ الْمُلْقِينَ ,الحزب (17),الجزء التاسع
117,قَالَ أَلْقُوا ۖ فَلَمَّا أَلْقَوْا سَحَرُوا أَعْيُنَ النَّاسِ وَاسْتَرْهَبُوهُمْ وَجَاءُوا بِسِحْرٍ عَظِيمٍ ,الحزب (17),الجزء التاسع
118,۞ وَأَوْحَيْنَا إِلَىٰ مُوسَىٰ أَنْ أَلْقِ عَصَاكَ ۖ فَإِذَا هِيَ تَلْقَفُ مَا يَأْفِكُونَ , ربع الحزب (17),الجزء التاسع
119,فَوَقَعَ الْحَقُّ وَبَطَلَ مَا كَانُوا يَعْمَلُونَ , ربع الحزب (17),الجزء التاسع
120,فَغُلِبُوا هُنَالِكَ وَانْقَلَبُوا صَاغِرِينَ , ربع الحزب (17),الجزء التاسع
121,وَأُلْقِيَ السَّحَرَةُ سَاجِدِينَ, ربع الحزب (17),الجزء التاسع
122,قَالُوا آمَنَّا بِرَبِّ الْعَالَمِينَ , ربع الحزب (17),الجزء التاسع
123,رَبِّ مُوسَىٰ وَهَارُونَ , ربع الحزب (17),الجزء التاسع
124,قَالَ فِرْعَوْنُ آمَنْتُمْ بِهِ قَبْلَ أَنْ آذَنَ لَكُمْ ۖ إِنَّ هَٰذَا لَمَكْرٌ مَكَرْتُمُوهُ فِي الْمَدِينَةِ لِتُخْرِجُوا مِنْهَا أَهْلَهَا ۖ فَسَوْفَ تَعْلَمُونَ, ربع الحزب (17),الجزء التاسع
125,لَأُقَطِّعَنَّ أَيْدِيَكُمْ وَأَرْجُلَكُمْ مِنْ خِلَافٍ ثُمَّ لَأُصَلِّبَنَّكُمْ أَجْمَعِينَ, ربع الحزب (17),الجزء التاسع
126,قَالُوا إِنَّا إِلَىٰ رَبِّنَا مُنْقَلِبُونَ , ربع الحزب (17),الجزء التاسع
127,وَمَا تَنْقِمُ مِنَّا إِلَّا أَنْ آمَنَّا بِآيَاتِ رَبِّنَا لَمَّا جَاءَتْنَا ۚ رَبَّنَا أَفْرِغْ عَلَيْنَا صَبْرًا وَتَوَفَّنَا مُسْلِمِينَ, ربع الحزب (17),الجزء التاسع
128,وَقَالَ الْمَلَأُ مِنْ قَوْمِ فِرْعَوْنَ أَتَذَرُ مُوسَىٰ وَقَوْمَهُ لِيُفْسِدُوا فِي الْأَرْضِ وَيَذَرَكَ وَآلِهَتَكَ ۚ قَالَ سَنُقَتِّلُ أَبْنَاءَهُمْ وَنَسْتَحْيِي نِسَاءَهُمْ وَإِنَّا فَوْقَهُمْ قَاهِرُونَ, ربع الحزب (17),الجزء التاسع
129,قَالَ مُوسَىٰ لِقَوْمِهِ اسْتَعِينُوا بِاللَّهِ وَاصْبِرُوا ۖ إِنَّ الْأَرْضَ لِلَّهِ يُورِثُهَا مَنْ يَشَاءُ مِنْ عِبَادِهِ ۖ وَالْعَاقِبَةُ لِلْمُتَّقِينَ , ربع الحزب (17),الجزء التاسع
130,قَالُوا أُوذِينَا مِنْ قَبْلِ أَنْ تَأْتِيَنَا وَمِنْ بَعْدِ مَا جِئْتَنَا ۚ قَالَ عَسَىٰ رَبُّكُمْ أَنْ يُهْلِكَ عَدُوَّكُمْ وَيَسْتَخْلِفَكُمْ فِي الْأَرْضِ فَيَنْظُرَ كَيْفَ تَعْمَلُونَ , ربع الحزب (17),الجزء التاسع
131,وَلَقَدْ أَخَذْنَا آلَ فِرْعَوْنَ بِالسِّنِينَ وَنَقْصٍ مِنَ الثَّمَرَاتِ لَعَلَّهُمْ يَذَّكَّرُونَ, ربع الحزب (17),الجزء التاسع
132,فَإِذَا جَاءَتْهُمُ الْحَسَنَةُ قَالُوا لَنَا هَٰذِهِ ۖ وَإِنْ تُصِبْهُمْ سَيِّئَةٌ يَطَّيَّرُوا بِمُوسَىٰ وَمَنْ مَعَهُ ۗ أَلَا إِنَّمَا طَائِرُهُمْ عِنْدَ اللَّهِ وَلَٰكِنَّ أَكْثَرَهُمْ لَا يَعْلَمُونَ , ربع الحزب (17),الجزء التاسع
133,وَقَالُوا مَهْمَا تَأْتِنَا بِهِ مِنْ آيَةٍ لِتَسْحَرَنَا بِهَا فَمَا نَحْنُ لَكَ بِمُؤْمِنِينَ , ربع الحزب (17),الجزء التاسع
134,فَأَرْسَلْنَا عَلَيْهِمُ الطُّوفَانَ وَالْجَرَادَ وَالْقُمَّلَ وَالضَّفَادِعَ وَالدَّمَ آيَاتٍ مُفَصَّلَاتٍ فَاسْتَكْبَرُوا وَكَانُوا قَوْمًا مُجْرِمِينَ , ربع الحزب (17),الجزء التاسع
135,وَلَمَّا وَقَعَ عَلَيْهِمُ الرِّجْزُ قَالُوا يَا مُوسَى ادْعُ لَنَا رَبَّكَ بِمَا عَهِدَ عِنْدَكَ ۖ لَئِنْ كَشَفْتَ عَنَّا الرِّجْزَ لَنُؤْمِنَنَّ لَكَ وَلَنُرْسِلَنَّ مَعَكَ بَنِي إِسْرَائِيلَ , ربع الحزب (17),الجزء التاسع
136,فَلَمَّا كَشَفْنَا عَنْهُمُ الرِّجْزَ إِلَىٰ أَجَلٍ هُمْ بَالِغُوهُ إِذَا هُمْ يَنْكُثُونَ , ربع الحزب (17),الجزء التاسع
137,فَانْتَقَمْنَا مِنْهُمْ فَأَغْرَقْنَاهُمْ فِي الْيَمِّ بِأَنَّهُمْ كَذَّبُوا بِآيَاتِنَا وَكَانُوا عَنْهَا غَافِلِينَ , ربع الحزب (17),الجزء التاسع
138,وَأَوْرَثْنَا الْقَوْمَ الَّذِينَ كَانُوا يُسْتَضْعَفُونَ مَشَارِقَ الْأَرْضِ وَمَغَارِبَهَا الَّتِي بَارَكْنَا فِيهَا ۖ وَتَمَّتْ كَلِمَتُ رَبِّكَ الْحُسْنَىٰ عَلَىٰ بَنِي إِسْرَائِيلَ بِمَا صَبَرُوا ۖ وَدَمَّرْنَا مَا كَانَ يَصْنَعُ فِرْعَوْنُ وَقَوْمُهُ وَمَا كَانُوا يَعْرِشُونَ , ربع الحزب (17),الجزء التاسع
139,وَجَاوَزْنَا بِبَنِي إِسْرَائِيلَ الْبَحْرَ فَأَتَوْا عَلَىٰ قَوْمٍ يَعْكُفُونَ عَلَىٰ أَصْنَامٍ لَهُمْ ۚ قَالُوا يَا مُوسَى اجْعَلْ لَنَا إِلَٰهًا كَمَا لَهُمْ آلِهَةٌ ۚ قَالَ إِنَّكُمْ قَوْمٌ تَجْهَلُونَ , ربع الحزب (17),الجزء التاسع
140,إِنَّ هَٰؤُلَاءِ مُتَبَّرٌ مَا هُمْ فِيهِ وَبَاطِلٌ مَا كَانُوا يَعْمَلُونَ , ربع الحزب (17),الجزء التاسع
141,قَالَ أَغَيْرَ اللَّهِ أَبْغِيكُمْ إِلَٰهًا وَهُوَ فَضَّلَكُمْ عَلَى الْعَالَمِينَ , ربع الحزب (17),الجزء التاسع
142,وَإِذْ أَنْجَيْنَاكُمْ مِنْ آلِ فِرْعَوْنَ يَسُومُونَكُمْ سُوءَ الْعَذَابِ ۖ يُقَتِّلُونَ أَبْنَاءَكُمْ وَيَسْتَحْيُونَ نِسَاءَكُمْ ۚ وَفِي ذَٰلِكُمْ بَلَاءٌ مِنْ رَبِّكُمْ عَظِيمٌ , ربع الحزب (17),الجزء التاسع
143,۞ وَوَاعَدْنَا مُوسَىٰ ثَلَاثِينَ لَيْلَةً وَأَتْمَمْنَاهَا بِعَشْرٍ فَتَمَّ مِيقَاتُ رَبِّهِ أَرْبَعِينَ لَيْلَةً ۚ وَقَالَ مُوسَىٰ لِأَخِيهِ هَارُونَ اخْلُفْنِي فِي قَوْمِي وَأَصْلِحْ وَلَا تَتَّبِعْ سَبِيلَ الْمُفْسِدِينَ, نصف الحزب (17),الجزء التاسع
144,وَلَمَّا جَاءَ مُوسَىٰ لِمِيقَاتِنَا وَكَلَّمَهُ رَبُّهُ قَالَ رَبِّ أَرِنِي أَنْظُرْ إِلَيْكَ ۚ قَالَ لَنْ تَرَانِي وَلَٰكِنِ انْظُرْ إِلَى الْجَبَلِ فَإِنِ اسْتَقَرَّ مَكَانَهُ فَسَوْفَ تَرَانِي ۚ فَلَمَّا تَجَلَّىٰ رَبُّهُ لِلْجَبَلِ جَعَلَهُ دَكًّا وَخَرَّ مُوسَىٰ صَعِقًا ۚ فَلَمَّا أَفَاقَ قَالَ سُبْحَانَكَ تُبْتُ إِلَيْكَ وَأَنَا أَوَّلُ الْمُؤْمِنِينَ, نصف الحزب (17),الجزء التاسع
145,قَالَ يَا مُوسَىٰ إِنِّي اصْطَفَيْتُكَ عَلَى النَّاسِ بِرِسَالَاتِي وَبِكَلَامِي فَخُذْ مَا آتَيْتُكَ وَكُنْ مِنَ الشَّاكِرِينَ, نصف الحزب (17),الجزء التاسع
146,وَكَتَبْنَا لَهُ فِي الْأَلْوَاحِ مِنْ كُلِّ شَيْءٍ مَوْعِظَةً وَتَفْصِيلًا لِكُلِّ شَيْءٍ فَخُذْهَا بِقُوَّةٍ وَأْمُرْ قَوْمَكَ يَأْخُذُوا بِأَحْسَنِهَا ۚ سَأُرِيكُمْ دَارَ الْفَاسِقِينَ , نصف الحزب (17),الجزء التاسع
147,سَأَصْرِفُ عَنْ آيَاتِيَ الَّذِينَ يَتَكَبَّرُونَ فِي الْأَرْضِ بِغَيْرِ الْحَقِّ وَإِنْ يَرَوْا كُلَّ آيَةٍ لَا يُؤْمِنُوا بِهَا وَإِنْ يَرَوْا سَبِيلَ الرُّشْدِ لَا يَتَّخِذُوهُ سَبِيلًا وَإِنْ يَرَوْا سَبِيلَ الْغَيِّ يَتَّخِذُوهُ سَبِيلًا ۚ ذَٰلِكَ بِأَنَّهُمْ كَذَّبُوا بِآيَاتِنَا وَكَانُوا عَنْهَا غَافِلِينَ , نصف الحزب (17),الجزء التاسع
148,وَالَّذِينَ كَذَّبُوا بِآيَاتِنَا وَلِقَاءِ الْآخِرَةِ حَبِطَتْ أَعْمَالُهُمْ ۚ هَلْ يُجْزَوْنَ إِلَّا مَا كَانُوا يَعْمَلُونَ, نصف الحزب (17),الجزء التاسع
149,وَاتَّخَذَ قَوْمُ مُوسَىٰ مِنْ بَعْدِهِ مِنْ حُلِيِّهِمْ عِجْلًا جَسَدًا لَهُ خُوَارٌ ۚ أَلَمْ يَرَوْا أَنَّهُ لَا يُكَلِّمُهُمْ وَلَا يَهْدِيهِمْ سَبِيلًا ۘ اتَّخَذُوهُ وَكَانُوا ظَالِمِينَ , نصف الحزب (17),الجزء التاسع
150,وَلَمَّا سُقِطَ فِي أَيْدِيهِمْ وَرَأَوْا أَنَّهُمْ قَدْ ضَلُّوا قَالُوا لَئِنْ لَمْ يَرْحَمْنَا رَبُّنَا وَيَغْفِرْ لَنَا لَنَكُونَنَّ مِنَ الْخَاسِرِينَ, نصف الحزب (17),الجزء التاسع
151,وَلَمَّا رَجَعَ مُوسَىٰ إِلَىٰ قَوْمِهِ غَضْبَانَ أَسِفًا قَالَ بِئْسَمَا خَلَفْتُمُونِي مِنْ بَعْدِي ۖ أَعَجِلْتُمْ أَمْرَ رَبِّكُمْ ۖ وَأَلْقَى الْأَلْوَاحَ وَأَخَذَ بِرَأْسِ أَخِيهِ يَجُرُّهُ إِلَيْهِ ۚ قَالَ ابْنَ أُمَّ إِنَّ الْقَوْمَ اسْتَضْعَفُونِي وَكَادُوا يَقْتُلُونَنِي فَلَا تُشْمِتْ بِيَ الْأَعْدَاءَ وَلَا تَجْعَلْنِي مَعَ الْقَوْمِ الظَّالِمِينَ , نصف الحزب (17),الجزء التاسع
152,قَالَ رَبِّ اغْفِرْ لِي وَلِأَخِي وَأَدْخِلْنَا فِي رَحْمَتِكَ ۖ وَأَنْتَ أَرْحَمُ الرَّاحِمِينَ , نصف الحزب (17),الجزء التاسع
153,إِنَّ الَّذِينَ اتَّخَذُوا الْعِجْلَ سَيَنَالُهُمْ غَضَبٌ مِنْ رَبِّهِمْ وَذِلَّةٌ فِي الْحَيَاةِ الدُّنْيَا ۚ وَكَذَٰلِكَ نَجْزِي الْمُفْتَرِينَ, نصف الحزب (17),الجزء التاسع
154,وَالَّذِينَ عَمِلُوا السَّيِّئَاتِ ثُمَّ تَابُوا مِنْ بَعْدِهَا وَآمَنُوا إِنَّ رَبَّكَ مِنْ بَعْدِهَا لَغَفُورٌ رَحِيمٌ , نصف الحزب (17),الجزء التاسع
155,وَلَمَّا سَكَتَ عَنْ مُوسَى الْغَضَبُ أَخَذَ الْأَلْوَاحَ ۖ وَفِي نُسْخَتِهَا هُدًى وَرَحْمَةٌ لِلَّذِينَ هُمْ لِرَبِّهِمْ يَرْهَبُونَ , نصف الحزب (17),الجزء التاسع
156,وَاخْتَارَ مُوسَىٰ قَوْمَهُ سَبْعِينَ رَجُلًا لِمِيقَاتِنَا ۖ فَلَمَّا أَخَذَتْهُمُ الرَّجْفَةُ قَالَ رَبِّ لَوْ شِئْتَ أَهْلَكْتَهُمْ مِنْ قَبْلُ وَإِيَّايَ ۖ أَتُهْلِكُنَا بِمَا فَعَلَ السُّفَهَاءُ مِنَّا ۖ إِنْ هِيَ إِلَّا فِتْنَتُكَ تُضِلُّ بِهَا مَنْ تَشَاءُ وَتَهْدِي مَنْ تَشَاءُ ۖ أَنْتَ وَلِيُّنَا فَاغْفِرْ لَنَا وَارْحَمْنَا ۖ وَأَنْتَ خَيْرُ الْغَافِرِينَ, نصف الحزب (17),الجزء التاسع
157,۞ وَاكْتُبْ لَنَا فِي هَٰذِهِ الدُّنْيَا حَسَنَةً وَفِي الْآخِرَةِ إِنَّا هُدْنَا إِلَيْكَ ۚ قَالَ عَذَابِي أُصِيبُ بِهِ مَنْ أَشَاءُ ۖ وَرَحْمَتِي وَسِعَتْ كُلَّ شَيْءٍ ۚ فَسَأَكْتُبُهَا لِلَّذِينَ يَتَّقُونَ وَيُؤْتُونَ الزَّكَاةَ وَالَّذِينَ هُمْ بِآيَاتِنَا يُؤْمِنُونَ , ثلاثة أرباع الحزب (17),الجزء التاسع
158,الَّذِينَ يَتَّبِعُونَ الرَّسُولَ النَّبِيَّ الْأُمِّيَّ الَّذِي يَجِدُونَهُ مَكْتُوبًا عِنْدَهُمْ فِي التَّوْرَاةِ وَالْإِنْجِيلِ يَأْمُرُهُمْ بِالْمَعْرُوفِ وَيَنْهَاهُمْ عَنِ الْمُنْكَرِ وَيُحِلُّ لَهُمُ الطَّيِّبَاتِ وَيُحَرِّمُ عَلَيْهِمُ الْخَبَائِثَ وَيَضَعُ عَنْهُمْ إِصْرَهُمْ وَالْأَغْلَالَ الَّتِي كَانَتْ عَلَيْهِمْ ۚ فَالَّذِينَ آمَنُوا بِهِ وَعَزَّرُوهُ وَنَصَرُوهُ وَاتَّبَعُوا النُّورَ الَّذِي أُنْزِلَ مَعَهُ ۙ أُولَٰئِكَ هُمُ الْمُفْلِحُونَ, ثلاثة أرباع الحزب (17),الجزء التاسع
159,قُلْ يَا أَيُّهَا النَّاسُ إِنِّي رَسُولُ اللَّهِ إِلَيْكُمْ جَمِيعًا الَّذِي لَهُ مُلْكُ السَّمَاوَاتِ وَالْأَرْضِ ۖ لَا إِلَٰهَ إِلَّا هُوَ يُحْيِي وَيُمِيتُ ۖ فَآمِنُوا بِاللَّهِ وَرَسُولِهِ النَّبِيِّ الْأُمِّيِّ الَّذِي يُؤْمِنُ بِاللَّهِ وَكَلِمَاتِهِ وَاتَّبِعُوهُ لَعَلَّكُمْ تَهْتَدُونَ , ثلاثة أرباع الحزب (17),الجزء التاسع
160,وَمِنْ قَوْمِ مُوسَىٰ أُمَّةٌ يَهْدُونَ بِالْحَقِّ وَبِهِ يَعْدِلُونَ, ثلاثة أرباع الحزب (17),الجزء التاسع
161,وَقَطَّعْنَاهُمُ اثْنَتَيْ عَشْرَةَ أَسْبَاطًا أُمَمًا ۚ وَأَوْحَيْنَا إِلَىٰ مُوسَىٰ إِذِ اسْتَسْقَاهُ قَوْمُهُ أَنِ اضْرِبْ بِعَصَاكَ الْحَجَرَ ۖ فَانْبَجَسَتْ مِنْهُ اثْنَتَا عَشْرَةَ عَيْنًا ۖ قَدْ عَلِمَ كُلُّ أُنَاسٍ مَشْرَبَهُمْ ۚ وَظَلَّلْنَا عَلَيْهِمُ الْغَمَامَ وَأَنْزَلْنَا عَلَيْهِمُ الْمَنَّ وَالسَّلْوَىٰ ۖ كُلُوا مِنْ طَيِّبَاتِ مَا رَزَقْنَاكُمْ ۚ وَمَا ظَلَمُونَا وَلَٰكِنْ كَانُوا أَنْفُسَهُمْ يَظْلِمُونَ , ثلاثة أرباع الحزب (17),الجزء التاسع
162,وَإِذْ قِيلَ لَهُمُ اسْكُنُوا هَٰذِهِ الْقَرْيَةَ وَكُلُوا مِنْهَا حَيْثُ شِئْتُمْ وَقُولُوا حِطَّةٌ وَادْخُلُوا الْبَابَ سُجَّدًا نَغْفِرْ لَكُمْ خَطِيئَاتِكُمْ ۚ سَنَزِيدُ الْمُحْسِنِينَ, ثلاثة أرباع الحزب (17),الجزء التاسع
163,فَبَدَّلَ الَّذِينَ ظَلَمُوا مِنْهُمْ قَوْلًا غَيْرَ الَّذِي قِيلَ لَهُمْ فَأَرْسَلْنَا عَلَيْهِمْ رِجْزًا مِنَ السَّمَاءِ بِمَا كَانُوا يَظْلِمُونَ , ثلاثة أرباع الحزب (17),الجزء التاسع
164,وَاسْأَلْهُمْ عَنِ الْقَرْيَةِ الَّتِي كَانَتْ حَاضِرَةَ الْبَحْرِ إِذْ يَعْدُونَ فِي السَّبْتِ إِذْ تَأْتِيهِمْ حِيتَانُهُمْ يَوْمَ سَبْتِهِمْ شُرَّعًا وَيَوْمَ لَا يَسْبِتُونَ ۙ لَا تَأْتِيهِمْ ۚ كَذَٰلِكَ نَبْلُوهُمْ بِمَا كَانُوا يَفْسُقُونَ, ثلاثة أرباع الحزب (17),الجزء التاسع
165,وَإِذْ قَالَتْ أُمَّةٌ مِنْهُمْ لِمَ تَعِظُونَ قَوْمًا ۙ اللَّهُ مُهْلِكُهُمْ أَوْ مُعَذِّبُهُمْ عَذَابًا شَدِيدًا ۖ قَالُوا مَعْذِرَةً إِلَىٰ رَبِّكُمْ وَلَعَلَّهُمْ يَتَّقُونَ , ثلاثة أرباع الحزب (17),الجزء التاسع
166,فَلَمَّا نَسُوا مَا ذُكِّرُوا بِهِ أَنْجَيْنَا الَّذِينَ يَنْهَوْنَ عَنِ السُّوءِ وَأَخَذْنَا الَّذِينَ ظَلَمُوا بِعَذَابٍ بَئِيسٍ بِمَا كَانُوا يَفْسُقُونَ, ثلاثة أرباع الحزب (17),الجزء التاسع
167,فَلَمَّا عَتَوْا عَنْ مَا نُهُوا عَنْهُ قُلْنَا لَهُمْ كُونُوا قِرَدَةً خَاسِئِينَ , ثلاثة أرباع الحزب (17),الجزء التاسع
168,وَإِذْ تَأَذَّنَ رَبُّكَ لَيَبْعَثَنَّ عَلَيْهِمْ إِلَىٰ يَوْمِ الْقِيَامَةِ مَنْ يَسُومُهُمْ سُوءَ الْعَذَابِ ۗ إِنَّ رَبَّكَ لَسَرِيعُ الْعِقَابِ ۖ وَإِنَّهُ لَغَفُورٌ رَحِيمٌ, ثلاثة أرباع الحزب (17),الجزء التاسع
169,وَقَطَّعْنَاهُمْ فِي الْأَرْضِ أُمَمًا ۖ مِنْهُمُ الصَّالِحُونَ وَمِنْهُمْ دُونَ ذَٰلِكَ ۖ وَبَلَوْنَاهُمْ بِالْحَسَنَاتِ وَالسَّيِّئَاتِ لَعَلَّهُمْ يَرْجِعُونَ, ثلاثة أرباع الحزب (17),الجزء التاسع
170,فَخَلَفَ مِنْ بَعْدِهِمْ خَلْفٌ وَرِثُوا الْكِتَابَ يَأْخُذُونَ عَرَضَ هَٰذَا الْأَدْنَىٰ وَيَقُولُونَ سَيُغْفَرُ لَنَا وَإِنْ يَأْتِهِمْ عَرَضٌ مِثْلُهُ يَأْخُذُوهُ ۚ أَلَمْ يُؤْخَذْ عَلَيْهِمْ مِيثَاقُ الْكِتَابِ أَنْ لَا يَقُولُوا عَلَى اللَّهِ إِلَّا الْحَقَّ وَدَرَسُوا مَا فِيهِ ۗ وَالدَّارُ الْآخِرَةُ خَيْرٌ لِلَّذِينَ يَتَّقُونَ ۗ أَفَلَا تَعْقِلُونَ, ثلاثة أرباع الحزب (17),الجزء التاسع
171,وَالَّذِينَ يُمَسِّكُونَ بِالْكِتَابِ وَأَقَامُوا الصَّلَاةَ إِنَّا لَا نُضِيعُ أَجْرَ الْمُصْلِحِينَ, ثلاثة أرباع الحزب (17),الجزء التاسع
172,۞ وَإِذْ نَتَقْنَا الْجَبَلَ فَوْقَهُمْ كَأَنَّهُ ظُلَّةٌ وَظَنُّوا أَنَّهُ وَاقِعٌ بِهِمْ خُذُوا مَا آتَيْنَاكُمْ بِقُوَّةٍ وَاذْكُرُوا مَا فِيهِ لَعَلَّكُمْ تَتَّقُونَ , الحزب (18),الجزء التاسع
173,وَإِذْ أَخَذَ رَبُّكَ مِنْ بَنِي آدَمَ مِنْ ظُهُورِهِمْ ذُرِّيَّتَهُمْ وَأَشْهَدَهُمْ عَلَىٰ أَنْفُسِهِمْ أَلَسْتُ بِرَبِّكُمْ ۖ قَالُوا بَلَىٰ ۛ شَهِدْنَا ۛ أَنْ تَقُولُوا يَوْمَ الْقِيَامَةِ إِنَّا كُنَّا عَنْ هَٰذَا غَافِلِينَ , الحزب (18),الجزء التاسع
174,أَوْ تَقُولُوا إِنَّمَا أَشْرَكَ آبَاؤُنَا مِنْ قَبْلُ وَكُنَّا ذُرِّيَّةً مِنْ بَعْدِهِمْ ۖ أَفَتُهْلِكُنَا بِمَا فَعَلَ الْمُبْطِلُونَ, الحزب (18),الجزء التاسع
175,وَكَذَٰلِكَ نُفَصِّلُ الْآيَاتِ وَلَعَلَّهُمْ يَرْجِعُونَ, الحزب (18),الجزء التاسع
176,وَاتْلُ عَلَيْهِمْ نَبَأَ الَّذِي آتَيْنَاهُ آيَاتِنَا فَانْسَلَخَ مِنْهَا فَأَتْبَعَهُ الشَّيْطَانُ فَكَانَ مِنَ الْغَاوِينَ, الحزب (18),الجزء التاسع
177,وَلَوْ شِئْنَا لَرَفَعْنَاهُ بِهَا وَلَٰكِنَّهُ أَخْلَدَ إِلَى الْأَرْضِ وَاتَّبَعَ هَوَاهُ ۚ فَمَثَلُهُ كَمَثَلِ الْكَلْبِ إِنْ تَحْمِلْ عَلَيْهِ يَلْهَثْ أَوْ تَتْرُكْهُ يَلْهَثْ ۚ ذَٰلِكَ مَثَلُ الْقَوْمِ الَّذِينَ كَذَّبُوا بِآيَاتِنَا ۚ فَاقْصُصِ الْقَصَصَ لَعَلَّهُمْ يَتَفَكَّرُونَ, الحزب (18),الجزء التاسع
178,سَاءَ مَثَلًا الْقَوْمُ الَّذِينَ كَذَّبُوا بِآيَاتِنَا وَأَنْفُسَهُمْ كَانُوا يَظْلِمُونَ, الحزب (18),الجزء التاسع
179,مَنْ يَهْدِ اللَّهُ فَهُوَ الْمُهْتَدِي ۖ وَمَنْ يُضْلِلْ فَأُولَٰئِكَ هُمُ الْخَاسِرُونَ, الحزب (18),الجزء التاسع
180,وَلَقَدْ ذَرَأْنَا لِجَهَنَّمَ كَثِيرًا مِنَ الْجِنِّ وَالْإِنْسِ ۖ لَهُمْ قُلُوبٌ لَا يَفْقَهُونَ بِهَا وَلَهُمْ أَعْيُنٌ لَا يُبْصِرُونَ بِهَا وَلَهُمْ آذَانٌ لَا يَسْمَعُونَ بِهَا ۚ أُولَٰئِكَ كَالْأَنْعَامِ بَلْ هُمْ أَضَلُّ ۚ أُولَٰئِكَ هُمُ الْغَافِلُونَ , الحزب (18),الجزء التاسع
181,وَلِلَّهِ الْأَسْمَاءُ الْحُسْنَىٰ فَادْعُوهُ بِهَا ۖ وَذَرُوا الَّذِينَ يُلْحِدُونَ فِي أَسْمَائِهِ ۚ سَيُجْزَوْنَ مَا كَانُوا يَعْمَلُونَ, الحزب (18),الجزء التاسع
182,وَمِمَّنْ خَلَقْنَا أُمَّةٌ يَهْدُونَ بِالْحَقِّ وَبِهِ يَعْدِلُونَ , الحزب (18),الجزء التاسع
183,وَالَّذِينَ كَذَّبُوا بِآيَاتِنَا سَنَسْتَدْرِجُهُمْ مِنْ حَيْثُ لَا يَعْلَمُونَ, الحزب (18),الجزء التاسع
184,وَأُمْلِي لَهُمْ ۚ إِنَّ كَيْدِي مَتِينٌ , الحزب (18),الجزء التاسع
185,أَوَلَمْ يَتَفَكَّرُوا ۗ مَا بِصَاحِبِهِمْ مِنْ جِنَّةٍ ۚ إِنْ هُوَ إِلَّا نَذِيرٌ مُبِينٌ , الحزب (18),الجزء التاسع
186,أَوَلَمْ يَنْظُرُوا فِي مَلَكُوتِ السَّمَاوَاتِ وَالْأَرْضِ وَمَا خَلَقَ اللَّهُ مِنْ شَيْءٍ وَأَنْ عَسَىٰ أَنْ يَكُونَ قَدِ اقْتَرَبَ أَجَلُهُمْ ۖ فَبِأَيِّ حَدِيثٍ بَعْدَهُ يُؤْمِنُونَ , الحزب (18),الجزء التاسع
187,مَنْ يُضْلِلِ اللَّهُ فَلَا هَادِيَ لَهُ ۚ وَيَذَرُهُمْ فِي طُغْيَانِهِمْ يَعْمَهُونَ , الحزب (18),الجزء التاسع
188,يَسْأَلُونَكَ عَنِ السَّاعَةِ أَيَّانَ مُرْسَاهَا ۖ قُلْ إِنَّمَا عِلْمُهَا عِنْدَ رَبِّي ۖ لَا يُجَلِّيهَا لِوَقْتِهَا إِلَّا هُوَ ۚ ثَقُلَتْ فِي السَّمَاوَاتِ وَالْأَرْضِ ۚ لَا تَأْتِيكُمْ إِلَّا بَغْتَةً ۗ يَسْأَلُونَكَ كَأَنَّكَ حَفِيٌّ عَنْهَا ۖ قُلْ إِنَّمَا عِلْمُهَا عِنْدَ اللَّهِ وَلَٰكِنَّ أَكْثَرَ النَّاسِ لَا يَعْلَمُونَ, الحزب (18),الجزء التاسع
189,قُلْ لَا أَمْلِكُ لِنَفْسِي نَفْعًا وَلَا ضَرًّا إِلَّا مَا شَاءَ اللَّهُ ۚ وَلَوْ كُنْتُ أَعْلَمُ الْغَيْبَ لَاسْتَكْثَرْتُ مِنَ الْخَيْرِ وَمَا مَسَّنِيَ السُّوءُ ۚ إِنْ أَنَا إِلَّا نَذِيرٌ وَبَشِيرٌ لِقَوْمٍ يُؤْمِنُونَ, الحزب (18),الجزء التاسع
190,۞ هُوَ الَّذِي خَلَقَكُمْ مِنْ نَفْسٍ وَاحِدَةٍ وَجَعَلَ مِنْهَا زَوْجَهَا لِيَسْكُنَ إِلَيْهَا ۖ فَلَمَّا تَغَشَّاهَا حَمَلَتْ حَمْلًا خَفِيفًا فَمَرَّتْ بِهِ ۖ فَلَمَّا أَثْقَلَتْ دَعَوَا اللَّهَ رَبَّهُمَا لَئِنْ آتَيْتَنَا صَالِحًا لَنَكُونَنَّ مِنَ الشَّاكِرِينَ , ربع الحزب (18),الجزء التاسع
191,فَلَمَّا آتَاهُمَا صَالِحًا جَعَلَا لَهُ شُرَكَاءَ فِيمَا آتَاهُمَا ۚ فَتَعَالَى اللَّهُ عَمَّا يُشْرِكُونَ , ربع الحزب (18),الجزء التاسع
192,أَيُشْرِكُونَ مَا لَا يَخْلُقُ شَيْئًا وَهُمْ يُخْلَقُونَ , ربع الحزب (18),الجزء التاسع
193,وَلَا يَسْتَطِيعُونَ لَهُمْ نَصْرًا وَلَا أَنْفُسَهُمْ يَنْصُرُونَ, ربع الحزب (18),الجزء التاسع
194,وَإِنْ تَدْعُوهُمْ إِلَى الْهُدَىٰ لَا يَتَّبِعُوكُمْ ۚ سَوَاءٌ عَلَيْكُمْ أَدَعَوْتُمُوهُمْ أَمْ أَنْتُمْ صَامِتُونَ , ربع الحزب (18),الجزء التاسع
195,إِنَّ الَّذِينَ تَدْعُونَ مِنْ دُونِ اللَّهِ عِبَادٌ أَمْثَالُكُمْ ۖ فَادْعُوهُمْ فَلْيَسْتَجِيبُوا لَكُمْ إِنْ كُنْتُمْ صَادِقِينَ, ربع الحزب (18),الجزء التاسع
196,أَلَهُمْ أَرْجُلٌ يَمْشُونَ بِهَا ۖ أَمْ لَهُمْ أَيْدٍ يَبْطِشُونَ بِهَا ۖ أَمْ لَهُمْ أَعْيُنٌ يُبْصِرُونَ بِهَا ۖ أَمْ لَهُمْ آذَانٌ يَسْمَعُونَ بِهَا ۗ قُلِ ادْعُوا شُرَكَاءَكُمْ ثُمَّ كِيدُونِ فَلَا تُنْظِرُونِ , ربع الحزب (18),الجزء التاسع
197,إِنَّ وَلِيِّيَ اللَّهُ الَّذِي نَزَّلَ الْكِتَابَ ۖ وَهُوَ يَتَوَلَّى الصَّالِحِينَ, ربع الحزب (18),الجزء التاسع
198,وَالَّذِينَ تَدْعُونَ مِنْ دُونِهِ لَا يَسْتَطِيعُونَ نَصْرَكُمْ وَلَا أَنْفُسَهُمْ يَنْصُرُونَ , ربع الحزب (18),الجزء التاسع
199,وَإِنْ تَدْعُوهُمْ إِلَى الْهُدَىٰ لَا يَسْمَعُوا ۖ وَتَرَاهُمْ يَنْظُرُونَ إِلَيْكَ وَهُمْ لَا يُبْصِرُونَ , ربع الحزب (18),الجزء التاسع
200,خُذِ الْعَفْوَ وَأْمُرْ بِالْعُرْفِ وَأَعْرِضْ عَنِ الْجَاهِلِينَ , ربع الحزب (18),الجزء التاسع
201,وَإِمَّا يَنْزَغَنَّكَ مِنَ الشَّيْطَانِ نَزْغٌ فَاسْتَعِذْ بِاللَّهِ ۚ إِنَّهُ سَمِيعٌ عَلِيمٌ , ربع الحزب (18),الجزء التاسع
202,إِنَّ الَّذِينَ اتَّقَوْا إِذَا مَسَّهُمْ طَائِفٌ مِنَ الشَّيْطَانِ تَذَكَّرُوا فَإِذَا هُمْ مُبْصِرُونَ , ربع الحزب (18),الجزء التاسع
203,وَإِخْوَانُهُمْ يَمُدُّونَهُمْ فِي الْغَيِّ ثُمَّ لَا يُقْصِرُونَ , ربع الحزب (18),الجزء التاسع
204,وَإِذَا لَمْ تَأْتِهِمْ بِآيَةٍ قَالُوا لَوْلَا اجْتَبَيْتَهَا ۚ قُلْ إِنَّمَا أَتَّبِعُ مَا يُوحَىٰ إِلَيَّ مِنْ رَبِّي ۚ هَٰذَا بَصَائِرُ مِنْ رَبِّكُمْ وَهُدًى وَرَحْمَةٌ لِقَوْمٍ يُؤْمِنُونَ, ربع الحزب (18),الجزء التاسع
205,وَإِذَا قُرِئَ الْقُرْآنُ فَاسْتَمِعُوا لَهُ وَأَنْصِتُوا لَعَلَّكُمْ تُرْحَمُونَ , ربع الحزب (18),الجزء التاسع
206,وَاذْكُرْ رَبَّكَ فِي نَفْسِكَ تَضَرُّعًا وَخِيفَةً وَدُونَ الْجَهْرِ مِنَ الْقَوْلِ بِالْغُدُوِّ وَالْآصَالِ وَلَا تَكُنْ مِنَ الْغَافِلِينَ, ربع الحزب (18),الجزء التاسع
207,إِنَّ الَّذِينَ عِنْدَ رَبِّكَ لَا يَسْتَكْبِرُونَ عَنْ عِبَادَتِهِ وَيُسَبِّحُونَهُ وَلَهُ يَسْجُدُونَ ۩, ربع الحزب (18),الجزء التاسع
