﻿1,بِسْمِ اللَّهِ الرَّحْمَنِ الرَّحِيم, نصف الحزب (57),الجزء التاسع والعشرون
2,سَأَلَ سَائِلٌ بِعَذَابٍ وَاقِعٍ , نصف الحزب (57),الجزء التاسع والعشرون
3,لِلْكَافِرِينَ لَيْسَ لَهُ دَافِعٌ , نصف الحزب (57),الجزء التاسع والعشرون
4,مِنَ اللَّهِ ذِي الْمَعَارِجِ , نصف الحزب (57),الجزء التاسع والعشرون
5,تَعْرُجُ الْمَلَائِكَةُ وَالرُّوحُ إِلَيْهِ فِي يَوْمٍ كَانَ مِقْدَارُهُ خَمْسِينَ أَلْفَ سَنَةٍ, نصف الحزب (57),الجزء التاسع والعشرون
6,فَاصْبِرْ صَبْرًا جَمِيلًا , نصف الحزب (57),الجزء التاسع والعشرون
7,إِنَّهُمْ يَرَوْنَهُ بَعِيدًا , نصف الحزب (57),الجزء التاسع والعشرون
8,وَنَرَاهُ قَرِيبًا, نصف الحزب (57),الجزء التاسع والعشرون
9,يَوْمَ تَكُونُ السَّمَاءُ كَالْمُهْلِ , نصف الحزب (57),الجزء التاسع والعشرون
10,وَتَكُونُ الْجِبَالُ كَالْعِهْنِ , نصف الحزب (57),الجزء التاسع والعشرون
11,وَلَا يَسْأَلُ حَمِيمٌ حَمِيمًا , نصف الحزب (57),الجزء التاسع والعشرون
12,يُبَصَّرُونَهُمْ ۚ يَوَدُّ الْمُجْرِمُ لَوْ يَفْتَدِي مِنْ عَذَابِ يَوْمِئِذٍ بِبَنِيهِ , نصف الحزب (57),الجزء التاسع والعشرون
13,وَصَاحِبَتِهِ وَأَخِيهِ , نصف الحزب (57),الجزء التاسع والعشرون
14,وَفَصِيلَتِهِ الَّتِي تُؤْوِيهِ , نصف الحزب (57),الجزء التاسع والعشرون
15,وَمَنْ فِي الْأَرْضِ جَمِيعًا ثُمَّ يُنْجِيهِ , نصف الحزب (57),الجزء التاسع والعشرون
16,كَلَّا ۖ إِنَّهَا لَظَىٰ, نصف الحزب (57),الجزء التاسع والعشرون
17,نَزَّاعَةً لِلشَّوَىٰ, نصف الحزب (57),الجزء التاسع والعشرون
18,تَدْعُو مَنْ أَدْبَرَ وَتَوَلَّىٰ , نصف الحزب (57),الجزء التاسع والعشرون
19,وَجَمَعَ فَأَوْعَىٰ , نصف الحزب (57),الجزء التاسع والعشرون
20,۞ إِنَّ الْإِنْسَانَ خُلِقَ هَلُوعًا, ثلاثة أرباع الحزب (57),الجزء التاسع والعشرون
21,إِذَا مَسَّهُ الشَّرُّ جَزُوعًا, ثلاثة أرباع الحزب (57),الجزء التاسع والعشرون
22,وَإِذَا مَسَّهُ الْخَيْرُ مَنُوعًا , ثلاثة أرباع الحزب (57),الجزء التاسع والعشرون
23,إِلَّا الْمُصَلِّينَ , ثلاثة أرباع الحزب (57),الجزء التاسع والعشرون
24,الَّذِينَ هُمْ عَلَىٰ صَلَاتِهِمْ دَائِمُونَ, ثلاثة أرباع الحزب (57),الجزء التاسع والعشرون
25,وَالَّذِينَ فِي أَمْوَالِهِمْ حَقٌّ مَعْلُومٌ , ثلاثة أرباع الحزب (57),الجزء التاسع والعشرون
26,لِلسَّائِلِ وَالْمَحْرُومِ, ثلاثة أرباع الحزب (57),الجزء التاسع والعشرون
27,وَالَّذِينَ يُصَدِّقُونَ بِيَوْمِ الدِّينِ , ثلاثة أرباع الحزب (57),الجزء التاسع والعشرون
28,وَالَّذِينَ هُمْ مِنْ عَذَابِ رَبِّهِمْ مُشْفِقُونَ , ثلاثة أرباع الحزب (57),الجزء التاسع والعشرون
29,إِنَّ عَذَابَ رَبِّهِمْ غَيْرُ مَأْمُونٍ , ثلاثة أرباع الحزب (57),الجزء التاسع والعشرون
30,وَالَّذِينَ هُمْ لِفُرُوجِهِمْ حَافِظُونَ , ثلاثة أرباع الحزب (57),الجزء التاسع والعشرون
31,إِلَّا عَلَىٰ أَزْوَاجِهِمْ أَوْ مَا مَلَكَتْ أَيْمَانُهُمْ فَإِنَّهُمْ غَيْرُ مَلُومِينَ, ثلاثة أرباع الحزب (57),الجزء التاسع والعشرون
32,فَمَنِ ابْتَغَىٰ وَرَاءَ ذَٰلِكَ فَأُولَٰئِكَ هُمُ الْعَادُونَ , ثلاثة أرباع الحزب (57),الجزء التاسع والعشرون
33,وَالَّذِينَ هُمْ لِأَمَانَاتِهِمْ وَعَهْدِهِمْ رَاعُونَ , ثلاثة أرباع الحزب (57),الجزء التاسع والعشرون
34,وَالَّذِينَ هُمْ بِشَهَادَاتِهِمْ قَائِمُونَ , ثلاثة أرباع الحزب (57),الجزء التاسع والعشرون
35,وَالَّذِينَ هُمْ عَلَىٰ صَلَاتِهِمْ يُحَافِظُونَ, ثلاثة أرباع الحزب (57),الجزء التاسع والعشرون
36,أُولَٰئِكَ فِي جَنَّاتٍ مُكْرَمُونَ , ثلاثة أرباع الحزب (57),الجزء التاسع والعشرون
37,فَمَالِ الَّذِينَ كَفَرُوا قِبَلَكَ مُهْطِعِينَ , ثلاثة أرباع الحزب (57),الجزء التاسع والعشرون
38,عَنِ الْيَمِينِ وَعَنِ الشِّمَالِ عِزِينَ , ثلاثة أرباع الحزب (57),الجزء التاسع والعشرون
39,أَيَطْمَعُ كُلُّ امْرِئٍ مِنْهُمْ أَنْ يُدْخَلَ جَنَّةَ نَعِيمٍ, ثلاثة أرباع الحزب (57),الجزء التاسع والعشرون
40,كَلَّا ۖ إِنَّا خَلَقْنَاهُمْ مِمَّا يَعْلَمُونَ , ثلاثة أرباع الحزب (57),الجزء التاسع والعشرون
41,فَلَا أُقْسِمُ بِرَبِّ الْمَشَارِقِ وَالْمَغَارِبِ إِنَّا لَقَادِرُونَ , ثلاثة أرباع الحزب (57),الجزء التاسع والعشرون
42,عَلَىٰ أَنْ نُبَدِّلَ خَيْرًا مِنْهُمْ وَمَا نَحْنُ بِمَسْبُوقِينَ , ثلاثة أرباع الحزب (57),الجزء التاسع والعشرون
43,فَذَرْهُمْ يَخُوضُوا وَيَلْعَبُوا حَتَّىٰ يُلَاقُوا يَوْمَهُمُ الَّذِي يُوعَدُونَ, ثلاثة أرباع الحزب (57),الجزء التاسع والعشرون
44,يَوْمَ يَخْرُجُونَ مِنَ الْأَجْدَاثِ سِرَاعًا كَأَنَّهُمْ إِلَىٰ نُصُبٍ يُوفِضُونَ , ثلاثة أرباع الحزب (57),الجزء التاسع والعشرون
45,خَاشِعَةً أَبْصَارُهُمْ تَرْهَقُهُمْ ذِلَّةٌ ۚ ذَٰلِكَ الْيَوْمُ الَّذِي كَانُوا يُوعَدُونَ, ثلاثة أرباع الحزب (57),الجزء التاسع والعشرون
