﻿1,بِسْمِ اللَّهِ الرَّحْمَنِ الرَّحِيم, ثلاثة أرباع الحزب (57),الجزء التاسع والعشرون
2,إِنَّا أَرْسَلْنَا نُوحًا إِلَىٰ قَوْمِهِ أَنْ أَنْذِرْ قَوْمَكَ مِنْ قَبْلِ أَنْ يَأْتِيَهُمْ عَذَابٌ أَلِيمٌ, ثلاثة أرباع الحزب (57),الجزء التاسع والعشرون
3,قَالَ يَا قَوْمِ إِنِّي لَكُمْ نَذِيرٌ مُبِينٌ , ثلاثة أرباع الحزب (57),الجزء التاسع والعشرون
4,أَنِ اعْبُدُوا اللَّهَ وَاتَّقُوهُ وَأَطِيعُونِ , ثلاثة أرباع الحزب (57),الجزء التاسع والعشرون
5,يَغْفِرْ لَكُمْ مِنْ ذُنُوبِكُمْ وَيُؤَخِّرْكُمْ إِلَىٰ أَجَلٍ مُسَمًّى ۚ إِنَّ أَجَلَ اللَّهِ إِذَا جَاءَ لَا يُؤَخَّرُ ۖ لَوْ كُنْتُمْ تَعْلَمُونَ, ثلاثة أرباع الحزب (57),الجزء التاسع والعشرون
6,قَالَ رَبِّ إِنِّي دَعَوْتُ قَوْمِي لَيْلًا وَنَهَارًا , ثلاثة أرباع الحزب (57),الجزء التاسع والعشرون
7,فَلَمْ يَزِدْهُمْ دُعَائِي إِلَّا فِرَارًا , ثلاثة أرباع الحزب (57),الجزء التاسع والعشرون
8,وَإِنِّي كُلَّمَا دَعَوْتُهُمْ لِتَغْفِرَ لَهُمْ جَعَلُوا أَصَابِعَهُمْ فِي آذَانِهِمْ وَاسْتَغْشَوْا ثِيَابَهُمْ وَأَصَرُّوا وَاسْتَكْبَرُوا اسْتِكْبَارًا , ثلاثة أرباع الحزب (57),الجزء التاسع والعشرون
9,ثُمَّ إِنِّي دَعَوْتُهُمْ جِهَارًا , ثلاثة أرباع الحزب (57),الجزء التاسع والعشرون
10,ثُمَّ إِنِّي أَعْلَنْتُ لَهُمْ وَأَسْرَرْتُ لَهُمْ إِسْرَارًا , ثلاثة أرباع الحزب (57),الجزء التاسع والعشرون
11,فَقُلْتُ اسْتَغْفِرُوا رَبَّكُمْ إِنَّهُ كَانَ غَفَّارًا , ثلاثة أرباع الحزب (57),الجزء التاسع والعشرون
12,يُرْسِلِ السَّمَاءَ عَلَيْكُمْ مِدْرَارًا , ثلاثة أرباع الحزب (57),الجزء التاسع والعشرون
13,وَيُمْدِدْكُمْ بِأَمْوَالٍ وَبَنِينَ وَيَجْعَلْ لَكُمْ جَنَّاتٍ وَيَجْعَلْ لَكُمْ أَنْهَارًا , ثلاثة أرباع الحزب (57),الجزء التاسع والعشرون
14,مَا لَكُمْ لَا تَرْجُونَ لِلَّهِ وَقَارًا, ثلاثة أرباع الحزب (57),الجزء التاسع والعشرون
15,وَقَدْ خَلَقَكُمْ أَطْوَارًا, ثلاثة أرباع الحزب (57),الجزء التاسع والعشرون
16,أَلَمْ تَرَوْا كَيْفَ خَلَقَ اللَّهُ سَبْعَ سَمَاوَاتٍ طِبَاقًا , ثلاثة أرباع الحزب (57),الجزء التاسع والعشرون
17,وَجَعَلَ الْقَمَرَ فِيهِنَّ نُورًا وَجَعَلَ الشَّمْسَ سِرَاجًا , ثلاثة أرباع الحزب (57),الجزء التاسع والعشرون
18,وَاللَّهُ أَنْبَتَكُمْ مِنَ الْأَرْضِ نَبَاتًا , ثلاثة أرباع الحزب (57),الجزء التاسع والعشرون
19,ثُمَّ يُعِيدُكُمْ فِيهَا وَيُخْرِجُكُمْ إِخْرَاجًا, ثلاثة أرباع الحزب (57),الجزء التاسع والعشرون
20,وَاللَّهُ جَعَلَ لَكُمُ الْأَرْضَ بِسَاطًا , ثلاثة أرباع الحزب (57),الجزء التاسع والعشرون
21,لِتَسْلُكُوا مِنْهَا سُبُلًا فِجَاجًا , ثلاثة أرباع الحزب (57),الجزء التاسع والعشرون
22,قَالَ نُوحٌ رَبِّ إِنَّهُمْ عَصَوْنِي وَاتَّبَعُوا مَنْ لَمْ يَزِدْهُ مَالُهُ وَوَلَدُهُ إِلَّا خَسَارًا , ثلاثة أرباع الحزب (57),الجزء التاسع والعشرون
23,وَمَكَرُوا مَكْرًا كُبَّارًا , ثلاثة أرباع الحزب (57),الجزء التاسع والعشرون
24,وَقَالُوا لَا تَذَرُنَّ آلِهَتَكُمْ وَلَا تَذَرُنَّ وَدًّا وَلَا سُوَاعًا وَلَا يَغُوثَ وَيَعُوقَ وَنَسْرًا , ثلاثة أرباع الحزب (57),الجزء التاسع والعشرون
25,وَقَدْ أَضَلُّوا كَثِيرًا ۖ وَلَا تَزِدِ الظَّالِمِينَ إِلَّا ضَلَالًا , ثلاثة أرباع الحزب (57),الجزء التاسع والعشرون
26,مِمَّا خَطِيئَاتِهِمْ أُغْرِقُوا فَأُدْخِلُوا نَارًا فَلَمْ يَجِدُوا لَهُمْ مِنْ دُونِ اللَّهِ أَنْصَارًا , ثلاثة أرباع الحزب (57),الجزء التاسع والعشرون
27,وَقَالَ نُوحٌ رَبِّ لَا تَذَرْ عَلَى الْأَرْضِ مِنَ الْكَافِرِينَ دَيَّارًا , ثلاثة أرباع الحزب (57),الجزء التاسع والعشرون
28,إِنَّكَ إِنْ تَذَرْهُمْ يُضِلُّوا عِبَادَكَ وَلَا يَلِدُوا إِلَّا فَاجِرًا كَفَّارًا , ثلاثة أرباع الحزب (57),الجزء التاسع والعشرون
29,رَبِّ اغْفِرْ لِي وَلِوَالِدَيَّ وَلِمَنْ دَخَلَ بَيْتِيَ مُؤْمِنًا وَلِلْمُؤْمِنِينَ وَالْمُؤْمِنَاتِ وَلَا تَزِدِ الظَّالِمِينَ إِلَّا تَبَارًا, ثلاثة أرباع الحزب (57),الجزء التاسع والعشرون
