﻿1,بِسْمِ اللَّهِ الرَّحْمَنِ الرَّحِيم, الحزب (58),الجزء التاسع والعشرون
2,۞ قُلْ أُوحِيَ إِلَيَّ أَنَّهُ اسْتَمَعَ نَفَرٌ مِنَ الْجِنِّ فَقَالُوا إِنَّا سَمِعْنَا قُرْآنًا عَجَبًا , الحزب (58),الجزء التاسع والعشرون
3,يَهْدِي إِلَى الرُّشْدِ فَآمَنَّا بِهِ ۖ وَلَنْ نُشْرِكَ بِرَبِّنَا أَحَدًا , الحزب (58),الجزء التاسع والعشرون
4,وَأَنَّهُ تَعَالَىٰ جَدُّ رَبِّنَا مَا اتَّخَذَ صَاحِبَةً وَلَا وَلَدًا , الحزب (58),الجزء التاسع والعشرون
5,وَأَنَّهُ كَانَ يَقُولُ سَفِيهُنَا عَلَى اللَّهِ شَطَطًا, الحزب (58),الجزء التاسع والعشرون
6,وَأَنَّا ظَنَنَّا أَنْ لَنْ تَقُولَ الْإِنْسُ وَالْجِنُّ عَلَى اللَّهِ كَذِبًا , الحزب (58),الجزء التاسع والعشرون
7,وَأَنَّهُ كَانَ رِجَالٌ مِنَ الْإِنْسِ يَعُوذُونَ بِرِجَالٍ مِنَ الْجِنِّ فَزَادُوهُمْ رَهَقًا , الحزب (58),الجزء التاسع والعشرون
8,وَأَنَّهُمْ ظَنُّوا كَمَا ظَنَنْتُمْ أَنْ لَنْ يَبْعَثَ اللَّهُ أَحَدًا, الحزب (58),الجزء التاسع والعشرون
9,وَأَنَّا لَمَسْنَا السَّمَاءَ فَوَجَدْنَاهَا مُلِئَتْ حَرَسًا شَدِيدًا وَشُهُبًا , الحزب (58),الجزء التاسع والعشرون
10,وَأَنَّا كُنَّا نَقْعُدُ مِنْهَا مَقَاعِدَ لِلسَّمْعِ ۖ فَمَنْ يَسْتَمِعِ الْآنَ يَجِدْ لَهُ شِهَابًا رَصَدًا , الحزب (58),الجزء التاسع والعشرون
11,وَأَنَّا لَا نَدْرِي أَشَرٌّ أُرِيدَ بِمَنْ فِي الْأَرْضِ أَمْ أَرَادَ بِهِمْ رَبُّهُمْ رَشَدًا , الحزب (58),الجزء التاسع والعشرون
12,وَأَنَّا مِنَّا الصَّالِحُونَ وَمِنَّا دُونَ ذَٰلِكَ ۖ كُنَّا طَرَائِقَ قِدَدًا , الحزب (58),الجزء التاسع والعشرون
13,وَأَنَّا ظَنَنَّا أَنْ لَنْ نُعْجِزَ اللَّهَ فِي الْأَرْضِ وَلَنْ نُعْجِزَهُ هَرَبًا, الحزب (58),الجزء التاسع والعشرون
14,وَأَنَّا لَمَّا سَمِعْنَا الْهُدَىٰ آمَنَّا بِهِ ۖ فَمَنْ يُؤْمِنْ بِرَبِّهِ فَلَا يَخَافُ بَخْسًا وَلَا رَهَقًا , الحزب (58),الجزء التاسع والعشرون
15,وَأَنَّا مِنَّا الْمُسْلِمُونَ وَمِنَّا الْقَاسِطُونَ ۖ فَمَنْ أَسْلَمَ فَأُولَٰئِكَ تَحَرَّوْا رَشَدًا, الحزب (58),الجزء التاسع والعشرون
16,وَأَمَّا الْقَاسِطُونَ فَكَانُوا لِجَهَنَّمَ حَطَبًا , الحزب (58),الجزء التاسع والعشرون
17,وَأَنْ لَوِ اسْتَقَامُوا عَلَى الطَّرِيقَةِ لَأَسْقَيْنَاهُمْ مَاءً غَدَقًا , الحزب (58),الجزء التاسع والعشرون
18,لِنَفْتِنَهُمْ فِيهِ ۚ وَمَنْ يُعْرِضْ عَنْ ذِكْرِ رَبِّهِ يَسْلُكْهُ عَذَابًا صَعَدًا , الحزب (58),الجزء التاسع والعشرون
19,وَأَنَّ الْمَسَاجِدَ لِلَّهِ فَلَا تَدْعُوا مَعَ اللَّهِ أَحَدًا , الحزب (58),الجزء التاسع والعشرون
20,وَأَنَّهُ لَمَّا قَامَ عَبْدُ اللَّهِ يَدْعُوهُ كَادُوا يَكُونُونَ عَلَيْهِ لِبَدًا , الحزب (58),الجزء التاسع والعشرون
21,قُلْ إِنَّمَا أَدْعُو رَبِّي وَلَا أُشْرِكُ بِهِ أَحَدًا , الحزب (58),الجزء التاسع والعشرون
22,قُلْ إِنِّي لَا أَمْلِكُ لَكُمْ ضَرًّا وَلَا رَشَدًا , الحزب (58),الجزء التاسع والعشرون
23,قُلْ إِنِّي لَنْ يُجِيرَنِي مِنَ اللَّهِ أَحَدٌ وَلَنْ أَجِدَ مِنْ دُونِهِ مُلْتَحَدًا, الحزب (58),الجزء التاسع والعشرون
24,إِلَّا بَلَاغًا مِنَ اللَّهِ وَرِسَالَاتِهِ ۚ وَمَنْ يَعْصِ اللَّهَ وَرَسُولَهُ فَإِنَّ لَهُ نَارَ جَهَنَّمَ خَالِدِينَ فِيهَا أَبَدًا, الحزب (58),الجزء التاسع والعشرون
25,حَتَّىٰ إِذَا رَأَوْا مَا يُوعَدُونَ فَسَيَعْلَمُونَ مَنْ أَضْعَفُ نَاصِرًا وَأَقَلُّ عَدَدًا, الحزب (58),الجزء التاسع والعشرون
26,قُلْ إِنْ أَدْرِي أَقَرِيبٌ مَا تُوعَدُونَ أَمْ يَجْعَلُ لَهُ رَبِّي أَمَدًا , الحزب (58),الجزء التاسع والعشرون
27,عَالِمُ الْغَيْبِ فَلَا يُظْهِرُ عَلَىٰ غَيْبِهِ أَحَدًا, الحزب (58),الجزء التاسع والعشرون
28,إِلَّا مَنِ ارْتَضَىٰ مِنْ رَسُولٍ فَإِنَّهُ يَسْلُكُ مِنْ بَيْنِ يَدَيْهِ وَمِنْ خَلْفِهِ رَصَدًا, الحزب (58),الجزء التاسع والعشرون
29,لِيَعْلَمَ أَنْ قَدْ أَبْلَغُوا رِسَالَاتِ رَبِّهِمْ وَأَحَاطَ بِمَا لَدَيْهِمْ وَأَحْصَىٰ كُلَّ شَيْءٍ عَدَدًا, الحزب (58),الجزء التاسع والعشرون
