﻿1,بِسْمِ اللَّهِ الرَّحْمَنِ الرَّحِيم, الحزب (58),الجزء التاسع والعشرون
2,يَا أَيُّهَا الْمُزَّمِّلُ , الحزب (58),الجزء التاسع والعشرون
3,قُمِ اللَّيْلَ إِلَّا قَلِيلًا , الحزب (58),الجزء التاسع والعشرون
4,نِصْفَهُ أَوِ انْقُصْ مِنْهُ قَلِيلًا, الحزب (58),الجزء التاسع والعشرون
5,أَوْ زِدْ عَلَيْهِ وَرَتِّلِ الْقُرْآنَ تَرْتِيلًا, الحزب (58),الجزء التاسع والعشرون
6,إِنَّا سَنُلْقِي عَلَيْكَ قَوْلًا ثَقِيلًا , الحزب (58),الجزء التاسع والعشرون
7,إِنَّ نَاشِئَةَ اللَّيْلِ هِيَ أَشَدُّ وَطْئًا وَأَقْوَمُ قِيلًا , الحزب (58),الجزء التاسع والعشرون
8,إِنَّ لَكَ فِي النَّهَارِ سَبْحًا طَوِيلًا , الحزب (58),الجزء التاسع والعشرون
9,وَاذْكُرِ اسْمَ رَبِّكَ وَتَبَتَّلْ إِلَيْهِ تَبْتِيلًا , الحزب (58),الجزء التاسع والعشرون
10,رَبُّ الْمَشْرِقِ وَالْمَغْرِبِ لَا إِلَٰهَ إِلَّا هُوَ فَاتَّخِذْهُ وَكِيلًا , الحزب (58),الجزء التاسع والعشرون
11,وَاصْبِرْ عَلَىٰ مَا يَقُولُونَ وَاهْجُرْهُمْ هَجْرًا جَمِيلًا , الحزب (58),الجزء التاسع والعشرون
12,وَذَرْنِي وَالْمُكَذِّبِينَ أُولِي النَّعْمَةِ وَمَهِّلْهُمْ قَلِيلًا, الحزب (58),الجزء التاسع والعشرون
13,إِنَّ لَدَيْنَا أَنْكَالًا وَجَحِيمًا , الحزب (58),الجزء التاسع والعشرون
14,وَطَعَامًا ذَا غُصَّةٍ وَعَذَابًا أَلِيمًا, الحزب (58),الجزء التاسع والعشرون
15,يَوْمَ تَرْجُفُ الْأَرْضُ وَالْجِبَالُ وَكَانَتِ الْجِبَالُ كَثِيبًا مَهِيلًا , الحزب (58),الجزء التاسع والعشرون
16,إِنَّا أَرْسَلْنَا إِلَيْكُمْ رَسُولًا شَاهِدًا عَلَيْكُمْ كَمَا أَرْسَلْنَا إِلَىٰ فِرْعَوْنَ رَسُولًا , الحزب (58),الجزء التاسع والعشرون
17,فَعَصَىٰ فِرْعَوْنُ الرَّسُولَ فَأَخَذْنَاهُ أَخْذًا وَبِيلًا , الحزب (58),الجزء التاسع والعشرون
18,فَكَيْفَ تَتَّقُونَ إِنْ كَفَرْتُمْ يَوْمًا يَجْعَلُ الْوِلْدَانَ شِيبًا , الحزب (58),الجزء التاسع والعشرون
19,السَّمَاءُ مُنْفَطِرٌ بِهِ ۚ كَانَ وَعْدُهُ مَفْعُولًا, الحزب (58),الجزء التاسع والعشرون
20,إِنَّ هَٰذِهِ تَذْكِرَةٌ ۖ فَمَنْ شَاءَ اتَّخَذَ إِلَىٰ رَبِّهِ سَبِيلًا , الحزب (58),الجزء التاسع والعشرون
21,إِنَّ رَبَّكَ يَعْلَمُ أَنَّكَ تَقُومُ أَدْنَىٰ مِنْ ثُلُثَيِ اللَّيْلِ وَنِصْفَهُ وَثُلُثَهُ وَطَائِفَةٌ مِنَ الَّذِينَ مَعَكَ ۚ وَاللَّهُ يُقَدِّرُ اللَّيْلَ وَالنَّهَارَ ۚ عَلِمَ أَنْ لَنْ تُحْصُوهُ فَتَابَ عَلَيْكُمْ ۖ فَاقْرَءُوا مَا تَيَسَّرَ مِنَ الْقُرْآنِ ۚ عَلِمَ أَنْ سَيَكُونُ مِنْكُمْ مَرْضَىٰ ۙ وَآخَرُونَ يَضْرِبُونَ فِي الْأَرْضِ يَبْتَغُونَ مِنْ فَضْلِ اللَّهِ ۙ وَآخَرُونَ يُقَاتِلُونَ فِي سَبِيلِ اللَّهِ ۖ فَاقْرَءُوا مَا تَيَسَّرَ مِنْهُ ۚ وَأَقِيمُوا الصَّلَاةَ وَآتُوا الزَّكَاةَ وَأَقْرِضُوا اللَّهَ قَرْضًا حَسَنًا ۚ وَمَا تُقَدِّمُوا لِأَنْفُسِكُمْ مِنْ خَيْرٍ تَجِدُوهُ عِنْدَ اللَّهِ هُوَ خَيْرًا وَأَعْظَمَ أَجْرًا ۚ وَاسْتَغْفِرُوا اللَّهَ ۖ إِنَّ اللَّهَ غَفُورٌ رَحِيمٌ ۞, ربع الحزب (58),الجزء التاسع والعشرون
