﻿1,بِسْمِ اللَّهِ الرَّحْمَنِ الرَّحِيم, ربع الحزب (58),الجزء التاسع والعشرون
2,يَا أَيُّهَا الْمُدَّثِّرُ , ربع الحزب (58),الجزء التاسع والعشرون
3,قُمْ فَأَنْذِرْ , ربع الحزب (58),الجزء التاسع والعشرون
4,وَرَبَّكَ فَكَبِّرْ , ربع الحزب (58),الجزء التاسع والعشرون
5,وَثِيَابَكَ فَطَهِّرْ, ربع الحزب (58),الجزء التاسع والعشرون
6,وَالرُّجْزَ فَاهْجُرْ , ربع الحزب (58),الجزء التاسع والعشرون
7,وَلَا تَمْنُنْ تَسْتَكْثِرُ , ربع الحزب (58),الجزء التاسع والعشرون
8,وَلِرَبِّكَ فَاصْبِرْ , ربع الحزب (58),الجزء التاسع والعشرون
9,فَإِذَا نُقِرَ فِي النَّاقُورِ, ربع الحزب (58),الجزء التاسع والعشرون
10,فَذَٰلِكَ يَوْمَئِذٍ يَوْمٌ عَسِيرٌ , ربع الحزب (58),الجزء التاسع والعشرون
11,عَلَى الْكَافِرِينَ غَيْرُ يَسِيرٍ , ربع الحزب (58),الجزء التاسع والعشرون
12,ذَرْنِي وَمَنْ خَلَقْتُ وَحِيدًا, ربع الحزب (58),الجزء التاسع والعشرون
13,وَجَعَلْتُ لَهُ مَالًا مَمْدُودًا , ربع الحزب (58),الجزء التاسع والعشرون
14,وَبَنِينَ شُهُودًا , ربع الحزب (58),الجزء التاسع والعشرون
15,وَمَهَّدْتُ لَهُ تَمْهِيدًا , ربع الحزب (58),الجزء التاسع والعشرون
16,ثُمَّ يَطْمَعُ أَنْ أَزِيدَ , ربع الحزب (58),الجزء التاسع والعشرون
17,كَلَّا ۖ إِنَّهُ كَانَ لِآيَاتِنَا عَنِيدًا , ربع الحزب (58),الجزء التاسع والعشرون
18,سَأُرْهِقُهُ صَعُودًا , ربع الحزب (58),الجزء التاسع والعشرون
19,إِنَّهُ فَكَّرَ وَقَدَّرَ, ربع الحزب (58),الجزء التاسع والعشرون
20,فَقُتِلَ كَيْفَ قَدَّرَ , ربع الحزب (58),الجزء التاسع والعشرون
21,ثُمَّ قُتِلَ كَيْفَ قَدَّرَ , ربع الحزب (58),الجزء التاسع والعشرون
22,ثُمَّ نَظَرَ, ربع الحزب (58),الجزء التاسع والعشرون
23,ثُمَّ عَبَسَ وَبَسَرَ, ربع الحزب (58),الجزء التاسع والعشرون
24,ثُمَّ أَدْبَرَ وَاسْتَكْبَرَ, ربع الحزب (58),الجزء التاسع والعشرون
25,فَقَالَ إِنْ هَٰذَا إِلَّا سِحْرٌ يُؤْثَرُ , ربع الحزب (58),الجزء التاسع والعشرون
26,إِنْ هَٰذَا إِلَّا قَوْلُ الْبَشَرِ, ربع الحزب (58),الجزء التاسع والعشرون
27,سَأُصْلِيهِ سَقَرَ , ربع الحزب (58),الجزء التاسع والعشرون
28,وَمَا أَدْرَاكَ مَا سَقَرُ , ربع الحزب (58),الجزء التاسع والعشرون
29,لَا تُبْقِي وَلَا تَذَرُ , ربع الحزب (58),الجزء التاسع والعشرون
30,لَوَّاحَةٌ لِلْبَشَرِ, ربع الحزب (58),الجزء التاسع والعشرون
31,عَلَيْهَا تِسْعَةَ عَشَرَ , ربع الحزب (58),الجزء التاسع والعشرون
32,وَمَا جَعَلْنَا أَصْحَابَ النَّارِ إِلَّا مَلَائِكَةً ۙ وَمَا جَعَلْنَا عِدَّتَهُمْ إِلَّا فِتْنَةً لِلَّذِينَ كَفَرُوا لِيَسْتَيْقِنَ الَّذِينَ أُوتُوا الْكِتَابَ وَيَزْدَادَ الَّذِينَ آمَنُوا إِيمَانًا ۙ وَلَا يَرْتَابَ الَّذِينَ أُوتُوا الْكِتَابَ وَالْمُؤْمِنُونَ ۙ وَلِيَقُولَ الَّذِينَ فِي قُلُوبِهِمْ مَرَضٌ وَالْكَافِرُونَ مَاذَا أَرَادَ اللَّهُ بِهَٰذَا مَثَلًا ۚ كَذَٰلِكَ يُضِلُّ اللَّهُ مَنْ يَشَاءُ وَيَهْدِي مَنْ يَشَاءُ ۚ وَمَا يَعْلَمُ جُنُودَ رَبِّكَ إِلَّا هُوَ ۚ وَمَا هِيَ إِلَّا ذِكْرَىٰ لِلْبَشَرِ, ربع الحزب (58),الجزء التاسع والعشرون
33,كَلَّا وَالْقَمَرِ, ربع الحزب (58),الجزء التاسع والعشرون
34,وَاللَّيْلِ إِذْ أَدْبَرَ , ربع الحزب (58),الجزء التاسع والعشرون
35,وَالصُّبْحِ إِذَا أَسْفَرَ , ربع الحزب (58),الجزء التاسع والعشرون
36,إِنَّهَا لَإِحْدَى الْكُبَرِ , ربع الحزب (58),الجزء التاسع والعشرون
37,نَذِيرًا لِلْبَشَرِ , ربع الحزب (58),الجزء التاسع والعشرون
38,لِمَنْ شَاءَ مِنْكُمْ أَنْ يَتَقَدَّمَ أَوْ يَتَأَخَّرَ , ربع الحزب (58),الجزء التاسع والعشرون
39,كُلُّ نَفْسٍ بِمَا كَسَبَتْ رَهِينَةٌ , ربع الحزب (58),الجزء التاسع والعشرون
40,إِلَّا أَصْحَابَ الْيَمِينِ , ربع الحزب (58),الجزء التاسع والعشرون
41,فِي جَنَّاتٍ يَتَسَاءَلُونَ , ربع الحزب (58),الجزء التاسع والعشرون
42,عَنِ الْمُجْرِمِينَ , ربع الحزب (58),الجزء التاسع والعشرون
43,مَا سَلَكَكُمْ فِي سَقَرَ , ربع الحزب (58),الجزء التاسع والعشرون
44,قَالُوا لَمْ نَكُ مِنَ الْمُصَلِّينَ , ربع الحزب (58),الجزء التاسع والعشرون
45,وَلَمْ نَكُ نُطْعِمُ الْمِسْكِينَ , ربع الحزب (58),الجزء التاسع والعشرون
46,وَكُنَّا نَخُوضُ مَعَ الْخَائِضِينَ , ربع الحزب (58),الجزء التاسع والعشرون
47,وَكُنَّا نُكَذِّبُ بِيَوْمِ الدِّينِ , ربع الحزب (58),الجزء التاسع والعشرون
48,حَتَّىٰ أَتَانَا الْيَقِينُ , ربع الحزب (58),الجزء التاسع والعشرون
49,فَمَا تَنْفَعُهُمْ شَفَاعَةُ الشَّافِعِينَ , ربع الحزب (58),الجزء التاسع والعشرون
50,فَمَا لَهُمْ عَنِ التَّذْكِرَةِ مُعْرِضِينَ , ربع الحزب (58),الجزء التاسع والعشرون
51,كَأَنَّهُمْ حُمُرٌ مُسْتَنْفِرَةٌ, ربع الحزب (58),الجزء التاسع والعشرون
52,فَرَّتْ مِنْ قَسْوَرَةٍ , ربع الحزب (58),الجزء التاسع والعشرون
53,بَلْ يُرِيدُ كُلُّ امْرِئٍ مِنْهُمْ أَنْ يُؤْتَىٰ صُحُفًا مُنَشَّرَةً , ربع الحزب (58),الجزء التاسع والعشرون
54,كَلَّا ۖ بَلْ لَا يَخَافُونَ الْآخِرَةَ , ربع الحزب (58),الجزء التاسع والعشرون
55,كَلَّا إِنَّهُ تَذْكِرَةٌ , ربع الحزب (58),الجزء التاسع والعشرون
56,فَمَنْ شَاءَ ذَكَرَهُ , ربع الحزب (58),الجزء التاسع والعشرون
57,وَمَا يَذْكُرُونَ إِلَّا أَنْ يَشَاءَ اللَّهُ ۚ هُوَ أَهْلُ التَّقْوَىٰ وَأَهْلُ الْمَغْفِرَةِ, ربع الحزب (58),الجزء التاسع والعشرون
