﻿1,بِسْمِ اللَّهِ الرَّحْمَنِ الرَّحِيم, نصف الحزب (58),الجزء التاسع والعشرون
2,۞ لَا أُقْسِمُ بِيَوْمِ الْقِيَامَةِ , نصف الحزب (58),الجزء التاسع والعشرون
3,وَلَا أُقْسِمُ بِالنَّفْسِ اللَّوَّامَةِ , نصف الحزب (58),الجزء التاسع والعشرون
4,أَيَحْسَبُ الْإِنْسَانُ أَلَّنْ نَجْمَعَ عِظَامَهُ, نصف الحزب (58),الجزء التاسع والعشرون
5,بَلَىٰ قَادِرِينَ عَلَىٰ أَنْ نُسَوِّيَ بَنَانَهُ, نصف الحزب (58),الجزء التاسع والعشرون
6,بَلْ يُرِيدُ الْإِنْسَانُ لِيَفْجُرَ أَمَامَهُ , نصف الحزب (58),الجزء التاسع والعشرون
7,يَسْأَلُ أَيَّانَ يَوْمُ الْقِيَامَةِ , نصف الحزب (58),الجزء التاسع والعشرون
8,فَإِذَا بَرِقَ الْبَصَرُ , نصف الحزب (58),الجزء التاسع والعشرون
9,وَخَسَفَ الْقَمَرُ , نصف الحزب (58),الجزء التاسع والعشرون
10,وَجُمِعَ الشَّمْسُ وَالْقَمَرُ , نصف الحزب (58),الجزء التاسع والعشرون
11,يَقُولُ الْإِنْسَانُ يَوْمَئِذٍ أَيْنَ الْمَفَرُّ, نصف الحزب (58),الجزء التاسع والعشرون
12,كَلَّا لَا وَزَرَ , نصف الحزب (58),الجزء التاسع والعشرون
13,إِلَىٰ رَبِّكَ يَوْمَئِذٍ الْمُسْتَقَرُّ , نصف الحزب (58),الجزء التاسع والعشرون
14,يُنَبَّأُ الْإِنْسَانُ يَوْمَئِذٍ بِمَا قَدَّمَ وَأَخَّرَ , نصف الحزب (58),الجزء التاسع والعشرون
15,بَلِ الْإِنْسَانُ عَلَىٰ نَفْسِهِ بَصِيرَةٌ , نصف الحزب (58),الجزء التاسع والعشرون
16,وَلَوْ أَلْقَىٰ مَعَاذِيرَهُ , نصف الحزب (58),الجزء التاسع والعشرون
17,لَا تُحَرِّكْ بِهِ لِسَانَكَ لِتَعْجَلَ بِهِ , نصف الحزب (58),الجزء التاسع والعشرون
18,إِنَّ عَلَيْنَا جَمْعَهُ وَقُرْآنَهُ , نصف الحزب (58),الجزء التاسع والعشرون
19,فَإِذَا قَرَأْنَاهُ فَاتَّبِعْ قُرْآنَهُ , نصف الحزب (58),الجزء التاسع والعشرون
20,ثُمَّ إِنَّ عَلَيْنَا بَيَانَهُ , نصف الحزب (58),الجزء التاسع والعشرون
21,كَلَّا بَلْ تُحِبُّونَ الْعَاجِلَةَ, نصف الحزب (58),الجزء التاسع والعشرون
22,وَتَذَرُونَ الْآخِرَةَ , نصف الحزب (58),الجزء التاسع والعشرون
23,وُجُوهٌ يَوْمَئِذٍ نَاضِرَةٌ, نصف الحزب (58),الجزء التاسع والعشرون
24,إِلَىٰ رَبِّهَا نَاظِرَةٌ , نصف الحزب (58),الجزء التاسع والعشرون
25,وَوُجُوهٌ يَوْمَئِذٍ بَاسِرَةٌ, نصف الحزب (58),الجزء التاسع والعشرون
26,تَظُنُّ أَنْ يُفْعَلَ بِهَا فَاقِرَةٌ , نصف الحزب (58),الجزء التاسع والعشرون
27,كَلَّا إِذَا بَلَغَتِ التَّرَاقِيَ , نصف الحزب (58),الجزء التاسع والعشرون
28,وَقِيلَ مَنْ ۜ رَاقٍ, نصف الحزب (58),الجزء التاسع والعشرون
29,وَظَنَّ أَنَّهُ الْفِرَاقُ , نصف الحزب (58),الجزء التاسع والعشرون
30,وَالْتَفَّتِ السَّاقُ بِالسَّاقِ , نصف الحزب (58),الجزء التاسع والعشرون
31,إِلَىٰ رَبِّكَ يَوْمَئِذٍ الْمَسَاقُ, نصف الحزب (58),الجزء التاسع والعشرون
32,فَلَا صَدَّقَ وَلَا صَلَّىٰ , نصف الحزب (58),الجزء التاسع والعشرون
33,وَلَٰكِنْ كَذَّبَ وَتَوَلَّىٰ, نصف الحزب (58),الجزء التاسع والعشرون
34,ثُمَّ ذَهَبَ إِلَىٰ أَهْلِهِ يَتَمَطَّىٰ, نصف الحزب (58),الجزء التاسع والعشرون
35,أَوْلَىٰ لَكَ فَأَوْلَىٰ , نصف الحزب (58),الجزء التاسع والعشرون
36,ثُمَّ أَوْلَىٰ لَكَ فَأَوْلَىٰ, نصف الحزب (58),الجزء التاسع والعشرون
37,أَيَحْسَبُ الْإِنْسَانُ أَنْ يُتْرَكَ سُدًى , نصف الحزب (58),الجزء التاسع والعشرون
38,أَلَمْ يَكُ نُطْفَةً مِنْ مَنِيٍّ يُمْنَىٰ, نصف الحزب (58),الجزء التاسع والعشرون
39,ثُمَّ كَانَ عَلَقَةً فَخَلَقَ فَسَوَّىٰ , نصف الحزب (58),الجزء التاسع والعشرون
40,فَجَعَلَ مِنْهُ الزَّوْجَيْنِ الذَّكَرَ وَالْأُنْثَىٰ, نصف الحزب (58),الجزء التاسع والعشرون
41,أَلَيْسَ ذَٰلِكَ بِقَادِرٍ عَلَىٰ أَنْ يُحْيِيَ الْمَوْتَىٰ, نصف الحزب (58),الجزء التاسع والعشرون
