﻿1,بِسْمِ اللَّهِ الرَّحْمَنِ الرَّحِيم, نصف الحزب (58),الجزء التاسع والعشرون
2,هَلْ أَتَىٰ عَلَى الْإِنْسَانِ حِينٌ مِنَ الدَّهْرِ لَمْ يَكُنْ شَيْئًا مَذْكُورًا , نصف الحزب (58),الجزء التاسع والعشرون
3,إِنَّا خَلَقْنَا الْإِنْسَانَ مِنْ نُطْفَةٍ أَمْشَاجٍ نَبْتَلِيهِ فَجَعَلْنَاهُ سَمِيعًا بَصِيرًا , نصف الحزب (58),الجزء التاسع والعشرون
4,إِنَّا هَدَيْنَاهُ السَّبِيلَ إِمَّا شَاكِرًا وَإِمَّا كَفُورًا , نصف الحزب (58),الجزء التاسع والعشرون
5,إِنَّا أَعْتَدْنَا لِلْكَافِرِينَ سَلَاسِلَ وَأَغْلَالًا وَسَعِيرًا, نصف الحزب (58),الجزء التاسع والعشرون
6,إِنَّ الْأَبْرَارَ يَشْرَبُونَ مِنْ كَأْسٍ كَانَ مِزَاجُهَا كَافُورًا , نصف الحزب (58),الجزء التاسع والعشرون
7,عَيْنًا يَشْرَبُ بِهَا عِبَادُ اللَّهِ يُفَجِّرُونَهَا تَفْجِيرًا , نصف الحزب (58),الجزء التاسع والعشرون
8,يُوفُونَ بِالنَّذْرِ وَيَخَافُونَ يَوْمًا كَانَ شَرُّهُ مُسْتَطِيرًا , نصف الحزب (58),الجزء التاسع والعشرون
9,وَيُطْعِمُونَ الطَّعَامَ عَلَىٰ حُبِّهِ مِسْكِينًا وَيَتِيمًا وَأَسِيرًا , نصف الحزب (58),الجزء التاسع والعشرون
10,إِنَّمَا نُطْعِمُكُمْ لِوَجْهِ اللَّهِ لَا نُرِيدُ مِنْكُمْ جَزَاءً وَلَا شُكُورًا, نصف الحزب (58),الجزء التاسع والعشرون
11,إِنَّا نَخَافُ مِنْ رَبِّنَا يَوْمًا عَبُوسًا قَمْطَرِيرًا , نصف الحزب (58),الجزء التاسع والعشرون
12,فَوَقَاهُمُ اللَّهُ شَرَّ ذَٰلِكَ الْيَوْمِ وَلَقَّاهُمْ نَضْرَةً وَسُرُورًا , نصف الحزب (58),الجزء التاسع والعشرون
13,وَجَزَاهُمْ بِمَا صَبَرُوا جَنَّةً وَحَرِيرًا, نصف الحزب (58),الجزء التاسع والعشرون
14,مُتَّكِئِينَ فِيهَا عَلَى الْأَرَائِكِ ۖ لَا يَرَوْنَ فِيهَا شَمْسًا وَلَا زَمْهَرِيرًا , نصف الحزب (58),الجزء التاسع والعشرون
15,وَدَانِيَةً عَلَيْهِمْ ظِلَالُهَا وَذُلِّلَتْ قُطُوفُهَا تَذْلِيلًا, نصف الحزب (58),الجزء التاسع والعشرون
16,وَيُطَافُ عَلَيْهِمْ بِآنِيَةٍ مِنْ فِضَّةٍ وَأَكْوَابٍ كَانَتْ قَوَارِيرَا , نصف الحزب (58),الجزء التاسع والعشرون
17,قَوَارِيرَ مِنْ فِضَّةٍ قَدَّرُوهَا تَقْدِيرًا , نصف الحزب (58),الجزء التاسع والعشرون
18,وَيُسْقَوْنَ فِيهَا كَأْسًا كَانَ مِزَاجُهَا زَنْجَبِيلًا, نصف الحزب (58),الجزء التاسع والعشرون
19,عَيْنًا فِيهَا تُسَمَّىٰ سَلْسَبِيلًا , نصف الحزب (58),الجزء التاسع والعشرون
20,۞ وَيَطُوفُ عَلَيْهِمْ وِلْدَانٌ مُخَلَّدُونَ إِذَا رَأَيْتَهُمْ حَسِبْتَهُمْ لُؤْلُؤًا مَنْثُورًا , ثلاثة أرباع الحزب (58),الجزء التاسع والعشرون
21,وَإِذَا رَأَيْتَ ثَمَّ رَأَيْتَ نَعِيمًا وَمُلْكًا كَبِيرًا , ثلاثة أرباع الحزب (58),الجزء التاسع والعشرون
22,عَالِيَهُمْ ثِيَابُ سُنْدُسٍ خُضْرٌ وَإِسْتَبْرَقٌ ۖ وَحُلُّوا أَسَاوِرَ مِنْ فِضَّةٍ وَسَقَاهُمْ رَبُّهُمْ شَرَابًا طَهُورًا , ثلاثة أرباع الحزب (58),الجزء التاسع والعشرون
23,إِنَّ هَٰذَا كَانَ لَكُمْ جَزَاءً وَكَانَ سَعْيُكُمْ مَشْكُورًا , ثلاثة أرباع الحزب (58),الجزء التاسع والعشرون
24,إِنَّا نَحْنُ نَزَّلْنَا عَلَيْكَ الْقُرْآنَ تَنْزِيلًا, ثلاثة أرباع الحزب (58),الجزء التاسع والعشرون
25,فَاصْبِرْ لِحُكْمِ رَبِّكَ وَلَا تُطِعْ مِنْهُمْ آثِمًا أَوْ كَفُورًا , ثلاثة أرباع الحزب (58),الجزء التاسع والعشرون
26,وَاذْكُرِ اسْمَ رَبِّكَ بُكْرَةً وَأَصِيلًا , ثلاثة أرباع الحزب (58),الجزء التاسع والعشرون
27,وَمِنَ اللَّيْلِ فَاسْجُدْ لَهُ وَسَبِّحْهُ لَيْلًا طَوِيلًا , ثلاثة أرباع الحزب (58),الجزء التاسع والعشرون
28,إِنَّ هَٰؤُلَاءِ يُحِبُّونَ الْعَاجِلَةَ وَيَذَرُونَ وَرَاءَهُمْ يَوْمًا ثَقِيلًا , ثلاثة أرباع الحزب (58),الجزء التاسع والعشرون
29,نَحْنُ خَلَقْنَاهُمْ وَشَدَدْنَا أَسْرَهُمْ ۖ وَإِذَا شِئْنَا بَدَّلْنَا أَمْثَالَهُمْ تَبْدِيلًا , ثلاثة أرباع الحزب (58),الجزء التاسع والعشرون
30,إِنَّ هَٰذِهِ تَذْكِرَةٌ ۖ فَمَنْ شَاءَ اتَّخَذَ إِلَىٰ رَبِّهِ سَبِيلًا , ثلاثة أرباع الحزب (58),الجزء التاسع والعشرون
31,وَمَا تَشَاءُونَ إِلَّا أَنْ يَشَاءَ اللَّهُ ۚ إِنَّ اللَّهَ كَانَ عَلِيمًا حَكِيمًا , ثلاثة أرباع الحزب (58),الجزء التاسع والعشرون
32,يُدْخِلُ مَنْ يَشَاءُ فِي رَحْمَتِهِ ۚ وَالظَّالِمِينَ أَعَدَّ لَهُمْ عَذَابًا أَلِيمًا, ثلاثة أرباع الحزب (58),الجزء التاسع والعشرون
