﻿1,بِسْمِ اللَّهِ الرَّحْمَنِ الرَّحِيم, ثلاثة أرباع الحزب (58),الجزء التاسع والعشرون
2,وَالْمُرْسَلَاتِ عُرْفًا , ثلاثة أرباع الحزب (58),الجزء التاسع والعشرون
3,فَالْعَاصِفَاتِ عَصْفًا , ثلاثة أرباع الحزب (58),الجزء التاسع والعشرون
4,وَالنَّاشِرَاتِ نَشْرًا, ثلاثة أرباع الحزب (58),الجزء التاسع والعشرون
5,فَالْفَارِقَاتِ فَرْقًا , ثلاثة أرباع الحزب (58),الجزء التاسع والعشرون
6,فَالْمُلْقِيَاتِ ذِكْرًا , ثلاثة أرباع الحزب (58),الجزء التاسع والعشرون
7,عُذْرًا أَوْ نُذْرًا , ثلاثة أرباع الحزب (58),الجزء التاسع والعشرون
8,إِنَّمَا تُوعَدُونَ لَوَاقِعٌ, ثلاثة أرباع الحزب (58),الجزء التاسع والعشرون
9,فَإِذَا النُّجُومُ طُمِسَتْ, ثلاثة أرباع الحزب (58),الجزء التاسع والعشرون
10,وَإِذَا السَّمَاءُ فُرِجَتْ , ثلاثة أرباع الحزب (58),الجزء التاسع والعشرون
11,وَإِذَا الْجِبَالُ نُسِفَتْ, ثلاثة أرباع الحزب (58),الجزء التاسع والعشرون
12,وَإِذَا الرُّسُلُ أُقِّتَتْ , ثلاثة أرباع الحزب (58),الجزء التاسع والعشرون
13,لِأَيِّ يَوْمٍ أُجِّلَتْ , ثلاثة أرباع الحزب (58),الجزء التاسع والعشرون
14,لِيَوْمِ الْفَصْلِ , ثلاثة أرباع الحزب (58),الجزء التاسع والعشرون
15,وَمَا أَدْرَاكَ مَا يَوْمُ الْفَصْلِ, ثلاثة أرباع الحزب (58),الجزء التاسع والعشرون
16,وَيْلٌ يَوْمَئِذٍ لِلْمُكَذِّبِينَ , ثلاثة أرباع الحزب (58),الجزء التاسع والعشرون
17,أَلَمْ نُهْلِكِ الْأَوَّلِينَ , ثلاثة أرباع الحزب (58),الجزء التاسع والعشرون
18,ثُمَّ نُتْبِعُهُمُ الْآخِرِينَ , ثلاثة أرباع الحزب (58),الجزء التاسع والعشرون
19,كَذَٰلِكَ نَفْعَلُ بِالْمُجْرِمِينَ , ثلاثة أرباع الحزب (58),الجزء التاسع والعشرون
20,وَيْلٌ يَوْمَئِذٍ لِلْمُكَذِّبِينَ, ثلاثة أرباع الحزب (58),الجزء التاسع والعشرون
21,أَلَمْ نَخْلُقْكُمْ مِنْ مَاءٍ مَهِينٍ , ثلاثة أرباع الحزب (58),الجزء التاسع والعشرون
22,فَجَعَلْنَاهُ فِي قَرَارٍ مَكِينٍ , ثلاثة أرباع الحزب (58),الجزء التاسع والعشرون
23,إِلَىٰ قَدَرٍ مَعْلُومٍ , ثلاثة أرباع الحزب (58),الجزء التاسع والعشرون
24,فَقَدَرْنَا فَنِعْمَ الْقَادِرُونَ , ثلاثة أرباع الحزب (58),الجزء التاسع والعشرون
25,وَيْلٌ يَوْمَئِذٍ لِلْمُكَذِّبِينَ , ثلاثة أرباع الحزب (58),الجزء التاسع والعشرون
26,أَلَمْ نَجْعَلِ الْأَرْضَ كِفَاتًا , ثلاثة أرباع الحزب (58),الجزء التاسع والعشرون
27,أَحْيَاءً وَأَمْوَاتًا , ثلاثة أرباع الحزب (58),الجزء التاسع والعشرون
28,وَجَعَلْنَا فِيهَا رَوَاسِيَ شَامِخَاتٍ وَأَسْقَيْنَاكُمْ مَاءً فُرَاتًا , ثلاثة أرباع الحزب (58),الجزء التاسع والعشرون
29,وَيْلٌ يَوْمَئِذٍ لِلْمُكَذِّبِينَ, ثلاثة أرباع الحزب (58),الجزء التاسع والعشرون
30,انْطَلِقُوا إِلَىٰ مَا كُنْتُمْ بِهِ تُكَذِّبُونَ , ثلاثة أرباع الحزب (58),الجزء التاسع والعشرون
31,انْطَلِقُوا إِلَىٰ ظِلٍّ ذِي ثَلَاثِ شُعَبٍ, ثلاثة أرباع الحزب (58),الجزء التاسع والعشرون
32,لَا ظَلِيلٍ وَلَا يُغْنِي مِنَ اللَّهَبِ, ثلاثة أرباع الحزب (58),الجزء التاسع والعشرون
33,إِنَّهَا تَرْمِي بِشَرَرٍ كَالْقَصْرِ , ثلاثة أرباع الحزب (58),الجزء التاسع والعشرون
34,كَأَنَّهُ جِمَالَتٌ صُفْرٌ , ثلاثة أرباع الحزب (58),الجزء التاسع والعشرون
35,وَيْلٌ يَوْمَئِذٍ لِلْمُكَذِّبِينَ, ثلاثة أرباع الحزب (58),الجزء التاسع والعشرون
36,هَٰذَا يَوْمُ لَا يَنْطِقُونَ , ثلاثة أرباع الحزب (58),الجزء التاسع والعشرون
37,وَلَا يُؤْذَنُ لَهُمْ فَيَعْتَذِرُونَ , ثلاثة أرباع الحزب (58),الجزء التاسع والعشرون
38,وَيْلٌ يَوْمَئِذٍ لِلْمُكَذِّبِينَ, ثلاثة أرباع الحزب (58),الجزء التاسع والعشرون
39,هَٰذَا يَوْمُ الْفَصْلِ ۖ جَمَعْنَاكُمْ وَالْأَوَّلِينَ , ثلاثة أرباع الحزب (58),الجزء التاسع والعشرون
40,فَإِنْ كَانَ لَكُمْ كَيْدٌ فَكِيدُونِ, ثلاثة أرباع الحزب (58),الجزء التاسع والعشرون
41,وَيْلٌ يَوْمَئِذٍ لِلْمُكَذِّبِينَ , ثلاثة أرباع الحزب (58),الجزء التاسع والعشرون
42,إِنَّ الْمُتَّقِينَ فِي ظِلَالٍ وَعُيُونٍ , ثلاثة أرباع الحزب (58),الجزء التاسع والعشرون
43,وَفَوَاكِهَ مِمَّا يَشْتَهُونَ , ثلاثة أرباع الحزب (58),الجزء التاسع والعشرون
44,كُلُوا وَاشْرَبُوا هَنِيئًا بِمَا كُنْتُمْ تَعْمَلُونَ , ثلاثة أرباع الحزب (58),الجزء التاسع والعشرون
45,إِنَّا كَذَٰلِكَ نَجْزِي الْمُحْسِنِينَ , ثلاثة أرباع الحزب (58),الجزء التاسع والعشرون
46,وَيْلٌ يَوْمَئِذٍ لِلْمُكَذِّبِينَ, ثلاثة أرباع الحزب (58),الجزء التاسع والعشرون
47,كُلُوا وَتَمَتَّعُوا قَلِيلًا إِنَّكُمْ مُجْرِمُونَ , ثلاثة أرباع الحزب (58),الجزء التاسع والعشرون
48,وَيْلٌ يَوْمَئِذٍ لِلْمُكَذِّبِينَ, ثلاثة أرباع الحزب (58),الجزء التاسع والعشرون
49,وَإِذَا قِيلَ لَهُمُ ارْكَعُوا لَا يَرْكَعُونَ , ثلاثة أرباع الحزب (58),الجزء التاسع والعشرون
50,وَيْلٌ يَوْمَئِذٍ لِلْمُكَذِّبِينَ , ثلاثة أرباع الحزب (58),الجزء التاسع والعشرون
51,فَبِأَيِّ حَدِيثٍ بَعْدَهُ يُؤْمِنُونَ, ثلاثة أرباع الحزب (58),الجزء التاسع والعشرون
