﻿1,بسْمِ اللَّهِ الرَّحْمَنِ الرَّحِيمِ , الحزب (59),الجزء الثلاثون
2,عَمَّ يَتَسَاءلُونَ ۞ , الحزب (59),الجزء الثلاثون
3,عَنِ النَّبَإِ الْعَظِيمِ ,الحزب (59),الجزء الثلاثون
4,الَّذِي هُمْ فِيهِ مُخْتَلِفُونَ ,الحزب (59),الجزء الثلاثون
5,كَلَّا سَيَعْلَمُونَ ,الحزب (59),الجزء الثلاثون
6,ثُمَّ كَلَّا سَيَعْلَمُونَ ,الحزب (59),الجزء الثلاثون
7,أَلَمْ نَجْعَلِ الْأَرْضَ مِهَادًا ,الحزب (59),الجزء الثلاثون
8,وَالْجِبَالَ أَوْتَادًا ,الحزب (59),الجزء الثلاثون
9,وَخَلَقْنَاكُمْ أَزْوَاجًا ,الحزب (59),الجزء الثلاثون
10,وَجَعَلْنَا نَوْمَكُمْ سُبَاتًا ,الحزب (59),الجزء الثلاثون
11,وَجَعَلْنَا اللَّيْلَ لِبَاسًا ,الحزب (59),الجزء الثلاثون
12,وَجَعَلْنَا النَّهَارَ مَعَاشًا ,الحزب (59),الجزء الثلاثون
13,وَبَنَيْنَا فَوْقَكُمْ سَبْعًا شِدَادًا ,الحزب (59),الجزء الثلاثون
14,وَجَعَلْنَا سِرَاجًا وَهَّاجًا ,الحزب (59),الجزء الثلاثون
15,وَأَنزَلْنَا مِنَ الْمُعْصِرَاتِ مَاء ثَجَّاجًا ,الحزب (59),الجزء الثلاثون
16,لِنُخْرِجَ بِهِ حَبًّا وَنَبَاتًا ,الحزب (59),الجزء الثلاثون
17,وَجَنَّاتٍ أَلْفَافًا ,الحزب (59),الجزء الثلاثون
18,إِنَّ يَوْمَ الْفَصْلِ كَانَ مِيقَاتًا ,الحزب (59),الجزء الثلاثون
19,يَوْمَ يُنفَخُ فِي الصُّورِ فَتَأْتُونَ أَفْوَاجًا ,الحزب (59),الجزء الثلاثون
20,وَفُتِحَتِ السَّمَاء فَكَانَتْ أَبْوَابًا ,الحزب (59),الجزء الثلاثون
21,وَسُيِّرَتِ الْجِبَالُ فَكَانَتْ سَرَابًا ,الحزب (59),الجزء الثلاثون
22,إِنَّ جَهَنَّمَ كَانَتْ مِرْصَادًا ,الحزب (59),الجزء الثلاثون
23,لِلْطَّاغِينَ مَآبًا ,الحزب (59),الجزء الثلاثون
24,لَابِثِينَ فِيهَا أَحْقَابًا ,الحزب (59),الجزء الثلاثون
25,لَّا يَذُوقُونَ فِيهَا بَرْدًا وَلَا شَرَابًا ,الحزب (59),الجزء الثلاثون
26,إِلَّا حَمِيمًا وَغَسَّاقًا ,الحزب (59),الجزء الثلاثون
27,جَزَاء وِفَاقًا ,الحزب (59),الجزء الثلاثون
28,إِنَّهُمْ كَانُوا لَا يَرْجُونَ حِسَابًا ,الحزب (59),الجزء الثلاثون
29,وَكَذَّبُوا بِآيَاتِنَا كِذَّابًا ,الحزب (59),الجزء الثلاثون
30,وَكُلَّ شَيْءٍ أَحْصَيْنَاهُ كِتَابًا ,الحزب (59),الجزء الثلاثون
31,فَذُوقُوا فَلَن نَّزِيدَكُمْ إِلَّا عَذَابًا ,الحزب (59),الجزء الثلاثون
32,إِنَّ لِلْمُتَّقِينَ مَفَازًا ,الحزب (59),الجزء الثلاثون
33,حَدَائِقَ وَأَعْنَابًا ,الحزب (59),الجزء الثلاثون
34,وَكَوَاعِبَ أَتْرَابًا ,الحزب (59),الجزء الثلاثون
35,وَكَأْسًا دِهَاقًا ,الحزب (59),الجزء الثلاثون
36,لَّا يَسْمَعُونَ فِيهَا لَغْوًا وَلَا كِذَّابًا ,الحزب (59),الجزء الثلاثون
37,جَزَاء مِّن رَّبِّكَ عَطَاء حِسَابًا ,الحزب (59),الجزء الثلاثون
38,رَبِّ السَّمَاوَاتِ وَالْأَرْضِ وَمَا بَيْنَهُمَا الرحْمَنِ لَا يَمْلِكُونَ مِنْهُ خِطَابًا ,الحزب (59),الجزء الثلاثون
39,يَوْمَ يَقُومُ الرُّوحُ وَالْمَلَائِكَةُ صَفًّا لَّا يَتَكَلَّمُونَ إِلَّا مَنْ أَذِنَ لَهُ الرحْمَنُ وَقَالَ صَوَابًا ,الحزب (59),الجزء الثلاثون
40,ذَلِكَ الْيَوْمُ الْحَقُّ فَمَن شَاء اتَّخَذَ إِلَى رَبِّهِ مَآبًا ,الحزب (59),الجزء الثلاثون
41,إِنَّا أَنذَرْنَاكُمْ عَذَابًا قَرِيبًا يَوْمَ يَنظُرُ الْمَرْءُ مَا قَدَّمَتْ يَدَاهُ وَيَقُولُ الْكَافِرُ يَا لَيْتَنِي كُنتُ تُرَابًا ,الحزب (59),الجزء الثلاثون
