﻿1,بسْمِ اللَّهِ الرَّحْمَنِ الرَّحِيمِ ,الحزب (59),الجزء الثلاثون
2,وَالنَّازِعَاتِ غَرْقًا ,الحزب (59),الجزء الثلاثون
3,وَالنَّاشِطَاتِ نَشْطًا ,الحزب (59),الجزء الثلاثون
4,وَالسَّابِحَاتِ سَبْحًا ,الحزب (59),الجزء الثلاثون
5,فَالسَّابِقَاتِ سَبْقًا ,الحزب (59),الجزء الثلاثون
6,فَالْمُدَبِّرَاتِ أَمْرًا ,الحزب (59),الجزء الثلاثون
7,يَوْمَ تَرْجُفُ الرَّاجِفَةُ ,الحزب (59),الجزء الثلاثون
8,تَتْبَعُهَا الرَّادِفَةُ ,الحزب (59),الجزء الثلاثون
9,قُلُوبٌ يَوْمَئِذٍ وَاجِفَةٌ ,الحزب (59),الجزء الثلاثون
10,أَبْصَارُهَا خَاشِعَةٌ ,الحزب (59),الجزء الثلاثون
11,يَقُولُونَ أَئِنَّا لَمَرْدُودُونَ فِي الْحَافِرَةِ ,الحزب (59),الجزء الثلاثون
12,أَئِذَا كُنَّا عِظَامًا نَّخِرَةً ,الحزب (59),الجزء الثلاثون
13,قَالُوا تِلْكَ إِذًا كَرَّةٌ خَاسِرَةٌ ,الحزب (59),الجزء الثلاثون
14,فَإِنَّمَا هِيَ زَجْرَةٌ وَاحِدَةٌ ,الحزب (59),الجزء الثلاثون
15,فَإِذَا هُم بِالسَّاهِرَةِ ,الحزب (59),الجزء الثلاثون
16,هَلْ أتَاكَ حَدِيثُ مُوسَى ,الحزب (59),الجزء الثلاثون
17,إِذْ نَادَاهُ رَبُّهُ بِالْوَادِ الْمُقَدَّسِ طُوًى ,الحزب (59),الجزء الثلاثون
18,اذْهَبْ إِلَى فِرْعَوْنَ إِنَّهُ طَغَى ,الحزب (59),الجزء الثلاثون
19,فَقُلْ هَل لَّكَ إِلَى أَن تَزَكَّى ,الحزب (59),الجزء الثلاثون
20,وَأَهْدِيَكَ إِلَى رَبِّكَ فَتَخْشَى ,الحزب (59),الجزء الثلاثون
21,فَأَرَاهُ الْآيَةَ الْكُبْرَى ,الحزب (59),الجزء الثلاثون
22,فَكَذَّبَ وَعَصَى ,الحزب (59),الجزء الثلاثون
23,ثُمَّ أَدْبَرَ يَسْعَى ,الحزب (59),الجزء الثلاثون
24,فَحَشَرَ فَنَادَى ,الحزب (59),الجزء الثلاثون
25,فَقَالَ أَنَا رَبُّكُمُ الْأَعْلَى ,الحزب (59),الجزء الثلاثون
26,فَأَخَذَهُ اللَّهُ نَكَالَ الْآخِرَةِ وَالْأُولَى ,الحزب (59),الجزء الثلاثون
27,إِنَّ فِي ذَلِكَ لَعِبْرَةً لِّمَن يَخْشَى ,الحزب (59),الجزء الثلاثون
28,أَأَنتُمْ أَشَدُّ خَلْقًا أَمِ السَّمَاء بَنَاهَا ,الحزب (59),الجزء الثلاثون
29,رَفَعَ سَمْكَهَا فَسَوَّاهَا ,الحزب (59),الجزء الثلاثون
30,وَأَغْطَشَ لَيْلَهَا وَأَخْرَجَ ضُحَاهَا ,الحزب (59),الجزء الثلاثون
31,وَالْأَرْضَ بَعْدَ ذَلِكَ دَحَاهَا ,الحزب (59),الجزء الثلاثون
32,أَخْرَجَ مِنْهَا مَاءهَا وَمَرْعَاهَا ,الحزب (59),الجزء الثلاثون
33,وَالْجِبَالَ أَرْسَاهَا ,الحزب (59),الجزء الثلاثون
34,مَتَاعًا لَّكُمْ وَلِأَنْعَامِكُمْ ,الحزب (59),الجزء الثلاثون
35,فَإِذَا جَاءتِ الطَّامَّةُ الْكُبْرَى ,الحزب (59),الجزء الثلاثون
36,يَوْمَ يَتَذَكَّرُ الْإِنسَانُ مَا سَعَى ,الحزب (59),الجزء الثلاثون
37,وَبُرِّزَتِ الْجَحِيمُ لِمَن يَرَى ,الحزب (59),الجزء الثلاثون
38,فَأَمَّا مَن طَغَى ,الحزب (59),الجزء الثلاثون
39,وَآثَرَ الْحَيَاةَ الدُّنْيَا ,الحزب (59),الجزء الثلاثون
40,فَإِنَّ الْجَحِيمَ هِيَ الْمَأْوَى ,الحزب (59),الجزء الثلاثون
41,وَأَمَّا مَنْ خَافَ مَقَامَ رَبِّهِ وَنَهَى النَّفْسَ عَنِ الْهَوَى ,الحزب (59),الجزء الثلاثون
42,فَإِنَّ الْجَنَّةَ هِيَ الْمَأْوَى ,الحزب (59),الجزء الثلاثون
43,يَسْأَلُونَكَ عَنِ السَّاعَةِ أَيَّانَ مُرْسَاهَا ,الحزب (59),الجزء الثلاثون
44,فِيمَ أَنتَ مِن ذِكْرَاهَا ,الحزب (59),الجزء الثلاثون
45,إِلَى رَبِّكَ مُنتَهَاهَا ,الحزب (59),الجزء الثلاثون
46,إِنَّمَا أَنتَ مُنذِرُ مَن يَخْشَاهَا ,الحزب (59),الجزء الثلاثون
47,كَأَنَّهُمْ يَوْمَ يَرَوْنَهَا لَمْ يَلْبَثُوا إِلَّا عَشِيَّةً أَوْ ضُحَاهَا ,الحزب (59),الجزء الثلاثون
