﻿1,بِسْمِ اللَّهِ الرَّحْمَنِ الرَّحِيم, نصف الحزب (18),الجزء التاسع
2,۞ يَسْأَلُونَكَ عَنِ الْأَنْفَالِ ۖ قُلِ الْأَنْفَالُ لِلَّهِ وَالرَّسُولِ ۖ فَاتَّقُوا اللَّهَ وَأَصْلِحُوا ذَاتَ بَيْنِكُمْ ۖ وَأَطِيعُوا اللَّهَ وَرَسُولَهُ إِنْ كُنْتُمْ مُؤْمِنِينَ , نصف الحزب (18),الجزء التاسع
3,إِنَّمَا الْمُؤْمِنُونَ الَّذِينَ إِذَا ذُكِرَ اللَّهُ وَجِلَتْ قُلُوبُهُمْ وَإِذَا تُلِيَتْ عَلَيْهِمْ آيَاتُهُ زَادَتْهُمْ إِيمَانًا وَعَلَىٰ رَبِّهِمْ يَتَوَكَّلُونَ, نصف الحزب (18),الجزء التاسع
4,الَّذِينَ يُقِيمُونَ الصَّلَاةَ وَمِمَّا رَزَقْنَاهُمْ يُنْفِقُونَ, نصف الحزب (18),الجزء التاسع
5,أُولَٰئِكَ هُمُ الْمُؤْمِنُونَ حَقًّا ۚ لَهُمْ دَرَجَاتٌ عِنْدَ رَبِّهِمْ وَمَغْفِرَةٌ وَرِزْقٌ كَرِيمٌ, نصف الحزب (18),الجزء التاسع
6,كَمَا أَخْرَجَكَ رَبُّكَ مِنْ بَيْتِكَ بِالْحَقِّ وَإِنَّ فَرِيقًا مِنَ الْمُؤْمِنِينَ لَكَارِهُونَ, نصف الحزب (18),الجزء التاسع
7,يُجَادِلُونَكَ فِي الْحَقِّ بَعْدَمَا تَبَيَّنَ كَأَنَّمَا يُسَاقُونَ إِلَى الْمَوْتِ وَهُمْ يَنْظُرُونَ, نصف الحزب (18),الجزء التاسع
8,وَإِذْ يَعِدُكُمُ اللَّهُ إِحْدَى الطَّائِفَتَيْنِ أَنَّهَا لَكُمْ وَتَوَدُّونَ أَنَّ غَيْرَ ذَاتِ الشَّوْكَةِ تَكُونُ لَكُمْ وَيُرِيدُ اللَّهُ أَنْ يُحِقَّ الْحَقَّ بِكَلِمَاتِهِ وَيَقْطَعَ دَابِرَ الْكَافِرِينَ , نصف الحزب (18),الجزء التاسع
9,لِيُحِقَّ الْحَقَّ وَيُبْطِلَ الْبَاطِلَ وَلَوْ كَرِهَ الْمُجْرِمُونَ , نصف الحزب (18),الجزء التاسع
10,إِذْ تَسْتَغِيثُونَ رَبَّكُمْ فَاسْتَجَابَ لَكُمْ أَنِّي مُمِدُّكُمْ بِأَلْفٍ مِنَ الْمَلَائِكَةِ مُرْدِفِينَ, نصف الحزب (18),الجزء التاسع
11,وَمَا جَعَلَهُ اللَّهُ إِلَّا بُشْرَىٰ وَلِتَطْمَئِنَّ بِهِ قُلُوبُكُمْ ۚ وَمَا النَّصْرُ إِلَّا مِنْ عِنْدِ اللَّهِ ۚ إِنَّ اللَّهَ عَزِيزٌ حَكِيمٌ , نصف الحزب (18),الجزء التاسع
12,إِذْ يُغَشِّيكُمُ النُّعَاسَ أَمَنَةً مِنْهُ وَيُنَزِّلُ عَلَيْكُمْ مِنَ السَّمَاءِ مَاءً لِيُطَهِّرَكُمْ بِهِ وَيُذْهِبَ عَنْكُمْ رِجْزَ الشَّيْطَانِ وَلِيَرْبِطَ عَلَىٰ قُلُوبِكُمْ وَيُثَبِّتَ بِهِ الْأَقْدَامَ, نصف الحزب (18),الجزء التاسع
13,إِذْ يُوحِي رَبُّكَ إِلَى الْمَلَائِكَةِ أَنِّي مَعَكُمْ فَثَبِّتُوا الَّذِينَ آمَنُوا ۚ سَأُلْقِي فِي قُلُوبِ الَّذِينَ كَفَرُوا الرُّعْبَ فَاضْرِبُوا فَوْقَ الْأَعْنَاقِ وَاضْرِبُوا مِنْهُمْ كُلَّ بَنَانٍ , نصف الحزب (18),الجزء التاسع
14,ذَٰلِكَ بِأَنَّهُمْ شَاقُّوا اللَّهَ وَرَسُولَهُ ۚ وَمَنْ يُشَاقِقِ اللَّهَ وَرَسُولَهُ فَإِنَّ اللَّهَ شَدِيدُ الْعِقَابِ, نصف الحزب (18),الجزء التاسع
15,ذَٰلِكُمْ فَذُوقُوهُ وَأَنَّ لِلْكَافِرِينَ عَذَابَ النَّارِ , نصف الحزب (18),الجزء التاسع
16,يَا أَيُّهَا الَّذِينَ آمَنُوا إِذَا لَقِيتُمُ الَّذِينَ كَفَرُوا زَحْفًا فَلَا تُوَلُّوهُمُ الْأَدْبَارَ , نصف الحزب (18),الجزء التاسع
17,وَمَنْ يُوَلِّهِمْ يَوْمَئِذٍ دُبُرَهُ إِلَّا مُتَحَرِّفًا لِقِتَالٍ أَوْ مُتَحَيِّزًا إِلَىٰ فِئَةٍ فَقَدْ بَاءَ بِغَضَبٍ مِنَ اللَّهِ وَمَأْوَاهُ جَهَنَّمُ ۖ وَبِئْسَ الْمَصِيرُ, نصف الحزب (18),الجزء التاسع
18,فَلَمْ تَقْتُلُوهُمْ وَلَٰكِنَّ اللَّهَ قَتَلَهُمْ ۚ وَمَا رَمَيْتَ إِذْ رَمَيْتَ وَلَٰكِنَّ اللَّهَ رَمَىٰ ۚ وَلِيُبْلِيَ الْمُؤْمِنِينَ مِنْهُ بَلَاءً حَسَنًا ۚ إِنَّ اللَّهَ سَمِيعٌ عَلِيمٌ , نصف الحزب (18),الجزء التاسع
19,ذَٰلِكُمْ وَأَنَّ اللَّهَ مُوهِنُ كَيْدِ الْكَافِرِينَ , نصف الحزب (18),الجزء التاسع
20,إِنْ تَسْتَفْتِحُوا فَقَدْ جَاءَكُمُ الْفَتْحُ ۖ وَإِنْ تَنْتَهُوا فَهُوَ خَيْرٌ لَكُمْ ۖ وَإِنْ تَعُودُوا نَعُدْ وَلَنْ تُغْنِيَ عَنْكُمْ فِئَتُكُمْ شَيْئًا وَلَوْ كَثُرَتْ وَأَنَّ اللَّهَ مَعَ الْمُؤْمِنِينَ, نصف الحزب (18),الجزء التاسع
21,يَا أَيُّهَا الَّذِينَ آمَنُوا أَطِيعُوا اللَّهَ وَرَسُولَهُ وَلَا تَوَلَّوْا عَنْهُ وَأَنْتُمْ تَسْمَعُونَ , نصف الحزب (18),الجزء التاسع
22,وَلَا تَكُونُوا كَالَّذِينَ قَالُوا سَمِعْنَا وَهُمْ لَا يَسْمَعُونَ , نصف الحزب (18),الجزء التاسع
23,۞ إِنَّ شَرَّ الدَّوَابِّ عِنْدَ اللَّهِ الصُّمُّ الْبُكْمُ الَّذِينَ لَا يَعْقِلُونَ, ثلاثة أرباع الحزب (18),الجزء التاسع
24,وَلَوْ عَلِمَ اللَّهُ فِيهِمْ خَيْرًا لَأَسْمَعَهُمْ ۖ وَلَوْ أَسْمَعَهُمْ لَتَوَلَّوْا وَهُمْ مُعْرِضُونَ, ثلاثة أرباع الحزب (18),الجزء التاسع
25,يَا أَيُّهَا الَّذِينَ آمَنُوا اسْتَجِيبُوا لِلَّهِ وَلِلرَّسُولِ إِذَا دَعَاكُمْ لِمَا يُحْيِيكُمْ ۖ وَاعْلَمُوا أَنَّ اللَّهَ يَحُولُ بَيْنَ الْمَرْءِ وَقَلْبِهِ وَأَنَّهُ إِلَيْهِ تُحْشَرُونَ, ثلاثة أرباع الحزب (18),الجزء التاسع
26,وَاتَّقُوا فِتْنَةً لَا تُصِيبَنَّ الَّذِينَ ظَلَمُوا مِنْكُمْ خَاصَّةً ۖ وَاعْلَمُوا أَنَّ اللَّهَ شَدِيدُ الْعِقَابِ, ثلاثة أرباع الحزب (18),الجزء التاسع
27,وَاذْكُرُوا إِذْ أَنْتُمْ قَلِيلٌ مُسْتَضْعَفُونَ فِي الْأَرْضِ تَخَافُونَ أَنْ يَتَخَطَّفَكُمُ النَّاسُ فَآوَاكُمْ وَأَيَّدَكُمْ بِنَصْرِهِ وَرَزَقَكُمْ مِنَ الطَّيِّبَاتِ لَعَلَّكُمْ تَشْكُرُونَ , ثلاثة أرباع الحزب (18),الجزء التاسع
28,يَا أَيُّهَا الَّذِينَ آمَنُوا لَا تَخُونُوا اللَّهَ وَالرَّسُولَ وَتَخُونُوا أَمَانَاتِكُمْ وَأَنْتُمْ تَعْلَمُونَ , ثلاثة أرباع الحزب (18),الجزء التاسع
29,۞ وَاعْلَمُوا أَنَّمَا أَمْوَالُكُمْ وَأَوْلَادُكُمْ فِتْنَةٌ وَأَنَّ اللَّهَ عِنْدَهُ أَجْرٌ عَظِيمٌ , ثلاثة أرباع الحزب (18),الجزء التاسع
30,يَا أَيُّهَا الَّذِينَ آمَنُوا إِنْ تَتَّقُوا اللَّهَ يَجْعَلْ لَكُمْ فُرْقَانًا وَيُكَفِّرْ عَنْكُمْ سَيِّئَاتِكُمْ وَيَغْفِرْ لَكُمْ ۗ وَاللَّهُ ذُو الْفَضْلِ الْعَظِيمِ , ثلاثة أرباع الحزب (18),الجزء التاسع
31,وَإِذْ يَمْكُرُ بِكَ الَّذِينَ كَفَرُوا لِيُثْبِتُوكَ أَوْ يَقْتُلُوكَ أَوْ يُخْرِجُوكَ ۚ وَيَمْكُرُونَ وَيَمْكُرُ اللَّهُ ۖ وَاللَّهُ خَيْرُ الْمَاكِرِينَ , ثلاثة أرباع الحزب (18),الجزء التاسع
32,وَإِذَا تُتْلَىٰ عَلَيْهِمْ آيَاتُنَا قَالُوا قَدْ سَمِعْنَا لَوْ نَشَاءُ لَقُلْنَا مِثْلَ هَٰذَا ۙ إِنْ هَٰذَا إِلَّا أَسَاطِيرُ الْأَوَّلِينَ , ثلاثة أرباع الحزب (18),الجزء التاسع
33,وَإِذْ قَالُوا اللَّهُمَّ إِنْ كَانَ هَٰذَا هُوَ الْحَقَّ مِنْ عِنْدِكَ فَأَمْطِرْ عَلَيْنَا حِجَارَةً مِنَ السَّمَاءِ أَوِ ائْتِنَا بِعَذَابٍ أَلِيمٍ , ثلاثة أرباع الحزب (18),الجزء التاسع
34,وَمَا كَانَ اللَّهُ لِيُعَذِّبَهُمْ وَأَنْتَ فِيهِمْ ۚ وَمَا كَانَ اللَّهُ مُعَذِّبَهُمْ وَهُمْ يَسْتَغْفِرُونَ , ثلاثة أرباع الحزب (18),الجزء التاسع
35,وَمَا لَهُمْ أَلَّا يُعَذِّبَهُمُ اللَّهُ وَهُمْ يَصُدُّونَ عَنِ الْمَسْجِدِ الْحَرَامِ وَمَا كَانُوا أَوْلِيَاءَهُ ۚ إِنْ أَوْلِيَاؤُهُ إِلَّا الْمُتَّقُونَ وَلَٰكِنَّ أَكْثَرَهُمْ لَا يَعْلَمُونَ, ثلاثة أرباع الحزب (18),الجزء التاسع
36,وَمَا كَانَ صَلَاتُهُمْ عِنْدَ الْبَيْتِ إِلَّا مُكَاءً وَتَصْدِيَةً ۚ فَذُوقُوا الْعَذَابَ بِمَا كُنْتُمْ تَكْفُرُونَ , ثلاثة أرباع الحزب (18),الجزء التاسع
37,إِنَّ الَّذِينَ كَفَرُوا يُنْفِقُونَ أَمْوَالَهُمْ لِيَصُدُّوا عَنْ سَبِيلِ اللَّهِ ۚ فَسَيُنْفِقُونَهَا ثُمَّ تَكُونُ عَلَيْهِمْ حَسْرَةً ثُمَّ يُغْلَبُونَ ۗ وَالَّذِينَ كَفَرُوا إِلَىٰ جَهَنَّمَ يُحْشَرُونَ , ثلاثة أرباع الحزب (18),الجزء التاسع
38,لِيَمِيزَ اللَّهُ الْخَبِيثَ مِنَ الطَّيِّبِ وَيَجْعَلَ الْخَبِيثَ بَعْضَهُ عَلَىٰ بَعْضٍ فَيَرْكُمَهُ جَمِيعًا فَيَجْعَلَهُ فِي جَهَنَّمَ ۚ أُولَٰئِكَ هُمُ الْخَاسِرُونَ , ثلاثة أرباع الحزب (18),الجزء التاسع
39,قُلْ لِلَّذِينَ كَفَرُوا إِنْ يَنْتَهُوا يُغْفَرْ لَهُمْ مَا قَدْ سَلَفَ وَإِنْ يَعُودُوا فَقَدْ مَضَتْ سُنَّتُ الْأَوَّلِينَ , ثلاثة أرباع الحزب (18),الجزء التاسع
40,وَقَاتِلُوهُمْ حَتَّىٰ لَا تَكُونَ فِتْنَةٌ وَيَكُونَ الدِّينُ كُلُّهُ لِلَّهِ ۚ فَإِنِ انْتَهَوْا فَإِنَّ اللَّهَ بِمَا يَعْمَلُونَ بَصِيرٌ, ثلاثة أرباع الحزب (18),الجزء التاسع
41,وَإِنْ تَوَلَّوْا فَاعْلَمُوا أَنَّ اللَّهَ مَوْلَاكُمْ ۚ نِعْمَ الْمَوْلَىٰ وَنِعْمَ النَّصِيرُ, ثلاثة أرباع الحزب (18),الجزء التاسع
42,۞ وَاعْلَمُوا أَنَّمَا غَنِمْتُمْ مِنْ شَيْءٍ فَأَنَّ لِلَّهِ خُمُسَهُ وَلِلرَّسُولِ وَلِذِي الْقُرْبَىٰ وَالْيَتَامَىٰ وَالْمَسَاكِينِ وَابْنِ السَّبِيلِ إِنْ كُنْتُمْ آمَنْتُمْ بِاللَّهِ وَمَا أَنْزَلْنَا عَلَىٰ عَبْدِنَا يَوْمَ الْفُرْقَانِ يَوْمَ الْتَقَى الْجَمْعَانِ ۗ وَاللَّهُ عَلَىٰ كُلِّ شَيْءٍ قَدِيرٌ , الحزب (19),الجزء العاشر
43,إِذْ أَنْتُمْ بِالْعُدْوَةِ الدُّنْيَا وَهُمْ بِالْعُدْوَةِ الْقُصْوَىٰ وَالرَّكْبُ أَسْفَلَ مِنْكُمْ ۚ وَلَوْ تَوَاعَدْتُمْ لَاخْتَلَفْتُمْ فِي الْمِيعَادِ ۙ وَلَٰكِنْ لِيَقْضِيَ اللَّهُ أَمْرًا كَانَ مَفْعُولًا لِيَهْلِكَ مَنْ هَلَكَ عَنْ بَيِّنَةٍ وَيَحْيَىٰ مَنْ حَيَّ عَنْ بَيِّنَةٍ ۗ وَإِنَّ اللَّهَ لَسَمِيعٌ عَلِيمٌ , الحزب (19),الجزء العاشر
44,إِذْ يُرِيكَهُمُ اللَّهُ فِي مَنَامِكَ قَلِيلًا ۖ وَلَوْ أَرَاكَهُمْ كَثِيرًا لَفَشِلْتُمْ وَلَتَنَازَعْتُمْ فِي الْأَمْرِ وَلَٰكِنَّ اللَّهَ سَلَّمَ ۗ إِنَّهُ عَلِيمٌ بِذَاتِ الصُّدُورِ , الحزب (19),الجزء العاشر
45,وَإِذْ يُرِيكُمُوهُمْ إِذِ الْتَقَيْتُمْ فِي أَعْيُنِكُمْ قَلِيلًا وَيُقَلِّلُكُمْ فِي أَعْيُنِهِمْ لِيَقْضِيَ اللَّهُ أَمْرًا كَانَ مَفْعُولًا ۗ وَإِلَى اللَّهِ تُرْجَعُ الْأُمُورُ, الحزب (19),الجزء العاشر
46,يَا أَيُّهَا الَّذِينَ آمَنُوا إِذَا لَقِيتُمْ فِئَةً فَاثْبُتُوا وَاذْكُرُوا اللَّهَ كَثِيرًا لَعَلَّكُمْ تُفْلِحُونَ, الحزب (19),الجزء العاشر
47,وَأَطِيعُوا اللَّهَ وَرَسُولَهُ وَلَا تَنَازَعُوا فَتَفْشَلُوا وَتَذْهَبَ رِيحُكُمْ ۖ وَاصْبِرُوا ۚ إِنَّ اللَّهَ مَعَ الصَّابِرِينَ , الحزب (19),الجزء العاشر
48,وَلَا تَكُونُوا كَالَّذِينَ خَرَجُوا مِنْ دِيَارِهِمْ بَطَرًا وَرِئَاءَ النَّاسِ وَيَصُدُّونَ عَنْ سَبِيلِ اللَّهِ ۚ وَاللَّهُ بِمَا يَعْمَلُونَ مُحِيطٌ, الحزب (19),الجزء العاشر
49,وَإِذْ زَيَّنَ لَهُمُ الشَّيْطَانُ أَعْمَالَهُمْ وَقَالَ لَا غَالِبَ لَكُمُ الْيَوْمَ مِنَ النَّاسِ وَإِنِّي جَارٌ لَكُمْ ۖ فَلَمَّا تَرَاءَتِ الْفِئَتَانِ نَكَصَ عَلَىٰ عَقِبَيْهِ وَقَالَ إِنِّي بَرِيءٌ مِنْكُمْ إِنِّي أَرَىٰ مَا لَا تَرَوْنَ إِنِّي أَخَافُ اللَّهَ ۚ وَاللَّهُ شَدِيدُ الْعِقَابِ, الحزب (19),الجزء العاشر
50,إِذْ يَقُولُ الْمُنَافِقُونَ وَالَّذِينَ فِي قُلُوبِهِمْ مَرَضٌ غَرَّ هَٰؤُلَاءِ دِينُهُمْ ۗ وَمَنْ يَتَوَكَّلْ عَلَى اللَّهِ فَإِنَّ اللَّهَ عَزِيزٌ حَكِيمٌ , الحزب (19),الجزء العاشر
51,وَلَوْ تَرَىٰ إِذْ يَتَوَفَّى الَّذِينَ كَفَرُوا ۙ الْمَلَائِكَةُ يَضْرِبُونَ وُجُوهَهُمْ وَأَدْبَارَهُمْ وَذُوقُوا عَذَابَ الْحَرِيقِ , الحزب (19),الجزء العاشر
52,ذَٰلِكَ بِمَا قَدَّمَتْ أَيْدِيكُمْ وَأَنَّ اللَّهَ لَيْسَ بِظَلَّامٍ لِلْعَبِيدِ, الحزب (19),الجزء العاشر
53,كَدَأْبِ آلِ فِرْعَوْنَ ۙ وَالَّذِينَ مِنْ قَبْلِهِمْ ۚ كَفَرُوا بِآيَاتِ اللَّهِ فَأَخَذَهُمُ اللَّهُ بِذُنُوبِهِمْ ۗ إِنَّ اللَّهَ قَوِيٌّ شَدِيدُ الْعِقَابِ , الحزب (19),الجزء العاشر
54,ذَٰلِكَ بِأَنَّ اللَّهَ لَمْ يَكُ مُغَيِّرًا نِعْمَةً أَنْعَمَهَا عَلَىٰ قَوْمٍ حَتَّىٰ يُغَيِّرُوا مَا بِأَنْفُسِهِمْ ۙ وَأَنَّ اللَّهَ سَمِيعٌ عَلِيمٌ , الحزب (19),الجزء العاشر
55,كَدَأْبِ آلِ فِرْعَوْنَ ۙ وَالَّذِينَ مِنْ قَبْلِهِمْ ۚ كَذَّبُوا بِآيَاتِ رَبِّهِمْ فَأَهْلَكْنَاهُمْ بِذُنُوبِهِمْ وَأَغْرَقْنَا آلَ فِرْعَوْنَ ۚ وَكُلٌّ كَانُوا ظَالِمِينَ, الحزب (19),الجزء العاشر
56,إِنَّ شَرَّ الدَّوَابِّ عِنْدَ اللَّهِ الَّذِينَ كَفَرُوا فَهُمْ لَا يُؤْمِنُونَ , الحزب (19),الجزء العاشر
57,الَّذِينَ عَاهَدْتَ مِنْهُمْ ثُمَّ يَنْقُضُونَ عَهْدَهُمْ فِي كُلِّ مَرَّةٍ وَهُمْ لَا يَتَّقُونَ, الحزب (19),الجزء العاشر
58,فَإِمَّا تَثْقَفَنَّهُمْ فِي الْحَرْبِ فَشَرِّدْ بِهِمْ مَنْ خَلْفَهُمْ لَعَلَّهُمْ يَذَّكَّرُونَ, الحزب (19),الجزء العاشر
59,وَإِمَّا تَخَافَنَّ مِنْ قَوْمٍ خِيَانَةً فَانْبِذْ إِلَيْهِمْ عَلَىٰ سَوَاءٍ ۚ إِنَّ اللَّهَ لَا يُحِبُّ الْخَائِنِينَ, الحزب (19),الجزء العاشر
60,وَلَا يَحْسَبَنَّ الَّذِينَ كَفَرُوا سَبَقُوا ۚ إِنَّهُمْ لَا يُعْجِزُونَ, الحزب (19),الجزء العاشر
61,وَأَعِدُّوا لَهُمْ مَا اسْتَطَعْتُمْ مِنْ قُوَّةٍ وَمِنْ رِبَاطِ الْخَيْلِ تُرْهِبُونَ بِهِ عَدُوَّ اللَّهِ وَعَدُوَّكُمْ وَآخَرِينَ مِنْ دُونِهِمْ لَا تَعْلَمُونَهُمُ اللَّهُ يَعْلَمُهُمْ ۚ وَمَا تُنْفِقُوا مِنْ شَيْءٍ فِي سَبِيلِ اللَّهِ يُوَفَّ إِلَيْكُمْ وَأَنْتُمْ لَا تُظْلَمُونَ, الحزب (19),الجزء العاشر
62,۞ وَإِنْ جَنَحُوا لِلسَّلْمِ فَاجْنَحْ لَهَا وَتَوَكَّلْ عَلَى اللَّهِ ۚ إِنَّهُ هُوَ السَّمِيعُ الْعَلِيمُ , ربع الحزب (19),الجزء العاشر
63,وَإِنْ يُرِيدُوا أَنْ يَخْدَعُوكَ فَإِنَّ حَسْبَكَ اللَّهُ ۚ هُوَ الَّذِي أَيَّدَكَ بِنَصْرِهِ وَبِالْمُؤْمِنِينَ, ربع الحزب (19),الجزء العاشر
64,وَأَلَّفَ بَيْنَ قُلُوبِهِمْ ۚ لَوْ أَنْفَقْتَ مَا فِي الْأَرْضِ جَمِيعًا مَا أَلَّفْتَ بَيْنَ قُلُوبِهِمْ وَلَٰكِنَّ اللَّهَ أَلَّفَ بَيْنَهُمْ ۚ إِنَّهُ عَزِيزٌ حَكِيمٌ , ربع الحزب (19),الجزء العاشر
65,يَا أَيُّهَا النَّبِيُّ حَسْبُكَ اللَّهُ وَمَنِ اتَّبَعَكَ مِنَ الْمُؤْمِنِينَ , ربع الحزب (19),الجزء العاشر
66,يَا أَيُّهَا النَّبِيُّ حَرِّضِ الْمُؤْمِنِينَ عَلَى الْقِتَالِ ۚ إِنْ يَكُنْ مِنْكُمْ عِشْرُونَ صَابِرُونَ يَغْلِبُوا مِائَتَيْنِ ۚ وَإِنْ يَكُنْ مِنْكُمْ مِائَةٌ يَغْلِبُوا أَلْفًا مِنَ الَّذِينَ كَفَرُوا بِأَنَّهُمْ قَوْمٌ لَا يَفْقَهُونَ , ربع الحزب (19),الجزء العاشر
67,الْآنَ خَفَّفَ اللَّهُ عَنْكُمْ وَعَلِمَ أَنَّ فِيكُمْ ضَعْفًا ۚ فَإِنْ يَكُنْ مِنْكُمْ مِائَةٌ صَابِرَةٌ يَغْلِبُوا مِائَتَيْنِ ۚ وَإِنْ يَكُنْ مِنْكُمْ أَلْفٌ يَغْلِبُوا أَلْفَيْنِ بِإِذْنِ اللَّهِ ۗ وَاللَّهُ مَعَ الصَّابِرِينَ, ربع الحزب (19),الجزء العاشر
68,مَا كَانَ لِنَبِيٍّ أَنْ يَكُونَ لَهُ أَسْرَىٰ حَتَّىٰ يُثْخِنَ فِي الْأَرْضِ ۚ تُرِيدُونَ عَرَضَ الدُّنْيَا وَاللَّهُ يُرِيدُ الْآخِرَةَ ۗ وَاللَّهُ عَزِيزٌ حَكِيمٌ , ربع الحزب (19),الجزء العاشر
69,لَوْلَا كِتَابٌ مِنَ اللَّهِ سَبَقَ لَمَسَّكُمْ فِيمَا أَخَذْتُمْ عَذَابٌ عَظِيمٌ , ربع الحزب (19),الجزء العاشر
70,فَكُلُوا مِمَّا غَنِمْتُمْ حَلَالًا طَيِّبًا ۚ وَاتَّقُوا اللَّهَ ۚ إِنَّ اللَّهَ غَفُورٌ رَحِيمٌ , ربع الحزب (19),الجزء العاشر
71,يَا أَيُّهَا النَّبِيُّ قُلْ لِمَنْ فِي أَيْدِيكُمْ مِنَ الْأَسْرَىٰ إِنْ يَعْلَمِ اللَّهُ فِي قُلُوبِكُمْ خَيْرًا يُؤْتِكُمْ خَيْرًا مِمَّا أُخِذَ مِنْكُمْ وَيَغْفِرْ لَكُمْ ۗ وَاللَّهُ غَفُورٌ رَحِيمٌ , ربع الحزب (19),الجزء العاشر
72,وَإِنْ يُرِيدُوا خِيَانَتَكَ فَقَدْ خَانُوا اللَّهَ مِنْ قَبْلُ فَأَمْكَنَ مِنْهُمْ ۗ وَاللَّهُ عَلِيمٌ حَكِيمٌ , ربع الحزب (19),الجزء العاشر
73,إِنَّ الَّذِينَ آمَنُوا وَهَاجَرُوا وَجَاهَدُوا بِأَمْوَالِهِمْ وَأَنْفُسِهِمْ فِي سَبِيلِ اللَّهِ وَالَّذِينَ آوَوْا وَنَصَرُوا أُولَٰئِكَ بَعْضُهُمْ أَوْلِيَاءُ بَعْضٍ ۚ وَالَّذِينَ آمَنُوا وَلَمْ يُهَاجِرُوا مَا لَكُمْ مِنْ وَلَايَتِهِمْ مِنْ شَيْءٍ حَتَّىٰ يُهَاجِرُوا ۚ وَإِنِ اسْتَنْصَرُوكُمْ فِي الدِّينِ فَعَلَيْكُمُ النَّصْرُ إِلَّا عَلَىٰ قَوْمٍ بَيْنَكُمْ وَبَيْنَهُمْ مِيثَاقٌ ۗ وَاللَّهُ بِمَا تَعْمَلُونَ بَصِيرٌ , ربع الحزب (19),الجزء العاشر
74,وَالَّذِينَ كَفَرُوا بَعْضُهُمْ أَوْلِيَاءُ بَعْضٍ ۚ إِلَّا تَفْعَلُوهُ تَكُنْ فِتْنَةٌ فِي الْأَرْضِ وَفَسَادٌ كَبِيرٌ, ربع الحزب (19),الجزء العاشر
75,وَالَّذِينَ آمَنُوا وَهَاجَرُوا وَجَاهَدُوا فِي سَبِيلِ اللَّهِ وَالَّذِينَ آوَوْا وَنَصَرُوا أُولَٰئِكَ هُمُ الْمُؤْمِنُونَ حَقًّا ۚ لَهُمْ مَغْفِرَةٌ وَرِزْقٌ كَرِيمٌ, ربع الحزب (19),الجزء العاشر
76,وَالَّذِينَ آمَنُوا مِنْ بَعْدُ وَهَاجَرُوا وَجَاهَدُوا مَعَكُمْ فَأُولَٰئِكَ مِنْكُمْ ۚ وَأُولُو الْأَرْحَامِ بَعْضُهُمْ أَوْلَىٰ بِبَعْضٍ فِي كِتَابِ اللَّهِ ۗ إِنَّ اللَّهَ بِكُلِّ شَيْءٍ عَلِيمٌ, ربع الحزب (19),الجزء العاشر
