﻿1,بسْمِ اللَّهِ الرَّحْمَنِ الرَّحِيمِ , ربع الحزب (59),الجزء الثلاثون
2,۞ عَبَسَ وَتَوَلَّى , ربع الحزب (59),الجزء الثلاثون
3,أَن جَاءهُ الْأَعْمَى , ربع الحزب (59),الجزء الثلاثون
4,وَمَا يُدْرِيكَ لَعَلَّهُ يَزَّكَّى , ربع الحزب (59),الجزء الثلاثون
5,أَوْ يَذَّكَّرُ فَتَنفَعَهُ الذِّكْرَى , ربع الحزب (59),الجزء الثلاثون
6,أَمَّا مَنِ اسْتَغْنَى , ربع الحزب (59),الجزء الثلاثون
7,فَأَنتَ لَهُ تَصَدَّى , ربع الحزب (59),الجزء الثلاثون
8,وَمَا عَلَيْكَ أَلَّا يَزَّكَّى , ربع الحزب (59),الجزء الثلاثون
9,وَأَمَّا مَن جَاءكَ يَسْعَى , ربع الحزب (59),الجزء الثلاثون
10,وَهُوَ يَخْشَى , ربع الحزب (59),الجزء الثلاثون
11,فَأَنتَ عَنْهُ تَلَهَّى , ربع الحزب (59),الجزء الثلاثون
12,كَلَّا إِنَّهَا تَذْكِرَةٌ , ربع الحزب (59),الجزء الثلاثون
13,فَمَن شَاء ذَكَرَهُ , ربع الحزب (59),الجزء الثلاثون
14,فِي صُحُفٍ مُّكَرَّمَةٍ , ربع الحزب (59),الجزء الثلاثون
15,مَّرْفُوعَةٍ مُّطَهَّرَةٍ , ربع الحزب (59),الجزء الثلاثون
16,بِأَيْدِي سَفَرَةٍ , ربع الحزب (59),الجزء الثلاثون
17,كِرَامٍ بَرَرَةٍ , ربع الحزب (59),الجزء الثلاثون
18,قُتِلَ الْإِنسَانُ مَا أَكْفَرَهُ , ربع الحزب (59),الجزء الثلاثون
19,مِنْ أَيِّ شَيْءٍ خَلَقَهُ , ربع الحزب (59),الجزء الثلاثون
20,مِن نُّطْفَةٍ خَلَقَهُ فَقَدَّرَهُ , ربع الحزب (59),الجزء الثلاثون
21,ثُمَّ السَّبِيلَ يَسَّرَهُ , ربع الحزب (59),الجزء الثلاثون
22,ثُمَّ أَمَاتَهُ فَأَقْبَرَهُ , ربع الحزب (59),الجزء الثلاثون
23,ثُمَّ إِذَا شَاء أَنشَرَهُ , ربع الحزب (59),الجزء الثلاثون
24,كَلَّا لَمَّا يَقْضِ مَا أَمَرَهُ , ربع الحزب (59),الجزء الثلاثون
25,فَلْيَنظُرِ الْإِنسَانُ إِلَى طَعَامِهِ , ربع الحزب (59),الجزء الثلاثون
26,أَنَّا صَبَبْنَا الْمَاء صَبًّا , ربع الحزب (59),الجزء الثلاثون
27,ثُمَّ شَقَقْنَا الْأَرْضَ شَقًّا , ربع الحزب (59),الجزء الثلاثون
28,فَأَنبَتْنَا فِيهَا حَبًّا , ربع الحزب (59),الجزء الثلاثون
29,وَعِنَبًا وَقَضْبًا , ربع الحزب (59),الجزء الثلاثون
30,وَزَيْتُونًا وَنَخْلًا , ربع الحزب (59),الجزء الثلاثون
31,وَحَدَائِقَ غُلْبًا , ربع الحزب (59),الجزء الثلاثون
32,وَفَاكِهَةً وَأَبًّا , ربع الحزب (59),الجزء الثلاثون
33,مَّتَاعًا لَّكُمْ وَلِأَنْعَامِكُمْ , ربع الحزب (59),الجزء الثلاثون
34,فَإِذَا جَاءتِ الصَّاخَّةُ , ربع الحزب (59),الجزء الثلاثون
35,يَوْمَ يَفِرُّ الْمَرْءُ مِنْ أَخِيهِ , ربع الحزب (59),الجزء الثلاثون
36,وَأُمِّهِ وَأَبِيهِ , ربع الحزب (59),الجزء الثلاثون
37,وَصَاحِبَتِهِ وَبَنِيهِ , ربع الحزب (59),الجزء الثلاثون
38,لِكُلِّ امْرِئٍ مِّنْهُمْ يَوْمَئِذٍ شَأْنٌ يُغْنِيهِ , ربع الحزب (59),الجزء الثلاثون
39,وُجُوهٌ يَوْمَئِذٍ مُّسْفِرَةٌ , ربع الحزب (59),الجزء الثلاثون
40,ضَاحِكَةٌ مُّسْتَبْشِرَةٌ , ربع الحزب (59),الجزء الثلاثون
41,وَوُجُوهٌ يَوْمَئِذٍ عَلَيْهَا غَبَرَةٌ , ربع الحزب (59),الجزء الثلاثون
42,تَرْهَقُهَا قَتَرَةٌ , ربع الحزب (59),الجزء الثلاثون
43,أُوْلَئِكَ هُمُ الْكَفَرَةُ الْفَجَرَةُ , ربع الحزب (59),الجزء الثلاثون
