﻿1,بِسْمِ اللَّهِ الرَّحْمَنِ الرَّحِيم, ربع الحزب (59),الجزء الثلاثون
2,إِذَا الشَّمْسُ كُوِّرَتْ , ربع الحزب (59),الجزء الثلاثون
3,وَإِذَا النُّجُومُ انْكَدَرَتْ , ربع الحزب (59),الجزء الثلاثون
4,وَإِذَا الْجِبَالُ سُيِّرَتْ , ربع الحزب (59),الجزء الثلاثون
5,وَإِذَا الْعِشَارُ عُطِّلَتْ , ربع الحزب (59),الجزء الثلاثون
6,وَإِذَا الْوُحُوشُ حُشِرَتْ , ربع الحزب (59),الجزء الثلاثون
7,وَإِذَا الْبِحَارُ سُجِّرَتْ, ربع الحزب (59),الجزء الثلاثون
8,وَإِذَا النُّفُوسُ زُوِّجَتْ , ربع الحزب (59),الجزء الثلاثون
9,وَإِذَا الْمَوْءُودَةُ سُئِلَتْ , ربع الحزب (59),الجزء الثلاثون
10,بِأَيِّ ذَنْبٍ قُتِلَتْ , ربع الحزب (59),الجزء الثلاثون
11,وَإِذَا الصُّحُفُ نُشِرَتْ, ربع الحزب (59),الجزء الثلاثون
12,وَإِذَا السَّمَاءُ كُشِطَتْ , ربع الحزب (59),الجزء الثلاثون
13,وَإِذَا الْجَحِيمُ سُعِّرَتْ , ربع الحزب (59),الجزء الثلاثون
14,وَإِذَا الْجَنَّةُ أُزْلِفَتْ , ربع الحزب (59),الجزء الثلاثون
15,عَلِمَتْ نَفْسٌ مَا أَحْضَرَتْ , ربع الحزب (59),الجزء الثلاثون
16,فَلَا أُقْسِمُ بِالْخُنَّسِ , ربع الحزب (59),الجزء الثلاثون
17,الْجَوَارِ الْكُنَّسِ, ربع الحزب (59),الجزء الثلاثون
18,وَاللَّيْلِ إِذَا عَسْعَسَ , ربع الحزب (59),الجزء الثلاثون
19,وَالصُّبْحِ إِذَا تَنَفَّسَ , ربع الحزب (59),الجزء الثلاثون
20,إِنَّهُ لَقَوْلُ رَسُولٍ كَرِيمٍ , ربع الحزب (59),الجزء الثلاثون
21,ذِي قُوَّةٍ عِنْدَ ذِي الْعَرْشِ مَكِينٍ, ربع الحزب (59),الجزء الثلاثون
22,مُطَاعٍ ثَمَّ أَمِينٍ, ربع الحزب (59),الجزء الثلاثون
23,وَمَا صَاحِبُكُمْ بِمَجْنُونٍ , ربع الحزب (59),الجزء الثلاثون
24,وَلَقَدْ رَآهُ بِالْأُفُقِ الْمُبِينِ , ربع الحزب (59),الجزء الثلاثون
25,وَمَا هُوَ عَلَى الْغَيْبِ بِضَنِينٍ , ربع الحزب (59),الجزء الثلاثون
26,وَمَا هُوَ بِقَوْلِ شَيْطَانٍ رَجِيمٍ, ربع الحزب (59),الجزء الثلاثون
27,فَأَيْنَ تَذْهَبُونَ , ربع الحزب (59),الجزء الثلاثون
28,إِنْ هُوَ إِلَّا ذِكْرٌ لِلْعَالَمِينَ , ربع الحزب (59),الجزء الثلاثون
29,لِمَنْ شَاءَ مِنْكُمْ أَنْ يَسْتَقِيمَ , ربع الحزب (59),الجزء الثلاثون
30,وَمَا تَشَاءُونَ إِلَّا أَنْ يَشَاءَ اللَّهُ رَبُّ الْعَالَمِينَ, ربع الحزب (59),الجزء الثلاثون
