﻿1,بِسْمِ اللَّهِ الرَّحْمَنِ الرَّحِيم, نصف الحزب (59),الجزء الثلاثون
2,۞ إِذَا السَّمَاءُ انْفَطَرَتْ , نصف الحزب (59),الجزء الثلاثون
3,وَإِذَا الْكَوَاكِبُ انْتَثَرَتْ , نصف الحزب (59),الجزء الثلاثون
4,وَإِذَا الْبِحَارُ فُجِّرَتْ , نصف الحزب (59),الجزء الثلاثون
5,وَإِذَا الْقُبُورُ بُعْثِرَتْ, نصف الحزب (59),الجزء الثلاثون
6,عَلِمَتْ نَفْسٌ مَا قَدَّمَتْ وَأَخَّرَتْ , نصف الحزب (59),الجزء الثلاثون
7,يَا أَيُّهَا الْإِنْسَانُ مَا غَرَّكَ بِرَبِّكَ الْكَرِيمِ , نصف الحزب (59),الجزء الثلاثون
8,الَّذِي خَلَقَكَ فَسَوَّاكَ فَعَدَلَكَ, نصف الحزب (59),الجزء الثلاثون
9,فِي أَيِّ صُورَةٍ مَا شَاءَ رَكَّبَكَ, نصف الحزب (59),الجزء الثلاثون
10,كَلَّا بَلْ تُكَذِّبُونَ بِالدِّينِ , نصف الحزب (59),الجزء الثلاثون
11,وَإِنَّ عَلَيْكُمْ لَحَافِظِينَ , نصف الحزب (59),الجزء الثلاثون
12,كِرَامًا كَاتِبِينَ , نصف الحزب (59),الجزء الثلاثون
13,يَعْلَمُونَ مَا تَفْعَلُونَ , نصف الحزب (59),الجزء الثلاثون
14,إِنَّ الْأَبْرَارَ لَفِي نَعِيمٍ , نصف الحزب (59),الجزء الثلاثون
15,وَإِنَّ الْفُجَّارَ لَفِي جَحِيمٍ , نصف الحزب (59),الجزء الثلاثون
16,يَصْلَوْنَهَا يَوْمَ الدِّينِ , نصف الحزب (59),الجزء الثلاثون
17,وَمَا هُمْ عَنْهَا بِغَائِبِينَ , نصف الحزب (59),الجزء الثلاثون
18,وَمَا أَدْرَاكَ مَا يَوْمُ الدِّينِ, نصف الحزب (59),الجزء الثلاثون
19,ثُمَّ مَا أَدْرَاكَ مَا يَوْمُ الدِّينِ , نصف الحزب (59),الجزء الثلاثون
20,يَوْمَ لَا تَمْلِكُ نَفْسٌ لِنَفْسٍ شَيْئًا ۖ وَالْأَمْرُ يَوْمَئِذٍ لِلَّهِ, نصف الحزب (59),الجزء الثلاثون
