﻿1,بسْمِ اللَّهِ الرَّحْمَنِ الرَّحِيمِ , نصف الحزب (59),الجزء الثلاثون
2,وَيْلٌ لِّلْمُطَفِّفِينَ , نصف الحزب (59),الجزء الثلاثون
3,الَّذِينَ إِذَا اكْتَالُواْ عَلَى النَّاسِ يَسْتَوْفُونَ , نصف الحزب (59),الجزء الثلاثون
4,وَإِذَا كَالُوهُمْ أَو وَّزَنُوهُمْ يُخْسِرُونَ , نصف الحزب (59),الجزء الثلاثون
5,أَلَا يَظُنُّ أُولَئِكَ أَنَّهُم مَّبْعُوثُونَ , نصف الحزب (59),الجزء الثلاثون
6,لِيَوْمٍ عَظِيمٍ , نصف الحزب (59),الجزء الثلاثون
7,يَوْمَ يَقُومُ النَّاسُ لِرَبِّ الْعَالَمِينَ , نصف الحزب (59),الجزء الثلاثون
8,كَلَّا إِنَّ كِتَابَ الفُجَّارِ لَفِي سِجِّينٍ , نصف الحزب (59),الجزء الثلاثون
9,وَمَا أَدْرَاكَ مَا سِجِّينٌ , نصف الحزب (59),الجزء الثلاثون
10,كِتَابٌ مَّرْقُومٌ , نصف الحزب (59),الجزء الثلاثون
11,وَيْلٌ يَوْمَئِذٍ لِّلْمُكَذِّبِينَ , نصف الحزب (59),الجزء الثلاثون
12,الَّذِينَ يُكَذِّبُونَ بِيَوْمِ الدِّينِ , نصف الحزب (59),الجزء الثلاثون
13,وَمَا يُكَذِّبُ بِهِ إِلَّا كُلُّ مُعْتَدٍ أَثِيمٍ , نصف الحزب (59),الجزء الثلاثون
14,إِذَا تُتْلَى عَلَيْهِ آيَاتُنَا قَالَ أَسَاطِيرُ الْأَوَّلِينَ , نصف الحزب (59),الجزء الثلاثون
15,كَلَّا بَلْ رَانَ عَلَى قُلُوبِهِم مَّا كَانُوا يَكْسِبُونَ , نصف الحزب (59),الجزء الثلاثون
16,كَلَّا إِنَّهُمْ عَن رَّبِّهِمْ يَوْمَئِذٍ لَّمَحْجُوبُونَ , نصف الحزب (59),الجزء الثلاثون
17,ثُمَّ إِنَّهُمْ لَصَالُوا الْجَحِيمِ , نصف الحزب (59),الجزء الثلاثون
18,ثُمَّ يُقَالُ هَذَا الَّذِي كُنتُم بِهِ تُكَذِّبُونَ , نصف الحزب (59),الجزء الثلاثون
19,كَلَّا إِنَّ كِتَابَ الْأَبْرَارِ لَفِي عِلِّيِّينَ , نصف الحزب (59),الجزء الثلاثون
20,وَمَا أَدْرَاكَ مَا عِلِّيُّونَ , نصف الحزب (59),الجزء الثلاثون
21,كِتَابٌ مَّرْقُومٌ , نصف الحزب (59),الجزء الثلاثون
22,يَشْهَدُهُ الْمُقَرَّبُونَ , نصف الحزب (59),الجزء الثلاثون
23,إِنَّ الْأَبْرَارَ لَفِي نَعِيمٍ , نصف الحزب (59),الجزء الثلاثون
24,عَلَى الْأَرَائِكِ يَنظُرُونَ , نصف الحزب (59),الجزء الثلاثون
25,تَعْرِفُ فِي وُجُوهِهِمْ نَضْرَةَ النَّعِيمِ , نصف الحزب (59),الجزء الثلاثون
26,يُسْقَوْنَ مِن رَّحِيقٍ مَّخْتُومٍ , نصف الحزب (59),الجزء الثلاثون
27,خِتَامُهُ مِسْكٌ وَفِي ذَلِكَ فَلْيَتَنَافَسِ الْمُتَنَافِسُونَ , نصف الحزب (59),الجزء الثلاثون
28,وَمِزَاجُهُ مِن تَسْنِيمٍ , نصف الحزب (59),الجزء الثلاثون
29,عَيْنًا يَشْرَبُ بِهَا الْمُقَرَّبُونَ , نصف الحزب (59),الجزء الثلاثون
30,إِنَّ الَّذِينَ أَجْرَمُوا كَانُواْ مِنَ الَّذِينَ آمَنُوا يَضْحَكُونَ , نصف الحزب (59),الجزء الثلاثون
31,وَإِذَا مَرُّواْ بِهِمْ يَتَغَامَزُونَ , نصف الحزب (59),الجزء الثلاثون
32,وَإِذَا انقَلَبُواْ إِلَى أَهْلِهِمُ انقَلَبُواْ فَكِهِينَ , نصف الحزب (59),الجزء الثلاثون
33,وَإِذَا رَأَوْهُمْ قَالُوا إِنَّ هَؤُلَاء لَضَالُّونَ , نصف الحزب (59),الجزء الثلاثون
34,وَمَا أُرْسِلُوا عَلَيْهِمْ حَافِظِينَ , نصف الحزب (59),الجزء الثلاثون
35,فَالْيَوْمَ الَّذِينَ آمَنُواْ مِنَ الْكُفَّارِ يَضْحَكُونَ , نصف الحزب (59),الجزء الثلاثون
36,عَلَى الْأَرَائِكِ يَنظُرُونَ , نصف الحزب (59),الجزء الثلاثون
37,هَلْ ثُوِّبَ الْكُفَّارُ مَا كَانُوا يَفْعَلُونَ , نصف الحزب (59),الجزء الثلاثون
