﻿1,بِسْمِ اللَّهِ الرَّحْمَنِ الرَّحِيم, ثلاثة أرباع الحزب (59),الجزء الثلاثون
2,إِذَا السَّمَاءُ انْشَقَّتْ ۞ , ثلاثة أرباع الحزب (59),الجزء الثلاثون
3,وَأَذِنَتْ لِرَبِّهَا وَحُقَّتْ , ثلاثة أرباع الحزب (59),الجزء الثلاثون
4,وَإِذَا الْأَرْضُ مُدَّتْ, ثلاثة أرباع الحزب (59),الجزء الثلاثون
5,وَأَلْقَتْ مَا فِيهَا وَتَخَلَّتْ , ثلاثة أرباع الحزب (59),الجزء الثلاثون
6,وَأَذِنَتْ لِرَبِّهَا وَحُقَّتْ, ثلاثة أرباع الحزب (59),الجزء الثلاثون
7,يَا أَيُّهَا الْإِنْسَانُ إِنَّكَ كَادِحٌ إِلَىٰ رَبِّكَ كَدْحًا فَمُلَاقِيهِ , ثلاثة أرباع الحزب (59),الجزء الثلاثون
8,فَأَمَّا مَنْ أُوتِيَ كِتَابَهُ بِيَمِينِهِ , ثلاثة أرباع الحزب (59),الجزء الثلاثون
9,فَسَوْفَ يُحَاسَبُ حِسَابًا يَسِيرًا, ثلاثة أرباع الحزب (59),الجزء الثلاثون
10,وَيَنْقَلِبُ إِلَىٰ أَهْلِهِ مَسْرُورًا , ثلاثة أرباع الحزب (59),الجزء الثلاثون
11,وَأَمَّا مَنْ أُوتِيَ كِتَابَهُ وَرَاءَ ظَهْرِهِ , ثلاثة أرباع الحزب (59),الجزء الثلاثون
12,فَسَوْفَ يَدْعُو ثُبُورًا, ثلاثة أرباع الحزب (59),الجزء الثلاثون
13,وَيَصْلَىٰ سَعِيرًا , ثلاثة أرباع الحزب (59),الجزء الثلاثون
14,إِنَّهُ كَانَ فِي أَهْلِهِ مَسْرُورًا , ثلاثة أرباع الحزب (59),الجزء الثلاثون
15,إِنَّهُ ظَنَّ أَنْ لَنْ يَحُورَ, ثلاثة أرباع الحزب (59),الجزء الثلاثون
16,بَلَىٰ إِنَّ رَبَّهُ كَانَ بِهِ بَصِيرًا , ثلاثة أرباع الحزب (59),الجزء الثلاثون
17,فَلَا أُقْسِمُ بِالشَّفَقِ , ثلاثة أرباع الحزب (59),الجزء الثلاثون
18,وَاللَّيْلِ وَمَا وَسَقَ , ثلاثة أرباع الحزب (59),الجزء الثلاثون
19,وَالْقَمَرِ إِذَا اتَّسَقَ , ثلاثة أرباع الحزب (59),الجزء الثلاثون
20,لَتَرْكَبُنَّ طَبَقًا عَنْ طَبَقٍ , ثلاثة أرباع الحزب (59),الجزء الثلاثون
21,فَمَا لَهُمْ لَا يُؤْمِنُونَ , ثلاثة أرباع الحزب (59),الجزء الثلاثون
22,وَإِذَا قُرِئَ عَلَيْهِمُ الْقُرْآنُ لَا يَسْجُدُونَ ۩, ثلاثة أرباع الحزب (59),الجزء الثلاثون
23,بَلِ الَّذِينَ كَفَرُوا يُكَذِّبُونَ , ثلاثة أرباع الحزب (59),الجزء الثلاثون
24,وَاللَّهُ أَعْلَمُ بِمَا يُوعُونَ , ثلاثة أرباع الحزب (59),الجزء الثلاثون
25,فَبَشِّرْهُمْ بِعَذَابٍ أَلِيمٍ , ثلاثة أرباع الحزب (59),الجزء الثلاثون
26,إِلَّا الَّذِينَ آمَنُوا وَعَمِلُوا الصَّالِحَاتِ لَهُمْ أَجْرٌ غَيْرُ مَمْنُونٍ, ثلاثة أرباع الحزب (59),الجزء الثلاثون
