﻿1,بسْمِ اللَّهِ الرَّحْمَنِ الرَّحِيمِ , ثلاثة أرباع الحزب (59),الجزء الثلاثون
2,وَالسَّمَاء ذَاتِ الْبُرُوجِ , ثلاثة أرباع الحزب (59),الجزء الثلاثون
3,وَالْيَوْمِ الْمَوْعُودِ , ثلاثة أرباع الحزب (59),الجزء الثلاثون
4,وَشَاهِدٍ وَمَشْهُودٍ , ثلاثة أرباع الحزب (59),الجزء الثلاثون
5,قُتِلَ أَصْحَابُ الْأُخْدُودِ , ثلاثة أرباع الحزب (59),الجزء الثلاثون
6,النَّارِ ذَاتِ الْوَقُودِ , ثلاثة أرباع الحزب (59),الجزء الثلاثون
7,إِذْ هُمْ عَلَيْهَا قُعُودٌ , ثلاثة أرباع الحزب (59),الجزء الثلاثون
8,وَهُمْ عَلَى مَا يَفْعَلُونَ بِالْمُؤْمِنِينَ شُهُودٌ , ثلاثة أرباع الحزب (59),الجزء الثلاثون
9,وَمَا نَقَمُوا مِنْهُمْ إِلَّا أَن يُؤْمِنُوا بِاللَّهِ الْعَزِيزِ الْحَمِيدِ , ثلاثة أرباع الحزب (59),الجزء الثلاثون
10,الَّذِي لَهُ مُلْكُ السَّمَاوَاتِ وَالْأَرْضِ وَاللَّهُ عَلَى كُلِّ شَيْءٍ شَهِيدٌ , ثلاثة أرباع الحزب (59),الجزء الثلاثون
11,إِنَّ الَّذِينَ فَتَنُوا الْمُؤْمِنِينَ وَالْمُؤْمِنَاتِ ثُمَّ لَمْ يَتُوبُوا فَلَهُمْ عَذَابُ جَهَنَّمَ وَلَهُمْ عَذَابُ الْحَرِيقِ , ثلاثة أرباع الحزب (59),الجزء الثلاثون
12,إِنَّ الَّذِينَ آمَنُوا وَعَمِلُوا الصَّالِحَاتِ لَهُمْ جَنَّاتٌ تَجْرِي مِن تَحْتِهَا الْأَنْهَارُ ذَلِكَ الْفَوْزُ الْكَبِيرُ , ثلاثة أرباع الحزب (59),الجزء الثلاثون
13,إِنَّ بَطْشَ رَبِّكَ لَشَدِيدٌ , ثلاثة أرباع الحزب (59),الجزء الثلاثون
14,إِنَّهُ هُوَ يُبْدِئُ وَيُعِيدُ , ثلاثة أرباع الحزب (59),الجزء الثلاثون
15,وَهُوَ الْغَفُورُ الْوَدُودُ , ثلاثة أرباع الحزب (59),الجزء الثلاثون
16,ذُو الْعَرْشِ الْمَجِيدُ , ثلاثة أرباع الحزب (59),الجزء الثلاثون
17,فَعَّالٌ لِّمَا يُرِيدُ , ثلاثة أرباع الحزب (59),الجزء الثلاثون
18,هَلْ أَتَاكَ حَدِيثُ الْجُنُودِ , ثلاثة أرباع الحزب (59),الجزء الثلاثون
19,فِرْعَوْنَ وَثَمُودَ , ثلاثة أرباع الحزب (59),الجزء الثلاثون
20,بَلِ الَّذِينَ كَفَرُوا فِي تَكْذِيبٍ , ثلاثة أرباع الحزب (59),الجزء الثلاثون
21,وَاللَّهُ مِن وَرَائِهِم مُّحِيطٌ , ثلاثة أرباع الحزب (59),الجزء الثلاثون
22,بَلْ هُوَ قُرْآنٌ مَّجِيدٌ , ثلاثة أرباع الحزب (59),الجزء الثلاثون
23,فِي لَوْحٍ مَّحْفُوظٍ , ثلاثة أرباع الحزب (59),الجزء الثلاثون
