﻿1,بِسْمِ اللَّهِ الرَّحْمَنِ الرَّحِيم, ثلاثة أرباع الحزب (59),الجزء الثلاثون
2,وَالسَّمَاءِ وَالطَّارِقِ , ثلاثة أرباع الحزب (59),الجزء الثلاثون
3,وَمَا أَدْرَاكَ مَا الطَّارِقُ, ثلاثة أرباع الحزب (59),الجزء الثلاثون
4,النَّجْمُ الثَّاقِبُ, ثلاثة أرباع الحزب (59),الجزء الثلاثون
5,إِنْ كُلُّ نَفْسٍ لَمَّا عَلَيْهَا حَافِظٌ, ثلاثة أرباع الحزب (59),الجزء الثلاثون
6,فَلْيَنْظُرِ الْإِنْسَانُ مِمَّ خُلِقَ , ثلاثة أرباع الحزب (59),الجزء الثلاثون
7,خُلِقَ مِنْ مَاءٍ دَافِقٍ, ثلاثة أرباع الحزب (59),الجزء الثلاثون
8,يَخْرُجُ مِنْ بَيْنِ الصُّلْبِ وَالتَّرَائِبِ , ثلاثة أرباع الحزب (59),الجزء الثلاثون
9,إِنَّهُ عَلَىٰ رَجْعِهِ لَقَادِرٌ , ثلاثة أرباع الحزب (59),الجزء الثلاثون
10,يَوْمَ تُبْلَى السَّرَائِرُ, ثلاثة أرباع الحزب (59),الجزء الثلاثون
11,فَمَا لَهُ مِنْ قُوَّةٍ وَلَا نَاصِرٍ , ثلاثة أرباع الحزب (59),الجزء الثلاثون
12,وَالسَّمَاءِ ذَاتِ الرَّجْعِ , ثلاثة أرباع الحزب (59),الجزء الثلاثون
13,وَالْأَرْضِ ذَاتِ الصَّدْعِ , ثلاثة أرباع الحزب (59),الجزء الثلاثون
14,إِنَّهُ لَقَوْلٌ فَصْلٌ, ثلاثة أرباع الحزب (59),الجزء الثلاثون
15,وَمَا هُوَ بِالْهَزْلِ , ثلاثة أرباع الحزب (59),الجزء الثلاثون
16,إِنَّهُمْ يَكِيدُونَ كَيْدًا, ثلاثة أرباع الحزب (59),الجزء الثلاثون
17,وَأَكِيدُ كَيْدًا , ثلاثة أرباع الحزب (59),الجزء الثلاثون
18,فَمَهِّلِ الْكَافِرِينَ أَمْهِلْهُمْ رُوَيْدًا, ثلاثة أرباع الحزب (59),الجزء الثلاثون
