﻿1,بِسْمِ اللَّهِ الرَّحْمَنِ الرَّحِيم, الحزب (60),الجزء الثلاثون
2,سَبِّحِ اسْمَ رَبِّكَ الْأَعْلَى ۞ , الحزب (60),الجزء الثلاثون
3,الَّذِي خَلَقَ فَسَوَّىٰ , الحزب (60),الجزء الثلاثون
4,وَالَّذِي قَدَّرَ فَهَدَىٰ , الحزب (60),الجزء الثلاثون
5,وَالَّذِي أَخْرَجَ الْمَرْعَىٰ , الحزب (60),الجزء الثلاثون
6,فَجَعَلَهُ غُثَاءً أَحْوَىٰ, الحزب (60),الجزء الثلاثون
7,سَنُقْرِئُكَ فَلَا تَنْسَىٰ , الحزب (60),الجزء الثلاثون
8,إِلَّا مَا شَاءَ اللَّهُ ۚ إِنَّهُ يَعْلَمُ الْجَهْرَ وَمَا يَخْفَىٰ, الحزب (60),الجزء الثلاثون
9,وَنُيَسِّرُكَ لِلْيُسْرَىٰ , الحزب (60),الجزء الثلاثون
10,فَذَكِّرْ إِنْ نَفَعَتِ الذِّكْرَىٰ, الحزب (60),الجزء الثلاثون
11,سَيَذَّكَّرُ مَنْ يَخْشَىٰ , الحزب (60),الجزء الثلاثون
12,وَيَتَجَنَّبُهَا الْأَشْقَى, الحزب (60),الجزء الثلاثون
13,الَّذِي يَصْلَى النَّارَ الْكُبْرَىٰ , الحزب (60),الجزء الثلاثون
14,ثُمَّ لَا يَمُوتُ فِيهَا وَلَا يَحْيَىٰ , الحزب (60),الجزء الثلاثون
15,قَدْ أَفْلَحَ مَنْ تَزَكَّىٰ , الحزب (60),الجزء الثلاثون
16,وَذَكَرَ اسْمَ رَبِّهِ فَصَلَّىٰ , الحزب (60),الجزء الثلاثون
17,بَلْ تُؤْثِرُونَ الْحَيَاةَ الدُّنْيَا , الحزب (60),الجزء الثلاثون
18,وَالْآخِرَةُ خَيْرٌ وَأَبْقَىٰ , الحزب (60),الجزء الثلاثون
19,إِنَّ هَٰذَا لَفِي الصُّحُفِ الْأُولَىٰ , الحزب (60),الجزء الثلاثون
20,صُحُفِ إِبْرَاهِيمَ وَمُوسَىٰ, الحزب (60),الجزء الثلاثون
