﻿1,بِسْمِ اللَّهِ الرَّحْمَنِ الرَّحِيم, الحزب (60),الجزء الثلاثون
2,هَلْ أَتَاكَ حَدِيثُ الْغَاشِيَةِ , الحزب (60),الجزء الثلاثون
3,وُجُوهٌ يَوْمَئِذٍ خَاشِعَةٌ , الحزب (60),الجزء الثلاثون
4,عَامِلَةٌ نَاصِبَةٌ, الحزب (60),الجزء الثلاثون
5,تَصْلَىٰ نَارًا حَامِيَةً, الحزب (60),الجزء الثلاثون
6,تُسْقَىٰ مِنْ عَيْنٍ آنِيَةٍ , الحزب (60),الجزء الثلاثون
7,لَيْسَ لَهُمْ طَعَامٌ إِلَّا مِنْ ضَرِيعٍ , الحزب (60),الجزء الثلاثون
8,لَا يُسْمِنُ وَلَا يُغْنِي مِنْ جُوعٍ , الحزب (60),الجزء الثلاثون
9,وُجُوهٌ يَوْمَئِذٍ نَاعِمَةٌ , الحزب (60),الجزء الثلاثون
10,لِسَعْيِهَا رَاضِيَةٌ , الحزب (60),الجزء الثلاثون
11,فِي جَنَّةٍ عَالِيَةٍ, الحزب (60),الجزء الثلاثون
12,لَا تَسْمَعُ فِيهَا لَاغِيَةً , الحزب (60),الجزء الثلاثون
13,فِيهَا عَيْنٌ جَارِيَةٌ , الحزب (60),الجزء الثلاثون
14,فِيهَا سُرُرٌ مَرْفُوعَةٌ , الحزب (60),الجزء الثلاثون
15,وَأَكْوَابٌ مَوْضُوعَةٌ , الحزب (60),الجزء الثلاثون
16,وَنَمَارِقُ مَصْفُوفَةٌ , الحزب (60),الجزء الثلاثون
17,وَزَرَابِيُّ مَبْثُوثَةٌ , الحزب (60),الجزء الثلاثون
18,أَفَلَا يَنْظُرُونَ إِلَى الْإِبِلِ كَيْفَ خُلِقَتْ , الحزب (60),الجزء الثلاثون
19,وَإِلَى السَّمَاءِ كَيْفَ رُفِعَتْ , الحزب (60),الجزء الثلاثون
20,وَإِلَى الْجِبَالِ كَيْفَ نُصِبَتْ , الحزب (60),الجزء الثلاثون
21,وَإِلَى الْأَرْضِ كَيْفَ سُطِحَتْ , الحزب (60),الجزء الثلاثون
22,فَذَكِّرْ إِنَّمَا أَنْتَ مُذَكِّرٌ , الحزب (60),الجزء الثلاثون
23,لَسْتَ عَلَيْهِمْ بِمُصَيْطِرٍ, الحزب (60),الجزء الثلاثون
24,إِلَّا مَنْ تَوَلَّىٰ وَكَفَرَ , الحزب (60),الجزء الثلاثون
25,فَيُعَذِّبُهُ اللَّهُ الْعَذَابَ الْأَكْبَرَ, الحزب (60),الجزء الثلاثون
26,إِنَّ إِلَيْنَا إِيَابَهُمْ , الحزب (60),الجزء الثلاثون
27,ثُمَّ إِنَّ عَلَيْنَا حِسَابَهُمْ, الحزب (60),الجزء الثلاثون
