﻿1,بِسْمِ اللَّهِ الرَّحْمَنِ الرَّحِيم, الحزب (60),الجزء الثلاثون
2,وَالْفَجْرِ , الحزب (60),الجزء الثلاثون
3,وَلَيَالٍ عَشْرٍ , الحزب (60),الجزء الثلاثون
4,وَالشَّفْعِ وَالْوَتْرِ , الحزب (60),الجزء الثلاثون
5,وَاللَّيْلِ إِذَا يَسْرِ, الحزب (60),الجزء الثلاثون
6,هَلْ فِي ذَٰلِكَ قَسَمٌ لِذِي حِجْرٍ , الحزب (60),الجزء الثلاثون
7,أَلَمْ تَرَ كَيْفَ فَعَلَ رَبُّكَ بِعَادٍ , الحزب (60),الجزء الثلاثون
8,إِرَمَ ذَاتِ الْعِمَادِ, الحزب (60),الجزء الثلاثون
9,الَّتِي لَمْ يُخْلَقْ مِثْلُهَا فِي الْبِلَادِ , الحزب (60),الجزء الثلاثون
10,وَثَمُودَ الَّذِينَ جَابُوا الصَّخْرَ بِالْوَادِ, الحزب (60),الجزء الثلاثون
11,وَفِرْعَوْنَ ذِي الْأَوْتَادِ , الحزب (60),الجزء الثلاثون
12,الَّذِينَ طَغَوْا فِي الْبِلَادِ , الحزب (60),الجزء الثلاثون
13,فَأَكْثَرُوا فِيهَا الْفَسَادَ , الحزب (60),الجزء الثلاثون
14,فَصَبَّ عَلَيْهِمْ رَبُّكَ سَوْطَ عَذَابٍ , الحزب (60),الجزء الثلاثون
15,إِنَّ رَبَّكَ لَبِالْمِرْصَادِ, الحزب (60),الجزء الثلاثون
16,فَأَمَّا الْإِنْسَانُ إِذَا مَا ابْتَلَاهُ رَبُّهُ فَأَكْرَمَهُ وَنَعَّمَهُ فَيَقُولُ رَبِّي أَكْرَمَنِ, الحزب (60),الجزء الثلاثون
17,وَأَمَّا إِذَا مَا ابْتَلَاهُ فَقَدَرَ عَلَيْهِ رِزْقَهُ فَيَقُولُ رَبِّي أَهَانَنِ , الحزب (60),الجزء الثلاثون
18,كَلَّا ۖ بَلْ لَا تُكْرِمُونَ الْيَتِيمَ , الحزب (60),الجزء الثلاثون
19,وَلَا تَحَاضُّونَ عَلَىٰ طَعَامِ الْمِسْكِينِ, الحزب (60),الجزء الثلاثون
20,وَتَأْكُلُونَ التُّرَاثَ أَكْلًا لَمًّا , الحزب (60),الجزء الثلاثون
21,وَتُحِبُّونَ الْمَالَ حُبًّا جَمًّا, الحزب (60),الجزء الثلاثون
22,كَلَّا إِذَا دُكَّتِ الْأَرْضُ دَكًّا دَكًّا , الحزب (60),الجزء الثلاثون
23,وَجَاءَ رَبُّكَ وَالْمَلَكُ صَفًّا صَفًّا , الحزب (60),الجزء الثلاثون
24,وَجِيءَ يَوْمَئِذٍ بِجَهَنَّمَ ۚ يَوْمَئِذٍ يَتَذَكَّرُ الْإِنْسَانُ وَأَنَّىٰ لَهُ الذِّكْرَىٰ, الحزب (60),الجزء الثلاثون
25,يَقُولُ يَا لَيْتَنِي قَدَّمْتُ لِحَيَاتِي , الحزب (60),الجزء الثلاثون
26,فَيَوْمَئِذٍ لَا يُعَذِّبُ عَذَابَهُ أَحَدٌ, الحزب (60),الجزء الثلاثون
27,وَلَا يُوثِقُ وَثَاقَهُ أَحَدٌ , الحزب (60),الجزء الثلاثون
28,يَا أَيَّتُهَا النَّفْسُ الْمُطْمَئِنَّةُ , الحزب (60),الجزء الثلاثون
29,ارْجِعِي إِلَىٰ رَبِّكِ رَاضِيَةً مَرْضِيَّةً , الحزب (60),الجزء الثلاثون
30,فَادْخُلِي فِي عِبَادِي , الحزب (60),الجزء الثلاثون
31,وَادْخُلِي جَنَّتِي, الحزب (60),الجزء الثلاثون
