﻿1,بِسْمِ اللَّهِ الرَّحْمَنِ الرَّحِيم, ربع الحزب (60),الجزء الثلاثون
2,۞ لَا أُقْسِمُ بِهَٰذَا الْبَلَدِ , ربع الحزب (60),الجزء الثلاثون
3,وَأَنْتَ حِلٌّ بِهَٰذَا الْبَلَدِ , ربع الحزب (60),الجزء الثلاثون
4,وَوَالِدٍ وَمَا وَلَدَ, ربع الحزب (60),الجزء الثلاثون
5,لَقَدْ خَلَقْنَا الْإِنْسَانَ فِي كَبَدٍ, ربع الحزب (60),الجزء الثلاثون
6,أَيَحْسَبُ أَنْ لَنْ يَقْدِرَ عَلَيْهِ أَحَدٌ , ربع الحزب (60),الجزء الثلاثون
7,يَقُولُ أَهْلَكْتُ مَالًا لُبَدًا , ربع الحزب (60),الجزء الثلاثون
8,أَيَحْسَبُ أَنْ لَمْ يَرَهُ أَحَدٌ , ربع الحزب (60),الجزء الثلاثون
9,أَلَمْ نَجْعَلْ لَهُ عَيْنَيْنِ , ربع الحزب (60),الجزء الثلاثون
10,وَلِسَانًا وَشَفَتَيْنِ , ربع الحزب (60),الجزء الثلاثون
11,وَهَدَيْنَاهُ النَّجْدَيْنِ , ربع الحزب (60),الجزء الثلاثون
12,فَلَا اقْتَحَمَ الْعَقَبَةَ , ربع الحزب (60),الجزء الثلاثون
13,وَمَا أَدْرَاكَ مَا الْعَقَبَةُ , ربع الحزب (60),الجزء الثلاثون
14,فَكُّ رَقَبَةٍ , ربع الحزب (60),الجزء الثلاثون
15,أَوْ إِطْعَامٌ فِي يَوْمٍ ذِي مَسْغَبَةٍ , ربع الحزب (60),الجزء الثلاثون
16,يَتِيمًا ذَا مَقْرَبَةٍ , ربع الحزب (60),الجزء الثلاثون
17,أَوْ مِسْكِينًا ذَا مَتْرَبَةٍ , ربع الحزب (60),الجزء الثلاثون
18,ثُمَّ كَانَ مِنَ الَّذِينَ آمَنُوا وَتَوَاصَوْا بِالصَّبْرِ وَتَوَاصَوْا بِالْمَرْحَمَةِ , ربع الحزب (60),الجزء الثلاثون
19,أُولَٰئِكَ أَصْحَابُ الْمَيْمَنَةِ , ربع الحزب (60),الجزء الثلاثون
20,وَالَّذِينَ كَفَرُوا بِآيَاتِنَا هُمْ أَصْحَابُ الْمَشْأَمَةِ , ربع الحزب (60),الجزء الثلاثون
21,عَلَيْهِمْ نَارٌ مُؤْصَدَةٌ, ربع الحزب (60),الجزء الثلاثون
