﻿1,بِسْمِ اللَّهِ الرَّحْمَنِ الرَّحِيم, ربع الحزب (60),الجزء الثلاثون
2,وَالشَّمْسِ وَضُحَاهَا , ربع الحزب (60),الجزء الثلاثون
3,وَالْقَمَرِ إِذَا تَلَاهَا , ربع الحزب (60),الجزء الثلاثون
4,وَالنَّهَارِ إِذَا جَلَّاهَا, ربع الحزب (60),الجزء الثلاثون
5,وَاللَّيْلِ إِذَا يَغْشَاهَا , ربع الحزب (60),الجزء الثلاثون
6,وَالسَّمَاءِ وَمَا بَنَاهَا , ربع الحزب (60),الجزء الثلاثون
7,وَالْأَرْضِ وَمَا طَحَاهَا , ربع الحزب (60),الجزء الثلاثون
8,وَنَفْسٍ وَمَا سَوَّاهَا , ربع الحزب (60),الجزء الثلاثون
9,فَأَلْهَمَهَا فُجُورَهَا وَتَقْوَاهَا , ربع الحزب (60),الجزء الثلاثون
10,قَدْ أَفْلَحَ مَنْ زَكَّاهَا , ربع الحزب (60),الجزء الثلاثون
11,وَقَدْ خَابَ مَنْ دَسَّاهَا, ربع الحزب (60),الجزء الثلاثون
12,كَذَّبَتْ ثَمُودُ بِطَغْوَاهَا , ربع الحزب (60),الجزء الثلاثون
13,إِذِ انْبَعَثَ أَشْقَاهَا, ربع الحزب (60),الجزء الثلاثون
14,فَقَالَ لَهُمْ رَسُولُ اللَّهِ نَاقَةَ اللَّهِ وَسُقْيَاهَا , ربع الحزب (60),الجزء الثلاثون
15,فَكَذَّبُوهُ فَعَقَرُوهَا فَدَمْدَمَ عَلَيْهِمْ رَبُّهُمْ بِذَنْبِهِمْ فَسَوَّاهَا , ربع الحزب (60),الجزء الثلاثون
16,وَلَا يَخَافُ عُقْبَاهَا, ربع الحزب (60),الجزء الثلاثون
