﻿1,بِسْمِ اللَّهِ الرَّحْمَنِ الرَّحِيم, ربع الحزب (60),الجزء الثلاثون
2,وَاللَّيْلِ إِذَا يَغْشَىٰ , ربع الحزب (60),الجزء الثلاثون
3,وَالنَّهَارِ إِذَا تَجَلَّىٰ , ربع الحزب (60),الجزء الثلاثون
4,وَمَا خَلَقَ الذَّكَرَ وَالْأُنْثَىٰ, ربع الحزب (60),الجزء الثلاثون
5,إِنَّ سَعْيَكُمْ لَشَتَّىٰ , ربع الحزب (60),الجزء الثلاثون
6,فَأَمَّا مَنْ أَعْطَىٰ وَاتَّقَىٰ , ربع الحزب (60),الجزء الثلاثون
7,وَصَدَّقَ بِالْحُسْنَىٰ, ربع الحزب (60),الجزء الثلاثون
8,فَسَنُيَسِّرُهُ لِلْيُسْرَىٰ , ربع الحزب (60),الجزء الثلاثون
9,وَأَمَّا مَنْ بَخِلَ وَاسْتَغْنَىٰ , ربع الحزب (60),الجزء الثلاثون
10,وَكَذَّبَ بِالْحُسْنَىٰ, ربع الحزب (60),الجزء الثلاثون
11,فَسَنُيَسِّرُهُ لِلْعُسْرَىٰ, ربع الحزب (60),الجزء الثلاثون
12,وَمَا يُغْنِي عَنْهُ مَالُهُ إِذَا تَرَدَّىٰ , ربع الحزب (60),الجزء الثلاثون
13,إِنَّ عَلَيْنَا لَلْهُدَىٰ , ربع الحزب (60),الجزء الثلاثون
14,وَإِنَّ لَنَا لَلْآخِرَةَ وَالْأُولَىٰ, ربع الحزب (60),الجزء الثلاثون
15,فَأَنْذَرْتُكُمْ نَارًا تَلَظَّىٰ, ربع الحزب (60),الجزء الثلاثون
16,لَا يَصْلَاهَا إِلَّا الْأَشْقَى , ربع الحزب (60),الجزء الثلاثون
17,الَّذِي كَذَّبَ وَتَوَلَّىٰ , ربع الحزب (60),الجزء الثلاثون
18,وَسَيُجَنَّبُهَا الْأَتْقَى , ربع الحزب (60),الجزء الثلاثون
19,الَّذِي يُؤْتِي مَالَهُ يَتَزَكَّىٰ , ربع الحزب (60),الجزء الثلاثون
20,وَمَا لِأَحَدٍ عِنْدَهُ مِنْ نِعْمَةٍ تُجْزَىٰ, ربع الحزب (60),الجزء الثلاثون
21,إِلَّا ابْتِغَاءَ وَجْهِ رَبِّهِ الْأَعْلَىٰ, ربع الحزب (60),الجزء الثلاثون
22,وَلَسَوْفَ يَرْضَىٰ, ربع الحزب (60),الجزء الثلاثون
