﻿1,بِسْمِ اللَّهِ الرَّحْمَنِ الرَّحِيم, ربع الحزب (60),الجزء الثلاثون
2,وَالضُّحَىٰ , ربع الحزب (60),الجزء الثلاثون
3,وَاللَّيْلِ إِذَا سَجَىٰ , ربع الحزب (60),الجزء الثلاثون
4,مَا وَدَّعَكَ رَبُّكَ وَمَا قَلَىٰ , ربع الحزب (60),الجزء الثلاثون
5,وَلَلْآخِرَةُ خَيْرٌ لَكَ مِنَ الْأُولَىٰ , ربع الحزب (60),الجزء الثلاثون
6,وَلَسَوْفَ يُعْطِيكَ رَبُّكَ فَتَرْضَىٰ, ربع الحزب (60),الجزء الثلاثون
7,أَلَمْ يَجِدْكَ يَتِيمًا فَآوَىٰ, ربع الحزب (60),الجزء الثلاثون
8,وَوَجَدَكَ ضَالًّا فَهَدَىٰ , ربع الحزب (60),الجزء الثلاثون
9,وَوَجَدَكَ عَائِلًا فَأَغْنَىٰ, ربع الحزب (60),الجزء الثلاثون
10,فَأَمَّا الْيَتِيمَ فَلَا تَقْهَرْ, ربع الحزب (60),الجزء الثلاثون
11,وَأَمَّا السَّائِلَ فَلَا تَنْهَرْ , ربع الحزب (60),الجزء الثلاثون
12,وَأَمَّا بِنِعْمَةِ رَبِّكَ فَحَدِّثْ, ربع الحزب (60),الجزء الثلاثون
