﻿1,بِسْمِ اللَّهِ الرَّحْمَنِ الرَّحِيم, نصف الحزب (60),الجزء الثلاثون
2,۞ أَلَمْ نَشْرَحْ لَكَ صَدْرَكَ , نصف الحزب (60),الجزء الثلاثون
3,وَوَضَعْنَا عَنْكَ وِزْرَكَ, نصف الحزب (60),الجزء الثلاثون
4,الَّذِي أَنْقَضَ ظَهْرَكَ, نصف الحزب (60),الجزء الثلاثون
5,وَرَفَعْنَا لَكَ ذِكْرَكَ , نصف الحزب (60),الجزء الثلاثون
6,فَإِنَّ مَعَ الْعُسْرِ يُسْرًا , نصف الحزب (60),الجزء الثلاثون
7,إِنَّ مَعَ الْعُسْرِ يُسْرًا, نصف الحزب (60),الجزء الثلاثون
8,فَإِذَا فَرَغْتَ فَانْصَبْ, نصف الحزب (60),الجزء الثلاثون
9,وَإِلَىٰ رَبِّكَ فَارْغَبْ, نصف الحزب (60),الجزء الثلاثون
