﻿1,بِسْمِ اللَّهِ الرَّحْمَنِ الرَّحِيم, نصف الحزب (60),الجزء الثلاثون
2,وَالتِّينِ وَالزَّيْتُونِ , نصف الحزب (60),الجزء الثلاثون
3,وَطُورِ سِينِينَ , نصف الحزب (60),الجزء الثلاثون
4,وَهَٰذَا الْبَلَدِ الْأَمِينِ , نصف الحزب (60),الجزء الثلاثون
5,لَقَدْ خَلَقْنَا الْإِنْسَانَ فِي أَحْسَنِ تَقْوِيمٍ , نصف الحزب (60),الجزء الثلاثون
6,ثُمَّ رَدَدْنَاهُ أَسْفَلَ سَافِلِينَ , نصف الحزب (60),الجزء الثلاثون
7,إِلَّا الَّذِينَ آمَنُوا وَعَمِلُوا الصَّالِحَاتِ فَلَهُمْ أَجْرٌ غَيْرُ مَمْنُونٍ , نصف الحزب (60),الجزء الثلاثون
8,فَمَا يُكَذِّبُكَ بَعْدُ بِالدِّينِ , نصف الحزب (60),الجزء الثلاثون
9,أَلَيْسَ اللَّهُ بِأَحْكَمِ الْحَاكِمِينَ, نصف الحزب (60),الجزء الثلاثون
