﻿1,بسْمِ اللَّهِ الرَّحْمَنِ الرَّحِيمِ , نصف الحزب (60),الجزء الثلاثون
2,اقْرَأْ بِاسْمِ رَبِّكَ الَّذِي خَلَقَ , نصف الحزب (60),الجزء الثلاثون
3,خَلَقَ الْإِنسَانَ مِنْ عَلَقٍ , نصف الحزب (60),الجزء الثلاثون
4,اقْرَأْ وَرَبُّكَ الْأَكْرَمُ , نصف الحزب (60),الجزء الثلاثون
5,الَّذِي عَلَّمَ بِالْقَلَمِ , نصف الحزب (60),الجزء الثلاثون
6,عَلَّمَ الْإِنسَانَ مَا لَمْ يَعْلَمْ , نصف الحزب (60),الجزء الثلاثون
7,كَلَّا إِنَّ الْإِنسَانَ لَيَطْغَى , نصف الحزب (60),الجزء الثلاثون
8,أَن رَّآهُ اسْتَغْنَى , نصف الحزب (60),الجزء الثلاثون
9,إِنَّ إِلَى رَبِّكَ الرُّجْعَى , نصف الحزب (60),الجزء الثلاثون
10,أَرَأَيْتَ الَّذِي يَنْهَى , نصف الحزب (60),الجزء الثلاثون
11,عَبْدًا إِذَا صَلَّى , نصف الحزب (60),الجزء الثلاثون
12,أَرَأَيْتَ إِن كَانَ عَلَى الْهُدَى , نصف الحزب (60),الجزء الثلاثون
13,أَوْ أَمَرَ بِالتَّقْوَى , نصف الحزب (60),الجزء الثلاثون
14,أَرَأَيْتَ إِن كَذَّبَ وَتَوَلَّى , نصف الحزب (60),الجزء الثلاثون
15,أَلَمْ يَعْلَمْ بِأَنَّ اللَّهَ يَرَى , نصف الحزب (60),الجزء الثلاثون
16,كَلَّا لَئِن لَّمْ يَنتَهِ لَنَسْفَعًا بِالنَّاصِيَةِ , نصف الحزب (60),الجزء الثلاثون
17,نَاصِيَةٍ كَاذِبَةٍ خَاطِئَةٍ , نصف الحزب (60),الجزء الثلاثون
18,فَلْيَدْعُ نَادِيَه , نصف الحزب (60),الجزء الثلاثون
19,سَنَدْعُ الزَّبَانِيَةَ , نصف الحزب (60),الجزء الثلاثون
20,كَلَّا لَا تُطِعْهُ وَاسْجُدْ وَاقْتَرِبْ ۩, نصف الحزب (60),الجزء الثلاثون
