﻿1,بسْمِ اللَّهِ الرَّحْمَنِ الرَّحِيمِ , نصف الحزب (60),الجزء الثلاثون
2,إِنَّا أَنزَلْنَاهُ فِي لَيْلَةِ الْقَدْرِ , نصف الحزب (60),الجزء الثلاثون
3,وَمَا أَدْرَاكَ مَا لَيْلَةُ الْقَدْرِ , نصف الحزب (60),الجزء الثلاثون
4,لَيْلَةُ الْقَدْرِ خَيْرٌ مِّنْ أَلْفِ شَهْرٍ , نصف الحزب (60),الجزء الثلاثون
5,تَنَزَّلُ الْمَلَائِكَةُ وَالرُّوحُ فِيهَا بِإِذْنِ رَبِّهِم مِّن كُلِّ أَمْرٍ , نصف الحزب (60),الجزء الثلاثون
6,سَلَامٌ هِيَ حَتَّى مَطْلَعِ الْفَجْرِ , نصف الحزب (60),الجزء الثلاثون
