﻿1,بسْمِ اللَّهِ الرَّحْمَنِ الرَّحِيمِ , نصف الحزب (60),الجزء الثلاثون
2,لَمْ يَكُنِ الَّذِينَ كَفَرُوا مِنْ أَهْلِ الْكِتَابِ وَالْمُشْرِكِينَ مُنفَكِّينَ حَتَّى تَأْتِيَهُمُ الْبَيِّنَةُ , نصف الحزب (60),الجزء الثلاثون
3,رَسُولٌ مِّنَ اللَّهِ يَتْلُو صُحُفًا مُّطَهَّرَةً , نصف الحزب (60),الجزء الثلاثون
4,فِيهَا كُتُبٌ قَيِّمَةٌ , نصف الحزب (60),الجزء الثلاثون
5,وَمَا تَفَرَّقَ الَّذِينَ أُوتُوا الْكِتَابَ إِلَّا مِن بَعْدِ مَا جَاءتْهُمُ الْبَيِّنَةُ , نصف الحزب (60),الجزء الثلاثون
6,وَمَا أُمِرُوا إِلَّا لِيَعْبُدُوا اللَّهَ مُخْلِصِينَ لَهُ الدِّينَ حُنَفَاء وَيُقِيمُوا الصَّلَاةَ وَيُؤْتُوا الزَّكَاةَ وَذَلِكَ دِينُ الْقَيِّمَةِ , نصف الحزب (60),الجزء الثلاثون
7,إِنَّ الَّذِينَ كَفَرُوا مِنْ أَهْلِ الْكِتَابِ وَالْمُشْرِكِينَ فِي نَارِ جَهَنَّمَ خَالِدِينَ فِيهَا أُوْلَئِكَ هُمْ شَرُّ الْبَرِيَّةِ , نصف الحزب (60),الجزء الثلاثون
8,إِنَّ الَّذِينَ آمَنُوا وَعَمِلُوا الصَّالِحَاتِ أُوْلَئِكَ هُمْ خَيْرُ الْبَرِيَّةِ , نصف الحزب (60),الجزء الثلاثون
9,جَزَاؤُهُمْ عِندَ رَبِّهِمْ جَنَّاتُ عَدْنٍ تَجْرِي مِن تَحْتِهَا الْأَنْهَارُ خَالِدِينَ فِيهَا أَبَدًا رَّضِيَ اللَّهُ عَنْهُمْ وَرَضُوا عَنْهُ ذَلِكَ لِمَنْ خَشِيَ رَبَّهُ , نصف الحزب (60),الجزء الثلاثون
