﻿1,بسْمِ اللَّهِ الرَّحْمَنِ الرَّحِيمِ , نصف الحزب (60),الجزء الثلاثون
2,إِذَا زُلْزِلَتِ الْأَرْضُ زِلْزَالَهَا , نصف الحزب (60),الجزء الثلاثون
3,وَأَخْرَجَتِ الْأَرْضُ أَثْقَالَهَا , نصف الحزب (60),الجزء الثلاثون
4,وَقَالَ الْإِنسَانُ مَا لَهَا , نصف الحزب (60),الجزء الثلاثون
5,يَوْمَئِذٍ تُحَدِّثُ أَخْبَارَهَا , نصف الحزب (60),الجزء الثلاثون
6,بِأَنَّ رَبَّكَ أَوْحَى لَهَا , نصف الحزب (60),الجزء الثلاثون
7,يَوْمَئِذٍ يَصْدُرُ النَّاسُ أَشْتَاتًا لِّيُرَوْا أَعْمَالَهُمْ , نصف الحزب (60),الجزء الثلاثون
8,فَمَن يَعْمَلْ مِثْقَالَ ذَرَّةٍ خَيْرًا يَرَهُ , نصف الحزب (60),الجزء الثلاثون
9,وَمَن يَعْمَلْ مِثْقَالَ ذَرَّةٍ شَرًّا يَرَهُ , نصف الحزب (60),الجزء الثلاثون
