﻿1,1soundlinks.csv,1aBd2cyaYT5-vki8917-mI7dPhRqF1erb,أسامة سيار
2,2soundlinks.csv,1hez3bpPEP_cewkaOHbuJefZdbhHcLuSH,محمد صديق المنشاوي
3,3soundlinks.csv,19pOcuRW498Svf8D3Hcy_wD-GCBFWdnGW,عبدالباسط عبدالصمد( مرتل)
4,4soundlinks.csv,1YDDSs41YnsA4jYtqrllrK6XCisJ7cXlL,سيد عدنان الحجي(تحت الإنشاء)
5,5soundlinks.csv,15CFzYnazKtSzhKt_3my4Jwuk8xm5oeV6,ميثم التمار
6,6soundlinks.csv,1lPNTvh9yGWc94CR0NNiKiCqWrsmZDG_z,محمود خليل الحصري
7,7soundlinks.csv,1Q7WRbbnv0H9e5lJfMnguahH3Y3fuApPl,عبدالله أبل
8,8soundlinks.csv,12j1tS98XCmtWruApIRL3Av581q1DIKED,جاسم آل باقر 
9,9soundlinks.csv,1etMrfAU2JqPVKbHfT3kF2rZYCIe1dv5E,عادل الكربلائي
10,10soundlinks.csv,1gTdjbS0UXP9DLbCcMo3RAbvhJyB-hon9,سعد الغامدي
11,11soundlinks.csv,1hcEbTbRzk33U5gaGNxY3UcgepVob1k1I,رافع العامري
12,12soundlinks.csv,1A99g0Jj_VUuZvFjWbG_UQoTXOq6_0tsu,عبدالباسط عبدالصمد(مجود)
13,13soundlinks.csv,1NNseqmaeddfGiqCS8FWYqdNDIChUG94m,سيد هاشم الشعلة(تحت الإنشاء)
14,14soundlinks.csv,1eb0MSWPZ1RYWGNwhdb_EXvQa7QdV4nuf,عامر الكاظمي
15,15soundlinks.csv,1EugWRvCE8rFLi3rvcRlkra3jY_Jw1TYM,عبدالهادي الكناكري
16,16soundlinks.csv,1c5niYoAKXpKHAIDWTMmCvZ33pd3Yj1JZ,ماهر المعيقلي
17,17soundlinks.csv,1JeMLN2-pSB8TkcUsFSV74ALgGw2vqK1l,وديع اليمني
18,18soundlinks.csv,1cSRj4j-pfZ0jYpn_56jOnM54yrsgPKw2,عباس البلوشي
